reference,degraded,moslqo,fvnsim0,fvnsim1,fvnsim2,fvnsim3,fvnsim4,fvnsim5,fvnsim6,fvnsim7,fvnsim8,fvnsim9,fvnsim10,fvnsim11,fvnsim12,fvnsim13,fvnsim14,fvnsim15,fvnsim16,fvnsim17,fvnsim18,fvnsim19,fvnsim20,fvnsim21,fvnsim22,fvnsim23,fvnsim24,fvnsim25,fvnsim26,fvnsim27,fvnsim28,fvnsim29,fvnsim30,fvnsim31,fvnsim10_0,fvnsim10_1,fvnsim10_2,fvnsim10_3,fvnsim10_4,fvnsim10_5,fvnsim10_6,fvnsim10_7,fvnsim10_8,fvnsim10_9,fvnsim10_10,fvnsim10_11,fvnsim10_12,fvnsim10_13,fvnsim10_14,fvnsim10_15,fvnsim10_16,fvnsim10_17,fvnsim10_18,fvnsim10_19,fvnsim10_20,fvnsim10_21,fvnsim10_22,fvnsim10_23,fvnsim10_24,fvnsim10_25,fvnsim10_26,fvnsim10_27,fvnsim10_28,fvnsim10_29,fvnsim10_30,fvnsim10_31,fstdnsim0,fstdnsim1,fstdnsim2,fstdnsim3,fstdnsim4,fstdnsim5,fstdnsim6,fstdnsim7,fstdnsim8,fstdnsim9,fstdnsim10,fstdnsim11,fstdnsim12,fstdnsim13,fstdnsim14,fstdnsim15,fstdnsim16,fstdnsim17,fstdnsim18,fstdnsim19,fstdnsim20,fstdnsim21,fstdnsim22,fstdnsim23,fstdnsim24,fstdnsim25,fstdnsim26,fstdnsim27,fstdnsim28,fstdnsim29,fstdnsim30,fstdnsim31,fvdegenergy0,fvdegenergy1,fvdegenergy2,fvdegenergy3,fvdegenergy4,fvdegenergy5,fvdegenergy6,fvdegenergy7,fvdegenergy8,fvdegenergy9,fvdegenergy10,fvdegenergy11,fvdegenergy12,fvdegenergy13,fvdegenergy14,fvdegenergy15,fvdegenergy16,fvdegenergy17,fvdegenergy18,fvdegenergy19,fvdegenergy20,fvdegenergy21,fvdegenergy22,fvdegenergy23,fvdegenergy24,fvdegenergy25,fvdegenergy26,fvdegenergy27,fvdegenergy28,fvdegenergy29,fvdegenergy30,fvdegenergy31
evaluation/westside_01/cbr_5ms_96k/master.wav,evaluation/westside_01/cbr_5ms_96k/rust.wav,3.42600963,0.998178403,0.999390594,0.995640457,0.997159994,0.995346715,0.997087182,0.996643004,0.995983076,0.996151868,0.997038972,0.996467065,0.992926524,0.99095807,0.987608605,0.987161206,0.980242016,0.984149934,0.981798151,0.982756844,0.99141863,0.992633173,0.994752247,0.996991442,0.996300888,0.99411369,0.970793128,0.903364086,0.68130939,0.455103953,0.287811973,0.135786336,0.418853516,0.995301217,0.997897434,0.978110432,0.990050507,0.980138471,0.995299543,0.994524841,0.992428897,0.990339825,0.991314455,0.99291609,0.981385289,0.970745486,0.970439433,0.967242134,0.886654033,0.9542719,0.967689266,0.964820587,0.984559159,0.982786078,0.985953979,0.993138984,0.993302979,0.989936546,0.941375225,0.716701331,0.426895458,0.0756201677,-0.314738461,-0.269952328,-0.347762342,0.00503957297,0.00323526036,0.0180268309,0.0085458877,0.0126225833,0.00161198373,0.00371436789,0.00544205263,0.00614106284,0.00489530953,0.00532615147,0.0131046112,0.016215483,0.0240563707,0.0240976479,0.0922927343,0.0317094842,0.0253125124,0.0275370758,0.0129269232,0.0113777091,0.0104538654,0.00509961008,0.00442112869,0.00321569854,0.0369864336,0.179984925,0.367953254,0.394709282,0.488230982,0.357547865,0.614509999,19.0082912,24.5201537,25.1496751,23.3624405,24.0025135,24.7242914,23.5470641,23.6992696,24.3783919,24.0383957,24.7673532,23.5660328,24.3813652,24.5702541,25.1218565,23.3995034,22.1741987,21.4682367,21.4827374,20.6143664,19.0394868,17.8770313,15.5218183,12.5572757,9.71232329,7.85534607,6.33823335,4.72637161,2.37186403,1.3205379,1.30376339,1.54308065
evaluation/westside_01/cbr_5ms_96k/master.wav,evaluation/westside_01/cbr_5ms_96k/c.wav,3.435886,0.99846484,0.999520684,0.995008336,0.997393888,0.995551299,0.997308414,0.996897018,0.996824541,0.996220488,0.996470303,0.995998211,0.993141128,0.989679769,0.986409617,0.98792207,0.984647653,0.984708714,0.977726076,0.978804343,0.991345999,0.992668935,0.995207154,0.997104241,0.996365179,0.994114147,0.972708072,0.90344323,0.681436945,0.457725302,0.29153908,0.144209826,0.430761491,0.995068238,0.999019304,0.964364038,0.988739383,0.98410294,0.995442058,0.995728626,0.993609003,0.992937664,0.991559654,0.992266308,0.982744035,0.970632706,0.971383447,0.968097,0.934321399,0.96593625,0.957139852,0.943134632,0.979343778,0.984321814,0.989267373,0.992265574,0.99472143,0.990953383,0.937891856,0.718894594,0.415198564,0.0718556748,-0.34496082,-0.260019635,-0.369548993,0.00525799215,0.00269803511,0.027559807,0.00882038325,0.00804976111,0.00252721958,0.00326285011,0.00386402545,0.00562919534,0.00872117106,0.00820123278,0.00521799685,0.017655363,0.0244963706,0.0220184249,0.041225066,0.0245579758,0.0315990545,0.0423465022,0.0135720656,0.0116780627,0.00881876923,0.00527160825,0.00196232077,0,0.0335123069,0.182400172,0.367805899,0.394006778,0.495452418,0.35917143,0.606630602,19.0194694,24.5275042,25.1579976,23.3636221,24.0175108,24.7287815,23.5389438,23.7019676,24.3765941,24.0393812,24.7762077,23.5466303,24.3803086,24.5749483,25.1233494,23.3996126,22.1748158,21.4697012,21.4799231,20.6014777,19.048107,17.889509,15.5103248,12.5468269,9.70743099,7.86509451,6.32878176,4.70784409,2.39336574,1.34443737,1.28756656,1.54075375
evaluation/westside_01/cbr_5ms_128k/master.wav,evaluation/westside_01/cbr_5ms_128k/rust.wav,4.21527644,0.999006476,0.999696901,0.99861149,0.998844699,0.997993559,0.998515705,0.99840057,0.998234133,0.997847948,0.998354627,0.998732619,0.99781332,0.997049135,0.995592676,0.994288596,0.993394496,0.989435486,0.986312735,0.990048165,0.996306446,0.997166268,0.997748819,0.998914315,0.998525009,0.997604731,0.994158997,0.978075283,0.913478238,0.950663632,0.89680156,0.379658232,0.358863292,0.997112178,0.998811723,0.994135587,0.995806262,0.993374929,0.996560666,0.997002552,0.996307943,0.993765658,0.993702434,0.997484213,0.996191813,0.989802015,0.990564837,0.981032747,0.98364245,0.979839936,0.979963568,0.979940573,0.993080028,0.993875029,0.994248309,0.997682585,0.997114176,0.996557423,0.988475072,0.939424992,0.821885572,0.901629226,0.821263826,0.141419523,-0.328725938,0.00441596242,0.00231328343,0.00650219238,0.00419447024,0.00291237823,0.000912668389,0,0.000743485291,0,0,0.00191213718,0.00261170111,0.00581367515,0.00740839991,0.0235420048,0.0140421434,0.0150410833,0.0175254298,0.012580959,0.00561287646,0.00571021384,0.00542056638,0.00197958949,0.00201417708,0.00197290278,0.00685174577,0.0387317147,0.151590128,0.0689152265,0.0888392615,0.258279125,0.634395189,19.0217053,24.5418133,25.1106286,23.3567086,24.0257973,24.7345131,23.5366919,23.6893416,24.3879768,24.0459116,24.8068951,23.5608574,24.3625492,24.5338462,25.0922508,23.358281,22.2036566,21.4413967,21.4447786,20.5784743,18.9758266,17.8250271,15.4119702,12.4098485,9.48213716,7.62719606,6.20513901,5.04373222,4.33024697,2.17848118,1.3750631,1.49489451
evaluation/westside_01/cbr_5ms_128k/master.wav,evaluation/westside_01/cbr_5ms_128k/c.wav,4.21825089,0.999037297,0.999712204,0.998515318,0.998712627,0.998365584,0.998747474,0.998584456,0.998508857,0.998038296,0.998530917,0.998514483,0.997469374,0.996921844,0.995322714,0.99442749,0.99357805,0.990268659,0.987543565,0.989297389,0.995977461,0.996842021,0.997688111,0.998847332,0.998501629,0.997657662,0.993888278,0.978216983,0.913352389,0.948950845,0.898774869,0.378310385,0.373314715,0.99618879,0.998737169,0.995005492,0.9951888,0.99602345,0.997446013,0.997493506,0.99771195,0.9940384,0.996442448,0.997002584,0.995258817,0.992690951,0.987639484,0.989467188,0.985651729,0.980889184,0.979853733,0.977020435,0.990887209,0.992671059,0.994628844,0.997734321,0.996756386,0.996443593,0.987432105,0.929739589,0.783996899,0.885333764,0.825235665,0.162327682,-0.345811318,0.00441462219,0.00242967384,0.00659837774,0.00467613815,0.00192982143,0.00111472176,0,0.000587747135,0.00462920564,0.000715090796,0,0,0.00250683152,0.00688365078,0.0131277221,0.0119422563,0.016820751,0.0140692265,0.0141770429,0.00850189862,0.00750733249,0.00557129181,0.0025219634,0.00251300745,0.00290622966,0.00797399896,0.0384714322,0.147309671,0.0745632335,0.089913795,0.248056454,0.620429674,18.9937971,24.5455873,25.1228211,23.3706842,24.0306625,24.7485905,23.5246558,23.6944356,24.3852815,24.0096379,24.7873242,23.5550495,24.3636614,24.5464226,25.1056797,23.3552986,22.1984789,21.4475385,21.4352055,20.5541277,18.9565479,17.8109912,15.3895337,12.4227917,9.52731976,7.66917759,6.24165871,5.0783271,4.36361489,2.21268621,1.38250919,1.49722789
evaluation/westside_01/cbr_5ms_192k/master.wav,evaluation/westside_01/cbr_5ms_192k/rust.wav,4.68433988,0.999677439,0.999891462,0.999397058,0.999380501,0.999198895,0.99945442,0.999409465,0.999268018,0.999202954,0.999477007,0.999432889,0.999035149,0.998194513,0.99721761,0.997191311,0.997623082,0.996850016,0.995289229,0.99701281,0.998623556,0.998473478,0.999103227,0.999544073,0.999494568,0.999192129,0.997516254,0.990921931,0.971197156,0.994223805,0.987682385,0.98569995,0.946270194,0.99903781,0.999625594,0.997626479,0.997083341,0.997268508,0.998910962,0.998470945,0.998645424,0.998065629,0.998759551,0.998567858,0.99789604,0.993054235,0.994023656,0.993454441,0.990789698,0.992667901,0.984018515,0.994675605,0.997412108,0.996552274,0.997307909,0.998804335,0.998949463,0.998904253,0.995554909,0.973190897,0.910884557,0.987112144,0.979932445,0.965418223,0.838902212,0.00198362051,0.00132159787,0.00380981019,0.00306697109,0,0,0,0.00198333161,0.00184294283,0.000426520192,0.00117041297,0,0.00456383424,0.00566538158,0.00815946673,0.00696635286,0.00577139899,0.0128489719,0.00392161443,0.00309396085,0.00366747911,0.00290107831,0.00150257378,0.00151284067,0,0,0.0166637494,0.0555715653,0.00387768877,0.0154539249,0.0299075913,0.144900657,18.9972196,24.5538339,25.1357694,23.3928081,24.0293909,24.7635894,23.5520226,23.676621,24.3549417,24.0331701,24.7746015,23.5239873,24.3378943,24.5423327,25.1176063,23.3405664,22.1455614,21.401223,21.3912072,20.5694763,18.9682247,17.7943978,15.40672,12.4310332,9.52663323,7.65275688,6.21360436,5.04711465,4.42597129,1.91748818,0.0938054216,1.12736944
evaluation/westside_01/cbr_5ms_192k/master.wav,evaluation/westside_01/cbr_5ms_192k/c.wav,4.68460893,0.999743501,0.999911837,0.999550999,0.999510327,0.999348362,0.999470271,0.999437698,0.99925601,0.999201489,0.999443685,0.999355403,0.998881169,0.99832339,0.997257519,0.99738594,0.997494402,0.997296831,0.996075862,0.9966653,0.998607653,0.998427815,0.999109858,0.999539903,0.999500852,0.999184787,0.997515539,0.990899821,0.971954939,0.994275387,0.987369693,0.985085868,0.947037682,0.999136543,0.999707974,0.998763831,0.998372761,0.998176576,0.999137709,0.998847867,0.998580851,0.997759655,0.99860718,0.998264622,0.997393401,0.995627026,0.993617595,0.991680168,0.986848316,0.994269001,0.992848324,0.992600505,0.997169671,0.996533217,0.997233013,0.998565654,0.99897667,0.998808681,0.995094814,0.973825396,0.919575157,0.989327474,0.973142597,0.962229889,0.843649011,0.00182004823,0.00115708973,0.00292908626,0.00222114593,0,0.00108709422,0.00108194808,0.0025228829,0.00239729642,0.00153365059,0.00162223141,0,0.000879043852,0.00592293195,0.00713162117,0.008216092,0.00379695571,0.00727247467,0.00544954665,0.00328862398,0.00407539137,0.00295868963,0.00162524037,0.001679417,0,0,0.0171555044,0.053286394,0.00399241208,0.0179764443,0.0317448422,0.145611029,18.9981717,24.5534912,25.1703083,23.4053851,24.0421931,24.7503749,23.5532759,23.6860615,24.3632786,24.0309599,24.7666931,23.5162895,24.3365425,24.5453289,25.1100756,23.3429475,22.1575721,21.4128365,21.4068775,20.5491152,18.9524778,17.7839327,15.4294102,12.4618907,9.56644182,7.69929017,6.25065924,5.07450636,4.44196687,1.92051456,0.0943482483,1.12730589
evaluation/westside_01/cbr_20ms_96k/master.wav,evaluation/westside_01/cbr_20ms_96k/rust.wav,3.23075098,0.995702487,0.998816704,0.994713244,0.995284605,0.992507699,0.993091044,0.992684213,0.990887258,0.992111169,0.995621766,0.995278451,0.992624797,0.990133888,0.991160542,0.993035522,0.9928597,0.991126381,0.991090915,0.992172432,0.996616208,0.997571372,0.998530306,0.998911688,0.998624276,0.997171696,0.992039231,0.936402169,0.636855602,0.323225823,0.128890548,0.051438153,0.325756335,0.983173815,0.997031275,0.97858495,0.988175098,0.984550682,0.987377506,0.987483584,0.979542392,0.981667331,0.987720929,0.983096515,0.983764398,0.969327431,0.980012262,0.977486487,0.978536727,0.982845851,0.979086897,0.983954508,0.992059572,0.994331241,0.997141389,0.997963552,0.996000149,0.995521342,0.983539545,0.800597799,0.282618397,0.0245031878,-0.433544023,-0.276400828,-0.39302371,0.0117775912,0.00471697176,0.0155674377,0.010067637,0.0103766306,0.0120318781,0.013119931,0.019658239,0.0162454246,0.00785294828,0.0162102427,0.0113520209,0.0188607801,0.0161977197,0.0185830916,0.0163926148,0.0147383831,0.0161088765,0.0107344934,0.00648813691,0.0046440109,0.00361831428,0.00226903142,0.00213612409,0.00127666479,0.00879766215,0.099713843,0.41320156,0.390962449,0.512063017,0.379440865,0.63645935,19.0864634,24.5303179,25.1561186,23.3817262,24.015526,24.7456092,23.5480915,23.6996149,24.40155,24.0569199,24.7865231,23.5663646,24.3409354,24.5547425,25.0982115,23.3644407,22.173604,21.4523622,21.4324545,20.5615182,18.9916151,17.8431082,15.4556263,12.4838607,9.59468603,7.72018289,6.27889952,4.61087548,1.82206298,1.13042687,1.4670345,1.57648802
evaluation/westside_01/cbr_20ms_96k/master.wav,evaluation/westside_01/cbr_20ms_96k/c.wav,3.23086479,0.995644307,0.998815882,0.994042128,0.995004962,0.992210369,0.992927761,0.992678876,0.990800013,0.991896732,0.995521544,0.995214066,0.992532183,0.990168845,0.991280145,0.993230895,0.992783332,0.9908304,0.990845602,0.990906338,0.996497943,0.997499761,0.998565682,0.998916779,0.998622383,0.997171411,0.992153986,0.937133196,0.63685215,0.323317837,0.129993258,0.0490311815,0.326298522,0.982265234,0.997205931,0.970616704,0.984879311,0.984591842,0.987425602,0.987477505,0.979105686,0.981196085,0.98718598,0.982908481,0.98367998,0.968959754,0.980554362,0.977772495,0.976864482,0.982810504,0.979088002,0.970455824,0.992056196,0.994329639,0.997142919,0.998050531,0.996113719,0.995634516,0.983729785,0.809354682,0.281887326,0.0251354533,-0.427694346,-0.274868816,-0.373014635,0.0118888122,0.00462708578,0.0200620203,0.0114001374,0.0112102315,0.0122008238,0.0131322408,0.0197362165,0.0171381612,0.00810997021,0.0162752219,0.0114417122,0.0188080215,0.016154485,0.0181078914,0.0164460558,0.0157332976,0.0161910569,0.0197746887,0.00658425632,0.00480462055,0.0034276031,0.00191020311,0.00193469942,0.00175628503,0.00823739504,0.0984644291,0.413154641,0.390615155,0.51036566,0.379849379,0.63258153,19.0891622,24.5317958,25.1556535,23.3814929,24.013833,24.7415026,23.5464255,23.7028152,24.4037172,24.0610861,24.7851187,23.5635072,24.3409998,24.554175,25.0983486,23.3639963,22.1727924,21.4526712,21.4286914,20.5580873,18.9958012,17.8433913,15.4543954,12.4825785,9.59325309,7.71989213,6.27813572,4.6111929,1.8200688,1.13159544,1.47424505,1.57750809
evaluation/westside_01/cbr_20ms_128k/master.wav,evaluation/westside_01/cbr_20ms_128k/rust.wav,4.27132284,0.997502349,0.999167119,0.996969763,0.996967052,0.994366074,0.996184812,0.99591148,0.995741066,0.996302261,0.997517238,0.997862788,0.995690131,0.994893006,0.99509554,0.996292261,0.996423314,0.995375964,0.99472722,0.994349836,0.99770317,0.998114712,0.99902173,0.999396969,0.999188119,0.998609104,0.996690351,0.984983014,0.947867975,0.982185133,0.905194201,0.397472662,0.379671541,0.986358394,0.997208982,0.991412909,0.990303727,0.977938144,0.992110044,0.990229765,0.989084337,0.992668327,0.993981622,0.995917084,0.989771107,0.988313433,0.984450611,0.988547177,0.984470687,0.99084133,0.992150184,0.985974217,0.993770039,0.995178724,0.99810408,0.998585159,0.99873701,0.997748548,0.991975559,0.928841532,0.732282145,0.959169904,0.798588425,0.139294281,-0.358308792,0.00854266449,0.0044986562,0.00888017161,0.00732975769,0.0147601976,0.00339479651,0.00289261516,0.00689770464,0.00504825566,0.00471156207,0.00486605471,0.00654528698,0.00743912269,0.00945104912,0.00978509673,0.0125239812,0.0074654042,0.00528913074,0.0139703167,0.0038219712,0.0046762442,0.00256363799,0.00199144572,0.000878237717,0,0.00150516067,0.0426641455,0.12615774,0.0257924512,0.0916477879,0.296078148,0.61158721,19.0384984,24.5453475,25.176302,23.387927,24.0288216,24.7449313,23.556609,23.6966994,24.3818872,24.0456454,24.7775809,23.5583969,24.3477773,24.5380691,25.1146091,23.3472646,22.1618889,21.4407086,21.4259831,20.5603041,18.9599152,17.7982957,15.402344,12.4396774,9.54909543,7.67585727,6.25087175,5.06202561,4.40085681,2.13484715,1.39557293,1.53190494
evaluation/westside_01/cbr_20ms_128k/master.wav,evaluation/westside_01/cbr_20ms_128k/c.wav,4.27159522,0.997571335,0.99918585,0.996768541,0.996983363,0.994375053,0.996195214,0.995879235,0.995736663,0.996422764,0.99753569,0.997823561,0.995740794,0.994990193,0.995012019,0.996293188,0.996431459,0.995342609,0.994767589,0.994869796,0.997718937,0.998077218,0.999022105,0.999402245,0.999177942,0.99856668,0.996642909,0.984882818,0.947914183,0.982202941,0.905705204,0.398097779,0.379026585,0.987183471,0.997262575,0.98815002,0.990305344,0.978330115,0.992028968,0.990226022,0.988989501,0.992663831,0.99380907,0.995599754,0.989843372,0.989431361,0.983990336,0.989415543,0.984380372,0.990680565,0.992200855,0.986668767,0.993794042,0.995169959,0.99813295,0.998549107,0.998693233,0.997724288,0.991964416,0.928292459,0.733149896,0.959959368,0.798881174,0.140351431,-0.357125484,0.00828457137,0.00437212739,0.0101383601,0.00738698555,0.0147775044,0.00332725188,0.00305583977,0.00685174166,0.0048937811,0.00468649254,0.00494725749,0.0064854546,0.00708273735,0.00971522515,0.00963885966,0.0127520763,0.00725076612,0.00508269785,0.0078359256,0.00379662173,0.00480455302,0.00257943868,0.00197197175,0.000860816986,0,0.00203029022,0.0429941382,0.125436047,0.0254151689,0.0913700554,0.295971693,0.61115553,19.0384414,24.5456227,25.1757891,23.3878183,24.0290086,24.7472608,23.5588438,23.6982996,24.3828489,24.0458013,24.7768765,23.5582504,24.3453172,24.5336298,25.1133125,23.3459732,22.1620869,21.4394411,21.4241661,20.5556721,18.9608214,17.7973558,15.40037,12.437038,9.54664384,7.67548119,6.2509138,5.06178515,4.39976649,2.13537865,1.39304403,1.53197747
evaluation/westside_01/cbr_20ms_192k/master.wav,evaluation/westside_01/cbr_20ms_192k/rust.wav,4.70028485,0.998498376,0.999483437,0.997135101,0.998112171,0.997716937,0.998012404,0.997925346,0.997301482,0.99764926,0.998584178,0.998687225,0.998181249,0.997174445,0.997004937,0.997682704,0.998217321,0.997741085,0.997124235,0.997929411,0.998888278,0.998980219,0.999512524,0.999778432,0.999671423,0.999385164,0.998259148,0.994877323,0.985851105,0.997013278,0.995229584,0.993529624,0.940340755,0.994177917,0.997683653,0.987687321,0.992656191,0.991782736,0.99542397,0.995565113,0.99260161,0.994854202,0.99694189,0.996279489,0.996701722,0.989959002,0.990976354,0.993985745,0.992350921,0.995437912,0.99364386,0.995992471,0.997154942,0.997121492,0.99911667,0.999637071,0.999100674,0.998671108,0.996707957,0.984772512,0.958030291,0.995561861,0.990259771,0.984566758,0.739441968,0.00582223582,0.00368251965,0.0106895659,0.00573120581,0,0.00155376159,0,0.00620520785,0.00150208853,0.00314222571,0.00419035838,0,0.00601763676,0.0064471576,0.0083464019,0.00585544577,0.0044444988,0.00511669091,0,0.00271372365,0.00310115673,0.0016208448,0.0011328624,0.00134329011,0.000953214468,0,0.00905223584,0.0247302574,0,0.00479169236,0.01372572,0.148592572,19.0134244,24.5876964,25.1900691,23.4155927,24.0370198,24.8100032,23.6074257,23.6848183,24.3444434,24.0293722,24.7629519,23.5327366,24.3302632,24.5224562,25.0886184,23.3180131,22.129932,21.398982,21.3801643,20.5707963,18.9301777,17.7656835,15.3775981,12.4010204,9.50297176,7.63574809,6.1829611,5.0277866,4.44477732,2.02428029,0.078397743,1.07749705
evaluation/westside_01/cbr_20ms_192k/master.wav,evaluation/westside_01/cbr_20ms_192k/c.wav,4.7003231,0.998497,0.99946652,0.997264599,0.998126687,0.997756489,0.998029462,0.997972622,0.997399789,0.997670503,0.998619428,0.998793446,0.998245488,0.997231271,0.997231333,0.997790019,0.998258491,0.997774386,0.99713391,0.997941307,0.998907823,0.998981737,0.999525814,0.99977853,0.99967783,0.999380561,0.998298776,0.994962644,0.985896644,0.996987443,0.995045877,0.993496674,0.940533289,0.994155389,0.997584107,0.990216907,0.992675329,0.992215776,0.995575564,0.995545112,0.993357653,0.995219122,0.996998116,0.996288002,0.996864115,0.989623713,0.99078942,0.994157067,0.992184845,0.995457743,0.993813521,0.995934452,0.997802738,0.997099338,0.99910113,0.999606363,0.999101712,0.998668371,0.996697115,0.984548419,0.958028833,0.995317167,0.990395918,0.984205298,0.743356497,0.00585036477,0.00377881312,0.00965541651,0.00568273828,0,0.00168946066,0,0.00533953233,0.00153808625,0.00287144592,0.00365969519,0,0.00588244805,0.00618910256,0.00811500961,0.00609900246,0.00473876084,0.00516692795,0,0.00230834529,0.00313919206,0.00160726098,0.00122260932,0.0012511163,0.000775757681,0,0.0087274216,0.0249910952,0,0.00521235878,0.0138629606,0.147816237,18.9974525,24.5564093,25.1218493,23.3744267,24.0268222,24.7621088,23.5564122,23.6545203,24.3517553,24.0564331,24.79568,23.5396388,24.3395255,24.5318136,25.1010076,23.3169003,22.1328783,21.3957943,21.3895066,20.5800664,18.9551701,17.7756909,15.3899621,12.3895745,9.45497994,7.58952787,6.13674739,4.99208219,4.40923721,1.96210535,0.0634300652,1.07316939
evaluation/westside_01/vbr_5ms_96k/master.wav,evaluation/westside_01/vbr_5ms_96k/rust.wav,3.41922811,0.998270391,0.99937441,0.995899132,0.997530669,0.996583598,0.997522583,0.99703145,0.996177718,0.996387574,0.997091657,0.996408128,0.993133798,0.990715018,0.987330247,0.988532557,0.984818778,0.984542904,0.979241792,0.980916477,0.990612634,0.991757293,0.995050939,0.996929491,0.996408293,0.994715511,0.971397306,0.90544322,0.685579055,0.458644446,0.286375468,0.106742319,0.413644448,0.991101607,0.996627275,0.975444917,0.994588131,0.989991793,0.994994491,0.993499396,0.98659617,0.990676117,0.991103971,0.988835018,0.984778752,0.967159639,0.952782538,0.962430919,0.913468588,0.958349265,0.947785566,0.951598997,0.983628663,0.978472501,0.985452689,0.992322103,0.994209431,0.992001873,0.938484288,0.710565031,0.414314096,0.0788657686,-0.341763931,-0.271676882,-0.274826442,0.00662154673,0.0041406092,0.0184670972,0.00614718292,0.00460041871,0.00191997381,0.00214400626,0.0113550171,0.00614144005,0.00659929967,0.0103255687,0.0130833081,0.0194911789,0.0373964342,0.0260207695,0.0698080768,0.024991095,0.0316395032,0.0342501818,0.0134964882,0.0140555537,0.00894985438,0.00564823332,0.0053592888,0.00181505669,0.0379668489,0.176666307,0.365688891,0.396371852,0.493312109,0.358546843,0.618777328,19.0306144,24.5259682,25.1643894,23.3612634,23.9973445,24.7167709,23.5402889,23.6964058,24.373453,24.0531315,24.7753077,23.554228,24.3683874,24.5760136,25.146813,23.4066049,22.2026557,21.4818468,21.4767514,20.6174892,19.0631628,17.8905238,15.5227676,12.5314007,9.70905214,7.87970899,6.3557214,4.72580019,2.385173,1.27873181,1.33939477,1.5324561
evaluation/westside_01/vbr_5ms_96k/master.wav,evaluation/westside_01/vbr_5ms_96k/c.wav,3.430403,0.998135113,0.999295102,0.996896873,0.997773059,0.996144663,0.997412615,0.996876022,0.996451459,0.996169216,0.996993859,0.996558806,0.993540798,0.990463262,0.988903383,0.988626911,0.983077748,0.986197846,0.980014444,0.982446421,0.991841978,0.992101784,0.99534763,0.997434074,0.996675516,0.994334792,0.970073223,0.902105285,0.686380433,0.459449417,0.288666887,0.117103659,0.444124132,0.991842926,0.996331062,0.982991081,0.994732396,0.99013066,0.994982372,0.992244765,0.99333899,0.99085884,0.991302559,0.993275306,0.987861338,0.971367641,0.966540085,0.962987532,0.912562656,0.973829049,0.970174761,0.964357192,0.985283788,0.979650878,0.988126016,0.993667548,0.994016516,0.990341941,0.940180993,0.710502198,0.420519007,0.0654557231,-0.328979646,-0.279671912,-0.186058337,0.00707687047,0.0042904921,0.0118443624,0.00610909262,0.00678306456,0.00353267543,0.00447481594,0.0058100225,0.00421899219,0.00570886582,0.00713376436,0.00760000444,0.0167263538,0.0259099134,0.0236851364,0.0622556104,0.0203835595,0.0335833762,0.0286367049,0.0118751496,0.0157441505,0.00914694688,0.00395646612,0.00438030876,0.00188904304,0.0367726484,0.182096964,0.365427582,0.398180943,0.486194335,0.365017812,0.594380709,19.0358417,24.5267154,25.1546324,23.3574596,24.002872,24.716859,23.5411161,23.70308,24.3747056,24.0399472,24.7812627,23.556031,24.383388,24.5718646,25.1343549,23.4013927,22.1968716,21.4814026,21.4843506,20.6074405,19.0413245,17.886896,15.5183683,12.533076,9.70393071,7.85308933,6.34791996,4.70266138,2.36829318,1.26260606,1.30595565,1.52865906
evaluation/westside_01/vbr_5ms_128k/master.wav,evaluation/westside_01/vbr_5ms_128k/rust.wav,4.22155898,0.998884657,0.99975344,0.998529081,0.998786831,0.99784716,0.998569052,0.998441504,0.998542318,0.997827247,0.99848715,0.998557018,0.997859638,0.997090201,0.996178781,0.994211681,0.99409403,0.989748587,0.985314888,0.989538569,0.996647352,0.996985495,0.997580837,0.998775343,0.998657735,0.997994701,0.994441346,0.97929711,0.908802763,0.95529318,0.900230906,0.375090401,0.381551503,0.993857744,0.999129827,0.995147047,0.997071359,0.991446483,0.996192246,0.997409625,0.997426945,0.99376204,0.996356485,0.996033076,0.995413867,0.993033343,0.991979287,0.985726522,0.980415625,0.974362685,0.971584331,0.979496513,0.993230649,0.994812543,0.993149391,0.996343838,0.99745874,0.997170138,0.989280812,0.947303118,0.730005789,0.85890607,0.835506781,0.12155912,-0.329510053,0.00582750669,0.00198170614,0.00595700972,0.00288641015,0,0.00126734277,0.00122178444,0,0.00416421537,0.00271234028,0.00324704418,0.00176999189,0,0.00525625614,0.0193296938,0.0129165876,0.0170156657,0.0208350215,0.019617168,0.00508232408,0.00580846367,0.00459461641,0.0023226425,0,0,0.00192703152,0.0366659796,0.183482678,0.0690768151,0.0870945308,0.247785962,0.6220744,19.0315799,24.5413985,25.1574417,23.3823152,24.024219,24.7302559,23.5619185,23.6862102,24.3873466,24.0651979,24.8095724,23.5564113,24.3548062,24.5398279,25.0901619,23.3449294,22.1975204,21.4567573,21.4634652,20.579035,18.9937441,17.848602,15.4571743,12.4765762,9.54075845,7.70025212,6.26884856,5.08146936,4.35972082,2.17997396,1.3950311,1.50373684
evaluation/westside_01/vbr_5ms_128k/master.wav,evaluation/westside_01/vbr_5ms_128k/c.wav,4.22286492,0.998929783,0.999702142,0.998552421,0.998867933,0.998037624,0.998576065,0.998438852,0.998454282,0.998051551,0.998359086,0.998531362,0.997751218,0.996992551,0.995862599,0.994557822,0.992695201,0.989936543,0.985516663,0.989758643,0.996177319,0.997060045,0.997563259,0.998614384,0.998670947,0.998071073,0.994777777,0.978524562,0.915180131,0.959379958,0.902166491,0.377170402,0.358353512,0.995155842,0.999079412,0.993763634,0.996616407,0.991689383,0.997066652,0.997100615,0.997438367,0.996435234,0.993733562,0.997320864,0.995621977,0.991088592,0.990216613,0.986576773,0.964945482,0.973378189,0.966586793,0.981371434,0.991830392,0.994047538,0.993021701,0.996847749,0.997112065,0.996540913,0.989239986,0.932923135,0.763743863,0.900794432,0.835360732,0.147983948,-0.376110227,0.00552186404,0.0023205723,0.00625470342,0.00304743659,0,0.0016129533,0.00205387405,0.00190242834,0,0.0045178011,0.0033165437,0.0019227073,0.00358169722,0.00697713724,0.0118477268,0.0203688532,0.0150779698,0.0204641789,0.0164772586,0.00762025475,0.00588646719,0.00523588943,0.00313919458,0.00150868563,0,0,0.0360533123,0.160089082,0.0554540564,0.0876131124,0.253882164,0.637347556,19.031828,24.5324008,25.1613863,23.3859736,24.0192695,24.7364322,23.5495905,23.7085589,24.3867939,24.0492175,24.7907098,23.555566,24.3579076,24.5384981,25.1004104,23.3695128,22.2087817,21.4685257,21.4659085,20.5765422,18.9963027,17.848028,15.450227,12.4877278,9.59759512,7.74271147,6.31359668,5.11919088,4.40163525,2.18177348,1.39281374,1.49974478
evaluation/westside_01/vbr_5ms_192k/master.wav,evaluation/westside_01/vbr_5ms_192k/rust.wav,4.6831419,0.999674335,0.999907292,0.999469594,0.999483622,0.999223385,0.999520946,0.999463545,0.999342108,0.999295109,0.99945334,0.999406021,0.998937171,0.998463927,0.997479473,0.997542008,0.997530425,0.997026085,0.996199007,0.99703825,0.998537266,0.99869508,0.999126057,0.999569539,0.999444842,0.999120677,0.997292316,0.991935498,0.970993876,0.993266786,0.985914748,0.985248933,0.946104224,0.998817725,0.999746297,0.997767602,0.997977315,0.997339255,0.999139979,0.999061334,0.998605001,0.998234389,0.998805717,0.998391325,0.997223184,0.994965733,0.993865917,0.99179144,0.987882643,0.99261723,0.993932291,0.995242169,0.996892989,0.997367775,0.997751275,0.998842042,0.999100065,0.998570047,0.994084925,0.973042737,0.911039451,0.986879328,0.976854614,0.963006413,0.831201599,0.00211219644,0.00117689541,0.00356117958,0.0025363613,0,0,0,0,0,0.000197156295,0.000947127492,0,0.00159039054,0.00481747021,0.0069270612,0.00841908698,0.00431912883,0.00592257999,0.00364584812,0.00349977114,0.00324996957,0.00260868017,0.00156470329,0.00153969916,0,0,0.0137860826,0.0546916019,0.00727914069,0.0213525755,0.0291904102,0.145465599,19.000583,24.5566112,25.1681137,23.4061204,24.044775,24.7546697,23.5538311,23.6923807,24.3689597,24.028569,24.7708456,23.5196233,24.3337449,24.5395865,25.1088994,23.3339065,22.1487784,21.4206109,21.4096461,20.5560712,18.9462205,17.7875754,15.4281284,12.4541086,9.56746246,7.70143463,6.24337524,5.05751694,4.40777201,1.90606141,0.0933845129,1.13012431
evaluation/westside_01/vbr_5ms_192k/master.wav,evaluation/westside_01/vbr_5ms_192k/c.wav,4.68624698,0.999703765,0.999906676,0.999428791,0.999468594,0.999221943,0.999408357,0.999321462,0.999307541,0.999319628,0.999473837,0.999446248,0.998963142,0.998486858,0.997329008,0.997226351,0.997113564,0.997064162,0.996003559,0.996675531,0.998459493,0.998509531,0.999122856,0.999610943,0.999591607,0.999115205,0.997290382,0.992353005,0.972773347,0.993262245,0.987606547,0.986647262,0.949254143,0.998901732,0.99972004,0.997584603,0.997938464,0.997543416,0.998828723,0.998802189,0.998580172,0.9981133,0.998761204,0.998685476,0.996813011,0.9954984,0.993635607,0.989949286,0.986232466,0.992668744,0.991779103,0.993169167,0.997198686,0.996991782,0.998497986,0.999148357,0.999389055,0.998497876,0.992844711,0.977785706,0.911457419,0.985967607,0.978202371,0.963924136,0.831665975,0.00204911529,0.00121000303,0.00360996042,0.00272165005,0.00236115933,0,0,0.00159216012,0,0.000624301199,0,0,0.00249223386,0.00490830171,0.00719822696,0.00913729634,0.00478264772,0.00895362413,0.00586285777,0.00186244031,0.00290597015,0.00255262089,0.00164164657,0.000666316427,0,0,0.0135786274,0.0500247013,0.00751671922,0.0138676073,0.0254833507,0.138954673,18.9956818,24.5558782,25.1701596,23.4066611,24.0399198,24.7551019,23.5501705,23.6852096,24.3633676,24.0284521,24.7723554,23.5210042,24.3406737,24.5429791,25.1126785,23.3358626,22.1537211,21.4147235,21.4109025,20.5500211,18.9515604,17.7870671,15.4273691,12.4586081,9.5720032,7.70161343,6.24831393,5.05754026,4.41891842,1.91783748,0.0914470591,1.12912929
evaluation/westside_01/vbr_20ms_96k/master.wav,evaluation/westside_01/vbr_20ms_96k/rust.wav,3.23791182,0.995624389,0.998840524,0.99453655,0.995044693,0.992421753,0.992478304,0.992636454,0.990867476,0.992082435,0.995955531,0.9961514,0.992403462,0.989192215,0.990627782,0.992470508,0.992698659,0.99104986,0.989417183,0.991812581,0.996669101,0.997082942,0.998558291,0.998940303,0.998462639,0.99710959,0.991252546,0.937177777,0.637901571,0.324274399,0.130751424,0.0597705493,0.334804044,0.985027072,0.997193891,0.974370669,0.983611593,0.984930385,0.986792901,0.987978996,0.97480759,0.983203961,0.98959559,0.993276521,0.982351577,0.96017625,0.972305429,0.972685853,0.966166049,0.977683175,0.96692299,0.980962922,0.993030216,0.992291803,0.997382615,0.997766307,0.996071865,0.994585864,0.981592242,0.804345951,0.287594671,0.0248782689,-0.431435697,-0.285504788,-0.389870442,0.0114714768,0.00463072165,0.0165736655,0.0119606956,0.00987939463,0.0129980162,0.0100377671,0.0213180896,0.0148682085,0.0065852646,0.00719202145,0.0101007877,0.0217288524,0.0182403103,0.0229050817,0.0195703898,0.0159969328,0.0268737793,0.0116545751,0.00649203881,0.00817723092,0.00337215744,0.00178831812,0.00220535784,0,0.00862273671,0.097578869,0.408974726,0.390501787,0.511113838,0.384231981,0.629269998,19.0966115,24.5287962,25.1564043,23.3796563,24.0092306,24.743502,23.5459279,23.7088705,24.3970015,24.0520395,24.7893284,23.5850867,24.3445272,24.549681,25.0971381,23.3598104,22.1785989,21.4457616,21.4290601,20.5558385,18.9859266,17.8400806,15.4505696,12.4796899,9.59096778,7.72154626,6.287446,4.61914854,1.81811468,1.13986349,1.45822361,1.56443037
evaluation/westside_01/vbr_20ms_96k/master.wav,evaluation/westside_01/vbr_20ms_96k/c.wav,3.23473558,0.99555823,0.998816862,0.994120619,0.995076688,0.99220269,0.993033874,0.992476844,0.990675203,0.992922294,0.996122791,0.996398826,0.992811161,0.989438976,0.989392407,0.992381073,0.991617041,0.991470115,0.990405512,0.99159599,0.996496676,0.99726259,0.998513482,0.998947589,0.998490976,0.996871369,0.991256315,0.936368039,0.640309724,0.32387234,0.125491141,0.0534717498,0.337630219,0.984927152,0.997043616,0.969770084,0.985458158,0.985805959,0.98729364,0.984192793,0.976336149,0.985557929,0.990512714,0.992204407,0.982515138,0.966281093,0.971163192,0.978327541,0.960647274,0.981929538,0.981186023,0.985543869,0.992675962,0.993082918,0.997586259,0.997804594,0.995605815,0.99465885,0.98185864,0.806345805,0.291494356,0.0200868884,-0.460375504,-0.277470667,-0.387024727,0.0111634157,0.00474096516,0.0205894317,0.00953185552,0.0112902677,0.0111677678,0.00953406059,0.0203632275,0.0108377087,0.00634280191,0.00593019401,0.00868973388,0.0196516664,0.0214120711,0.0215876342,0.0290209822,0.0125857842,0.0142761582,0.0107147358,0.0066992443,0.00574571773,0.00381477861,0.00249658885,0.00271226951,0.00395311721,0.0115120819,0.104766822,0.406782638,0.391250718,0.516699531,0.381443931,0.621186027,19.1060684,24.5361932,25.1510701,23.3784201,24.0124898,24.7513455,23.539604,23.7120529,24.4038578,24.0470668,24.7949213,23.5643328,24.3467553,24.5536601,25.1007717,23.3736402,22.1792257,21.4558569,21.4306284,20.5650442,18.9919958,17.8440164,15.4528821,12.4881013,9.59253822,7.71588717,6.2744752,4.61265541,1.82416397,1.12719556,1.46386672,1.58051066
evaluation/westside_01/vbr_20ms_128k/master.wav,evaluation/westside_01/vbr_20ms_128k/rust.wav,4.26886692,0.997457545,0.999152484,0.996957569,0.99719991,0.99415994,0.995976294,0.995800132,0.995755014,0.995629865,0.997257659,0.997685268,0.996636637,0.995042449,0.994964201,0.995830496,0.99600019,0.99574652,0.994710367,0.995236689,0.997756953,0.998264865,0.998984783,0.999426639,0.99920585,0.998629248,0.996826077,0.985646551,0.945582189,0.980881948,0.90528564,0.38745375,0.390918898,0.985782127,0.997117462,0.986961388,0.987648128,0.980857641,0.99190581,0.989970122,0.988304942,0.990942753,0.993103973,0.992276469,0.993691393,0.988160059,0.985271148,0.987645435,0.979373675,0.99091069,0.991681861,0.990198666,0.994546857,0.996136083,0.998124351,0.998974569,0.998778614,0.997567645,0.992509961,0.944784518,0.769166648,0.969490471,0.820992022,0.124994154,-0.351325951,0.00866790555,0.00497554723,0.0108779617,0.00851477233,0.0163788591,0.00514790056,0.00489323131,0.00734803823,0.0073116988,0.00579410721,0.00651438624,0.0033741548,0.00634251844,0.00893400512,0.0133114378,0.0149977331,0.00637176224,0.00584632503,0.00571796623,0.00423827804,0.00382553437,0.00246860239,0.00194215712,0,0,0,0.0384459118,0.116338073,0.0282879628,0.0936528914,0.292585283,0.604085066,19.0342913,24.5380133,25.1734119,23.385202,24.0283027,24.7450467,23.5515442,23.7013023,24.3855709,24.044703,24.7843596,23.5574188,24.3479274,24.5411563,25.1182792,23.3426418,22.1589904,21.441963,21.4231756,20.5513052,18.9593477,17.7972258,15.4012611,12.4459023,9.54651935,7.67007743,6.24925728,5.06270348,4.39546511,2.14194564,1.37836084,1.52308732
evaluation/westside_01/vbr_20ms_128k/master.wav,evaluation/westside_01/vbr_20ms_128k/c.wav,4.28971904,0.997446387,0.999263912,0.996146886,0.99648993,0.993703808,0.995955217,0.995705971,0.995273231,0.995965492,0.997888984,0.997581214,0.995967336,0.994275817,0.994671118,0.99639274,0.996638104,0.995783861,0.99463621,0.995039485,0.997898816,0.998264361,0.998991075,0.999416131,0.999146904,0.998727592,0.996826326,0.984328062,0.946210868,0.981035528,0.906124169,0.416381835,0.430700485,0.984837208,0.997798781,0.979242103,0.987512637,0.979481167,0.992250639,0.989030532,0.983090207,0.990806794,0.99469173,0.990630179,0.990075388,0.982190962,0.984105603,0.987468572,0.985107204,0.989799123,0.99174763,0.989066648,0.994310254,0.995953496,0.998020832,0.998665158,0.998147214,0.99788139,0.991741855,0.929777398,0.743821144,0.966397961,0.813185101,0.125905272,-0.350452294,0.00877804347,0.00417607732,0.0132321372,0.00958920584,0.017492885,0.00360801877,0.0057816572,0.0101957082,0.0086374859,0.00392418554,0.00714657526,0.00854865544,0.00995250573,0.0091512518,0.00827011814,0.0103837812,0.00605935373,0.00611944786,0.00794595841,0.00375278287,0.00314496578,0.00252562023,0.00211478159,0.00136525193,0,0,0.0448153253,0.123188537,0.0343871433,0.092708557,0.291958231,0.584506535,19.0261003,24.5395925,25.1738734,23.3893677,24.0304295,24.7362286,23.5495361,23.7003613,24.3897365,24.0455741,24.7767451,23.5567664,24.3431879,24.543703,25.113845,23.3413882,22.1591126,21.4389802,21.4174613,20.5528449,18.9626988,17.7982467,15.4051074,12.4430194,9.54159106,7.67011474,6.25362006,5.06364005,4.40716154,2.1230456,1.32525483,1.51946754
evaluation/westside_01/vbr_20ms_192k/master.wav,evaluation/westside_01/vbr_20ms_192k/rust.wav,4.70004603,0.998469643,0.999478093,0.997439439,0.998196336,0.997475168,0.997918242,0.998033166,0.997400009,0.997609612,0.998658794,0.998823464,0.997982924,0.997253964,0.997423859,0.99787682,0.99815707,0.997793378,0.997341628,0.9979875,0.998848338,0.998828558,0.999412172,0.999776707,0.999707765,0.999406679,0.998420079,0.994934824,0.985579948,0.997051883,0.995255863,0.993193956,0.939863481,0.994611267,0.997482143,0.990406172,0.99340659,0.990576592,0.99328868,0.996682172,0.992445992,0.995860581,0.996448335,0.997137761,0.995988638,0.993000929,0.994780582,0.995228855,0.992810814,0.995319138,0.99523701,0.99582727,0.997956006,0.996715179,0.998648257,0.999568861,0.999165296,0.998701232,0.996319414,0.984653186,0.968101966,0.996137051,0.990540425,0.976013388,0.728994299,0.00557474626,0.00374076754,0.00927989459,0.00574198855,0.00063760003,0.00676988998,0.000691082953,0.00669321364,0.00261547298,0.00150494467,0.00286328442,0,0.00204688152,0.0045159486,0.00705680104,0.006072098,0.00373312297,0.0032956275,0,0.0029359756,0.00368029318,0.00213047269,0.000947683968,0.00079434244,0.000659958507,0,0.00991772167,0.0275813522,0.00184501727,0.00627111853,0.0208682273,0.154793618,19.025216,24.5451773,25.1287994,23.3508008,24.012347,24.7623027,23.5510936,23.688737,24.3595788,24.0674206,24.7834734,23.5481594,24.3391993,24.5300066,25.1128491,23.3303431,22.1357368,21.4115436,21.4053127,20.5960481,18.9823827,17.8278917,15.4256016,12.4369607,9.51756623,7.64440687,6.199051,5.04630535,4.45283825,1.98966027,0.0640355756,1.07798005
evaluation/westside_01/vbr_20ms_192k/master.wav,evaluation/westside_01/vbr_20ms_192k/c.wav,4.70021075,0.998811351,0.999573255,0.997279434,0.998067095,0.997279034,0.997771313,0.997805181,0.997516548,0.997586744,0.998419259,0.998682782,0.997852174,0.996878938,0.997089121,0.997888677,0.998154091,0.997689472,0.997068575,0.997725965,0.998944161,0.998926558,0.999393197,0.999775498,0.999662512,0.999373566,0.998529732,0.995446903,0.985294513,0.997033227,0.995533309,0.993353494,0.939533686,0.995282191,0.998374147,0.988569484,0.992324752,0.990480409,0.994752176,0.99459168,0.994627344,0.992570954,0.994621701,0.996189272,0.995360344,0.990791438,0.993698512,0.994265064,0.991324203,0.995811906,0.99443153,0.995625909,0.998159389,0.997068318,0.998472173,0.999634824,0.999029702,0.998704949,0.997445783,0.988752014,0.960530602,0.99465683,0.991516991,0.977699683,0.752232823,0.00448197527,0.00293444701,0.0101747915,0.00590296206,0.00307911855,0.00589476031,0.000545343804,0.00379532782,0,0.001396358,0.00332137636,0,0.00590676859,0.00618881032,0.00818312298,0.00643210743,0.00424397683,0.00445261007,0.00168632504,0.00150271886,0.00369889718,0.00225576741,0.00109878788,0.000993375447,0.000588644702,0,0.00771273269,0.0297120321,0.00069430948,0.00555548507,0.0205151437,0.15273108,19.0355712,24.5785847,25.1934227,23.3879318,24.031877,24.8101564,23.6222284,23.7083056,24.3485651,24.0479273,24.7624754,23.5399796,24.328897,24.5211393,25.0939869,23.3156762,22.1229881,21.4112187,21.3976898,20.5880639,18.9549378,17.8075425,15.4031982,12.4158407,9.49547432,7.63991904,6.20357201,5.04563262,4.44596786,2.01805391,0.0782206582,1.08317975
evaluation/westside_02/cbr_5ms_96k/master.wav,evaluation/westside_02/cbr_5ms_96k/rust.wav,4.37571608,0.994429348,0.998259083,0.996374049,0.998265636,0.997627033,0.995766236,0.996518199,0.994813806,0.993534018,0.992472555,0.991183993,0.989626094,0.984257045,0.977719451,0.975477113,0.972693611,0.971347535,0.975144056,0.976127489,0.976661345,0.985801618,0.979547564,0.983643284,0.985904487,0.984009784,0.965894572,0.954320594,0.922935574,0.916744916,0.871591382,0.81411191,0.583297641,0.985085162,0.996068753,0.977954833,0.993782068,0.993743533,0.987760657,0.992714678,0.987496184,0.981879706,0.980905757,0.96899258,0.975148704,0.96617943,0.957774326,0.953296933,0.953665662,0.938624749,0.957129411,0.960168703,0.947575525,0.970584991,0.950799588,0.971275978,0.96119675,0.957928308,0.905192853,0.866465152,0.713357526,0.636169785,0.498322475,0.316066276,-0.553581048,0.0128271304,0.00429108797,0.0117566205,0.00582471842,0.00715058511,0.0109329616,0.00563849435,0.010149327,0.0110464716,0.0162966245,0.0274128733,0.0165716467,0.0221882771,0.0291949218,0.0345471558,0.0498614392,0.0501539369,0.0349141382,0.0306097931,0.0514116318,0.0235812628,0.0437460419,0.024487913,0.0294222988,0.0418354356,0.0707874585,0.10873298,0.202643252,0.235026706,0.306143909,0.298232496,0.518373446,19.3952166,23.2161452,24.7712036,25.6977907,26.2874709,25.3483302,25.0024848,24.4578114,25.1343298,24.5929988,25.0924878,24.0533897,24.1041136,23.8546104,24.1168556,23.3625159,22.7222763,22.1156337,21.4952297,21.2269625,19.7682981,18.7587402,17.6517048,16.6155453,16.9269538,16.9437766,16.2307487,16.0058337,15.9467703,12.8185124,9.25483124,6.52035986
evaluation/westside_02/cbr_5ms_96k/master.wav,evaluation/westside_02/cbr_5ms_96k/c.wav,4.37111096,0.992871469,0.998321085,0.996736157,0.998671807,0.997536977,0.995502258,0.996165093,0.99368669,0.993673811,0.993191149,0.991064652,0.989079262,0.982873476,0.975638053,0.974782242,0.971300481,0.972133431,0.97707044,0.976177872,0.976874911,0.983785429,0.978138239,0.982998984,0.984803812,0.984613476,0.9649409,0.951892754,0.918964185,0.914725975,0.86735026,0.815251971,0.590210824,0.976643745,0.994560218,0.981987161,0.995747387,0.992734722,0.990741342,0.992156599,0.987150349,0.983718561,0.987181212,0.970737799,0.975088221,0.962705002,0.956696487,0.949776119,0.951565498,0.933665616,0.961876828,0.952234836,0.936060429,0.96555735,0.956343571,0.970921715,0.955551653,0.959794163,0.917603108,0.857215323,0.712408331,0.638355786,0.50504878,0.333403694,-0.492881541,0.0178149274,0.00391742833,0.00945846484,0.00355416939,0.00860486343,0.00945922247,0.00491418169,0.0165546529,0.00944587415,0.0124573038,0.0276285569,0.0189667536,0.023933558,0.0362196987,0.0416241126,0.0540672535,0.0510499462,0.0351954115,0.0356284094,0.0461952049,0.0251716319,0.0462265062,0.0262697707,0.0353279086,0.0319867792,0.0772285083,0.112876379,0.211623469,0.238526722,0.321210428,0.297311626,0.50849058,19.3951566,23.2079119,24.7630872,25.6979036,26.28736,25.3511162,25.0020542,24.4514348,25.1321252,24.5894695,25.0955131,24.0523079,24.1062005,23.8699083,24.1298722,23.3601712,22.725472,22.1097979,21.5326532,21.2448535,19.7797154,18.7511975,17.6567322,16.6091871,16.9102814,16.9226678,16.1993269,15.9928592,15.9320084,12.81952,9.24042609,6.50658791
evaluation/westside_02/cbr_5ms_128k/master.wav,evaluation/westside_02/cbr_5ms_128k/rust.wav,4.51729723,0.994642744,0.999061143,0.998195514,0.999118901,0.998625798,0.997906051,0.99782574,0.997445812,0.996278211,0.996715913,0.997098446,0.99596659,0.993699541,0.988644586,0.982868364,0.983223842,0.983123526,0.983743047,0.983845335,0.988278298,0.992288945,0.989170304,0.993935631,0.993499731,0.995314579,0.991636476,0.99323368,0.986723415,0.977545679,0.933236277,0.821629213,0.625053789,0.975916061,0.998086314,0.993733832,0.997853025,0.99609997,0.996043821,0.99436461,0.993279264,0.992342402,0.994420117,0.993992748,0.988256294,0.989116176,0.981212618,0.956746104,0.965435306,0.956847399,0.973154832,0.969228745,0.979846449,0.9843562,0.973084863,0.991863508,0.976481923,0.991912683,0.979392076,0.985181637,0.958876778,0.891738397,0.872133012,0.32988463,-0.510253554,0.0199938677,0.00186871272,0.0036013277,0.00309455864,0.00475638092,0.0030164599,0.00530402467,0.00590412883,0.00766280644,0.00564534185,0.00561278758,0.00958829774,0.00818593748,0.0147454661,0.0329811986,0.0280672261,0.0336208625,0.0265310659,0.02764836,0.0215864836,0.013677343,0.0217572299,0.00812724347,0.0202633859,0.00818471673,0.0240934399,0.0117109901,0.0284644872,0.0829705544,0.0740207257,0.239474588,0.535123371,19.392791,23.2168718,24.7904448,25.6977168,26.2868365,25.344989,25.0000038,24.4523764,25.1231559,24.578902,25.0861686,24.0952996,24.1203618,23.9013499,24.1480634,23.3667449,22.7279477,22.1094154,21.4627339,21.1679156,19.7371956,18.7712273,17.6184463,16.6242683,16.8844124,16.8782198,16.33861,16.1332935,16.0836969,12.8814554,9.50764478,5.93670825
evaluation/westside_02/cbr_5ms_128k/master.wav,evaluation/westside_02/cbr_5ms_128k/c.wav,4.51543338,0.994755887,0.998988815,0.997976401,0.998996159,0.998563851,0.997839547,0.997971446,0.997623982,0.996671337,0.996866269,0.997200907,0.996340982,0.993815696,0.988873138,0.982306876,0.982537586,0.983466533,0.98588466,0.984799937,0.988657773,0.991813083,0.989112956,0.99343882,0.994169982,0.99586779,0.992340101,0.992789908,0.986358465,0.974975989,0.932918391,0.820916436,0.6241613,0.974867726,0.997861416,0.992949586,0.99658597,0.995929629,0.994712576,0.995330781,0.993519283,0.991654153,0.994312071,0.994181988,0.991423829,0.989139319,0.981872224,0.94998916,0.966879218,0.957255993,0.97485993,0.966086749,0.9757289,0.979028345,0.97804448,0.991004666,0.979837846,0.993624702,0.982513978,0.980243845,0.959448694,0.892744713,0.875013186,0.333327393,-0.51877016,0.0197452973,0.00210080636,0.003805433,0.00357421246,0.00501833079,0.00381111626,0.00439588404,0.00543633597,0.00690219855,0.0046388136,0.00433635953,0.00739008389,0.00814734246,0.0131950224,0.0327724248,0.0255393544,0.0343490843,0.0243003922,0.0268032062,0.0246805911,0.0173846822,0.0183282188,0.00909242723,0.0165929087,0.0060008054,0.0201276993,0.0151376363,0.0295053935,0.0947417041,0.0732337502,0.240575204,0.535616613,19.3901766,23.2075208,24.790032,25.6965916,26.2857831,25.3374606,25.0046752,24.4568523,25.1378997,24.5854292,25.0920563,24.0891358,24.1220174,23.8978796,24.1503126,23.3703768,22.733008,22.1186876,21.4800447,21.1729006,19.7309852,18.7723648,17.6203902,16.6164027,16.8809499,16.8691031,16.331466,16.1220607,16.085853,12.8855155,9.50852246,5.94799594
evaluation/westside_02/cbr_5ms_192k/master.wav,evaluation/westside_02/cbr_5ms_192k/rust.wav,4.71974438,0.998198763,0.999586364,0.998872539,0.999440935,0.999288534,0.999065171,0.999186568,0.999006558,0.99878842,0.998799709,0.998732999,0.998272737,0.997188857,0.995839263,0.993859527,0.994401217,0.994383859,0.994543035,0.996144079,0.996220271,0.997035335,0.996193502,0.997495076,0.997650125,0.997780654,0.99714013,0.996971515,0.996236953,0.998428774,0.998961741,0.998466174,0.982874952,0.993344093,0.998793959,0.9930505,0.998557459,0.998153484,0.998318595,0.998290314,0.997961952,0.997109593,0.99700149,0.997413037,0.996434323,0.994153623,0.992645166,0.984036484,0.988330432,0.989621558,0.987102553,0.993913916,0.990179946,0.992468594,0.99179508,0.995664891,0.993464783,0.996533298,0.99380927,0.987874329,0.98621325,0.995696312,0.994224677,0.995338055,0.890988448,0.00589385301,0.00108457768,0.00484387154,0.00283539974,0.00333246746,0.0018507419,0.0023601972,0.00259865773,0.00161150722,0.00250956832,0.00314884725,0.00321448363,0,0.00527068431,0.0118542663,0.00911916382,0.0103042508,0.00995114567,0.0066463347,0.00823768207,0.00345936044,0.00896007551,0.00233566198,0.00510420751,0.00464849302,0.00797399272,0.0104840094,0.0119173488,0.00512952674,0.00639032702,0.00526725796,0.0718558354,19.1616112,23.0342271,24.575326,25.4321055,25.9620671,25.0968039,24.7426324,24.1531598,24.8540304,24.2703618,24.8217661,23.7848833,23.8415518,23.6025,23.8069703,23.0574832,22.4202263,21.8009812,21.1628206,20.8856612,19.4093948,18.4517597,17.3404407,16.3163095,16.5274752,16.5241676,15.9325476,15.7627406,15.7225916,12.8745285,6.95784913,3.36643297
evaluation/westside_02/cbr_5ms_192k/master.wav,evaluation/westside_02/cbr_5ms_192k/c.wav,4.71906049,0.998395011,0.999616755,0.998969551,0.999477571,0.999351491,0.999038558,0.999184143,0.999054891,0.998722647,0.998816269,0.998692419,0.998322193,0.997328581,0.995496401,0.993534649,0.993960175,0.994478668,0.994651255,0.995936371,0.996422002,0.997010239,0.996774324,0.997406608,0.997679834,0.997712065,0.997360668,0.996709149,0.996216055,0.998604704,0.998954398,0.998306218,0.980152127,0.995037512,0.998569788,0.993905486,0.998789843,0.998229462,0.99840186,0.998227664,0.998004451,0.997081271,0.996972246,0.996723109,0.996651517,0.993697696,0.9935677,0.982694982,0.984998902,0.989376686,0.987398441,0.993850768,0.990876905,0.993019592,0.994390977,0.995382681,0.995105247,0.996214113,0.994951744,0.985890848,0.985984965,0.996611658,0.994076604,0.994413513,0.870883084,0.00522526685,0,0.00418382892,0.00223577765,0.00275423669,0.00228453936,0.00223025631,0.00237442766,0.00160781097,0.00177254735,0.00311488143,0.00349446255,0,0.0060511311,0.013628334,0.0113310318,0.00961172209,0.010294353,0.00736160257,0.00693053178,0.00308445763,0.00666029565,0.00368894913,0.0034445962,0.00514439052,0.00672474221,0.0120730781,0.0115221597,0.00408412466,0.00638589059,0.00636547285,0.0824576385,19.161849,23.0346282,24.5699951,25.4302634,25.9609098,25.0964186,24.7403638,24.1514334,24.8551065,24.2708214,24.8176055,23.7847317,23.838169,23.5980219,23.809593,23.0567456,22.4207722,21.7971022,21.1584554,20.8881205,19.4110477,18.4499775,17.3419512,16.3162984,16.524022,16.5257926,15.933303,15.7659785,15.7231561,12.8744623,6.95901049,3.36873007
evaluation/westside_02/cbr_20ms_96k/master.wav,evaluation/westside_02/cbr_20ms_96k/rust.wav,4.39318826,0.985156553,0.996837306,0.99374295,0.996051424,0.993727898,0.989579704,0.991122553,0.988825777,0.988967902,0.990547594,0.988049793,0.984268257,0.982714661,0.980116044,0.979673859,0.980393936,0.983587699,0.981050875,0.987139259,0.989259393,0.992865624,0.989168102,0.993090684,0.993215264,0.993239025,0.988646667,0.976068169,0.929747732,0.912600777,0.854076206,0.789057261,0.628719661,0.943414056,0.989076945,0.969476342,0.988048987,0.981142707,0.969297613,0.985560577,0.979460271,0.97601503,0.981663407,0.969175147,0.96315605,0.968279345,0.97206757,0.958739049,0.961982722,0.959013169,0.943980962,0.980147547,0.974161184,0.987906094,0.977514291,0.987690253,0.986847359,0.983071698,0.970593741,0.901434486,0.650805992,0.631024695,0.418200283,0.192734494,-0.486803191,0.0387840338,0.00589703005,0.0134390761,0.0106755189,0.0165690434,0.021179118,0.0128447968,0.0244074466,0.0200660216,0.0157978614,0.0221790751,0.0293006501,0.0206646181,0.0322543936,0.0441715646,0.036218772,0.0265612454,0.0378439241,0.0149760302,0.0233239805,0.0105481088,0.0255940704,0.00852442166,0.0120338222,0.0121607344,0.0236302984,0.0806998185,0.235625976,0.251577914,0.354726871,0.333281652,0.531210044,19.4642174,23.2358008,24.7731138,25.7272665,26.3025676,25.3712913,25.0029279,24.4776143,25.1498877,24.5806056,25.0942356,24.0844808,24.1316044,23.8628069,24.0951478,23.3472249,22.7096752,22.0795086,21.4617925,21.1764784,19.7062365,18.7504215,17.6286685,16.5984548,16.8625743,16.8498875,16.290146,16.1065962,15.9138119,12.9193114,9.56803332,5.96024965
evaluation/westside_02/cbr_20ms_96k/master.wav,evaluation/westside_02/cbr_20ms_96k/c.wav,4.39343786,0.985132048,0.996780916,0.993107697,0.995983434,0.993610697,0.989978013,0.991115205,0.988858426,0.98901934,0.990566721,0.988119676,0.984395366,0.982684046,0.979924812,0.979738571,0.980289871,0.983317242,0.980478843,0.986924608,0.989203642,0.993026236,0.989558252,0.99313711,0.993239459,0.993260193,0.988727937,0.975817233,0.929533842,0.912638229,0.854677892,0.789510215,0.628705034,0.943386435,0.988862359,0.962647053,0.987814933,0.979546582,0.97388525,0.985443396,0.979500932,0.976023563,0.981577995,0.969178757,0.963561744,0.969596849,0.972340597,0.959000832,0.9619775,0.957383167,0.944219438,0.979582237,0.973963779,0.987910354,0.982474996,0.987733184,0.986874175,0.983557314,0.970416182,0.897605395,0.650628729,0.632249446,0.422749126,0.192769373,-0.48656351,0.0387901559,0.00601219995,0.0179623348,0.0107002413,0.0166852844,0.0173569452,0.0128825574,0.0244411241,0.0200605412,0.0157993731,0.0220514987,0.0292400086,0.0206978184,0.0318639872,0.0442454188,0.0364997555,0.0267893873,0.0383663367,0.015531465,0.0236164199,0.0100413834,0.0232998171,0.00842881041,0.0120170367,0.0121716101,0.0234217216,0.0819090313,0.23554675,0.25110752,0.352731312,0.333086129,0.531828042,19.4709739,23.2392926,24.7754778,25.7281,26.301283,25.3715824,25.0027908,24.4775049,25.1490155,24.5795511,25.0939197,24.085747,24.1322798,23.8603518,24.0951604,23.3470315,22.7100168,22.0791212,21.4622251,21.1781157,19.7074792,18.7501344,17.6281514,16.5974838,16.8618379,16.850686,16.2905267,16.1052278,15.9126351,12.9179809,9.56448793,5.95906775
evaluation/westside_02/cbr_20ms_128k/master.wav,evaluation/westside_02/cbr_20ms_128k/rust.wav,4.59934141,0.987976438,0.997715231,0.995607276,0.997228041,0.996072621,0.993424372,0.995279075,0.993207523,0.993335637,0.994996441,0.993828088,0.990944058,0.99069809,0.98937639,0.989660742,0.98815203,0.986949364,0.991260353,0.99185283,0.99257553,0.995417146,0.994542181,0.996040697,0.996085051,0.996572984,0.995041092,0.993724517,0.992427776,0.995445236,0.981664085,0.877670967,0.731776546,0.946684226,0.993978992,0.979998334,0.989791667,0.9862867,0.977756266,0.991995985,0.985533842,0.986735599,0.990390017,0.985964021,0.971597514,0.981835014,0.981405829,0.981860023,0.965720825,0.94273843,0.984044612,0.983624482,0.982928206,0.990116613,0.991389212,0.993487581,0.992928183,0.992473048,0.987487105,0.981082705,0.975916198,0.986081963,0.895443404,0.29864516,-0.556010723,0.0339203307,0.00193647939,0.00971456004,0.00869118196,0.0113655274,0.0167476823,0.0071482008,0.0159773579,0.0126463054,0.00762650272,0.0115206658,0.016524149,0.0108275802,0.0123299205,0.0145835941,0.0193714193,0.0351866619,0.0148250888,0.0142184209,0.0154793675,0.00614057558,0.0104483419,0.00585716269,0.00559462111,0.00653817501,0.0123733927,0.0130174483,0.0201389033,0.0111662748,0.0431154886,0.255678202,0.548830777,19.4422959,23.2269502,24.7809881,25.7142085,26.2964154,25.3615443,24.9984737,24.4768149,25.1361793,24.6002002,25.0947412,24.0983535,24.1244683,23.8910716,24.1531522,23.3424643,22.6734817,22.0741172,21.4465683,21.1535822,19.7174331,18.742009,17.6138646,16.5633679,16.8526656,16.8398972,16.2796567,16.0964101,16.042223,13.1734103,7.78938131,4.06797898
evaluation/westside_02/cbr_20ms_128k/master.wav,evaluation/westside_02/cbr_20ms_128k/c.wav,4.59894419,0.987927223,0.997714643,0.995558762,0.997181806,0.99608955,0.993412298,0.995164196,0.993138209,0.993314241,0.994987058,0.993835466,0.9908628,0.990694211,0.989364635,0.989627384,0.988219097,0.986742698,0.991008616,0.991879115,0.992601996,0.995402311,0.994630132,0.996195391,0.996039157,0.996562469,0.995112048,0.993926785,0.992012341,0.995351721,0.981615483,0.877254929,0.731587865,0.946685483,0.993969884,0.980582,0.989782181,0.986332853,0.978780584,0.991189355,0.985533564,0.986732245,0.990388031,0.986693827,0.971537213,0.98189193,0.981398529,0.981770601,0.96572382,0.942731294,0.984093371,0.983633439,0.982887505,0.989986586,0.991326252,0.994397219,0.992934318,0.992437412,0.988152672,0.981936705,0.970676777,0.985700093,0.894936848,0.295506184,-0.555162256,0.0339087605,0.0018943723,0.00927029875,0.00870252485,0.0112998486,0.0159655609,0.00791013041,0.0161596298,0.0127159969,0.00764171131,0.0116253235,0.0167208102,0.0108668759,0.012473924,0.0145574516,0.019435825,0.0353073583,0.0151016282,0.014196945,0.0154754948,0.00606499603,0.0102688781,0.00529068024,0.00579359821,0.00654912112,0.0122676263,0.0123566166,0.0225418806,0.0113092991,0.043247723,0.25638685,0.549434137,19.4431782,23.2282703,24.7817087,25.7159299,26.2978516,25.3630948,24.9962461,24.4751536,25.1369641,24.6009806,25.0956893,24.0993826,24.1252042,23.894076,24.1533854,23.3428162,22.6733919,22.0757344,21.4476699,21.1552028,19.7195752,18.7454394,17.6139813,16.563442,16.852849,16.8408614,16.2794195,16.0955863,16.0435264,13.1764943,7.79041502,4.06843607
evaluation/westside_02/cbr_20ms_192k/master.wav,evaluation/westside_02/cbr_20ms_192k/rust.wav,4.72150972,0.992474378,0.998735534,0.997504016,0.998458015,0.99797344,0.996158814,0.997072377,0.996451782,0.996710896,0.997530496,0.997362502,0.996206897,0.995591912,0.995579496,0.994962427,0.995056514,0.99451714,0.995839773,0.996784521,0.997256206,0.99795143,0.997303448,0.998415674,0.998374039,0.99865349,0.997875882,0.998003053,0.997622133,0.99900406,0.999477055,0.998941078,0.982422307,0.969831362,0.996899636,0.988589427,0.9948647,0.993363144,0.990765968,0.992657863,0.994093494,0.994331862,0.995800354,0.994181383,0.990764167,0.99248943,0.991557217,0.98813493,0.989027178,0.979291509,0.990145458,0.994396851,0.993874406,0.996447264,0.992968753,0.997384346,0.995858658,0.997836562,0.993374473,0.994668438,0.989593605,0.996612979,0.997386134,0.994560816,0.841326346,0.0230401386,0.00276342053,0.00636948956,0.00521780906,0.00662183858,0.0115560718,0.00832045753,0.00886265225,0.006905725,0.00338816827,0.0020197948,0.00676004382,0.00768397001,0.00592968159,0.00951258896,0.00797198144,0.0127103326,0.0071434408,0.00576545988,0.00432657946,0.00234275295,0.00719701832,0.00229880329,0.00474498123,0.00254655655,0.00684077624,0.00579081083,0.0083180116,0.00414699763,0.00328659095,0.00488585077,0.0851522876,19.3324859,23.1747543,24.7098934,25.5729748,26.1805127,25.2389216,24.8940644,24.3590715,24.9888415,24.4762153,24.9710369,23.9485089,23.9711623,23.7405918,23.9849997,23.1919324,22.5371621,21.9291345,21.2671215,20.995284,19.5497312,18.5847883,17.4468731,16.421514,16.6287647,16.6246427,16.0484251,15.8766486,15.8350413,13.001347,7.04266801,3.40574008
evaluation/westside_02/cbr_20ms_192k/master.wav,evaluation/westside_02/cbr_20ms_192k/c.wav,4.72144562,0.992528567,0.998747305,0.997504521,0.998465998,0.997979442,0.99606865,0.997266048,0.996579139,0.996708659,0.997511777,0.997367119,0.996178004,0.995660699,0.99551902,0.995003062,0.995096833,0.994392647,0.995831926,0.99678833,0.997311226,0.998008009,0.997267,0.998400293,0.998357751,0.99862352,0.997992647,0.997961685,0.997640766,0.998997473,0.999468023,0.998943473,0.982038292,0.970154647,0.996940399,0.988449597,0.994841758,0.993425464,0.989209488,0.994517449,0.993747085,0.994306441,0.995799364,0.994182431,0.990338063,0.992500976,0.991290388,0.988215131,0.989029902,0.97928336,0.990285443,0.994276187,0.994099607,0.996722647,0.992804859,0.997341825,0.995811393,0.997652612,0.9935507,0.993781719,0.98957137,0.996769126,0.997320188,0.994645004,0.838272128,0.0231963374,0.00271161236,0.0064735758,0.00522756908,0.00663072368,0.0129636688,0.0064944412,0.00902196959,0.00686417904,0.00347216291,0.00211816494,0.00700036403,0.00736315924,0.00624958793,0.00929187798,0.00806699088,0.0127426801,0.00684513727,0.00560565808,0.00415570582,0.00227456264,0.0072189603,0.00244365986,0.00473115224,0.00278902104,0.0064169542,0.00590076985,0.00819215659,0.0041760056,0.00331598472,0.0048036168,0.0867642873,19.3281904,23.1720376,24.7050299,25.568682,26.175161,25.2312387,24.8893021,24.3511232,24.979933,24.4706829,24.9667606,23.9436972,23.9659249,23.7364264,23.981054,23.1868172,22.5309352,21.9257494,21.2624705,20.9923064,19.5428331,18.5796761,17.4419707,16.4156408,16.6230385,16.6200947,16.041443,15.8703881,15.8302044,12.9966804,7.03702073,3.40070153
evaluation/westside_02/vbr_5ms_96k/master.wav,evaluation/westside_02/vbr_5ms_96k/rust.wav,4.37665591,0.99161884,0.998186406,0.996796491,0.998369157,0.997765066,0.996448579,0.996992659,0.993981373,0.993167947,0.991990931,0.989355784,0.989047629,0.984516009,0.982043758,0.977080432,0.974511716,0.972378011,0.978162443,0.978744976,0.981054974,0.985944614,0.977662564,0.982885932,0.986760311,0.986311313,0.966623976,0.954070192,0.92269972,0.919206255,0.867264759,0.809456559,0.592879063,0.96661263,0.994991931,0.987274619,0.995853968,0.995327133,0.994006375,0.994513732,0.987410765,0.981349554,0.978464776,0.955083755,0.973141546,0.965044162,0.968016519,0.958380168,0.945229839,0.933980966,0.961317492,0.959225177,0.951525438,0.966032593,0.953290005,0.974535192,0.967494078,0.960743154,0.913090225,0.861623439,0.719410233,0.657077779,0.492240705,0.277238351,-0.493386192,0.0319860427,0.00323605494,0.00604362291,0.00349996744,0.00583854468,0.00525992072,0.00533696056,0.017442592,0.0116216758,0.0166358749,0.0500486947,0.020516075,0.0259596162,0.024075966,0.0330691053,0.0394340772,0.0617276402,0.0342195532,0.0293573841,0.0319235329,0.0211637536,0.0439563941,0.0229645703,0.0253762599,0.0349598994,0.0680906954,0.111723612,0.214241557,0.226707728,0.313332627,0.31541749,0.507356753,19.3782003,23.2087833,24.768715,25.7045958,26.2778955,25.3389295,25.0084842,24.4559437,25.1322201,24.5798135,25.099663,24.0413833,24.1039035,23.868556,24.1140224,23.3459409,22.7360802,22.1110504,21.4900034,21.234992,19.768001,18.7752863,17.6628761,16.6575846,16.9250605,16.9424649,16.2173302,15.9988852,15.923262,12.8052635,9.25705202,6.48916725
evaluation/westside_02/vbr_5ms_96k/master.wav,evaluation/westside_02/vbr_5ms_96k/c.wav,4.37592458,0.993797064,0.998330784,0.995928347,0.998499054,0.997417541,0.995760729,0.996268578,0.993760079,0.993502656,0.992540166,0.992519402,0.989105889,0.982704033,0.978891095,0.971713568,0.974304658,0.971916181,0.973190308,0.974207145,0.976259792,0.986267021,0.979229257,0.983871252,0.985832491,0.98452738,0.969625201,0.954548144,0.918276827,0.917706576,0.869047959,0.811307263,0.594951529,0.977486976,0.996441575,0.971489482,0.99561502,0.992389525,0.986039919,0.991072694,0.984475477,0.98453678,0.980842491,0.983778086,0.968577477,0.966295586,0.965381299,0.950447831,0.936790776,0.934344138,0.957857314,0.955573518,0.940006276,0.966598065,0.951302848,0.971778259,0.96411371,0.957368982,0.918266669,0.859611037,0.711890357,0.639379905,0.515275665,0.302049819,-0.477787363,0.0167925106,0.00303574484,0.0157388039,0.00437088625,0.00862865875,0.0102875294,0.00618033799,0.0202229984,0.0110247289,0.0143708502,0.0128224064,0.0209982025,0.0330600928,0.0291637458,0.0435571844,0.043743472,0.0496412575,0.0432370062,0.0378357272,0.047819166,0.0178799304,0.0396213254,0.0221661377,0.0288856066,0.0393270215,0.058140894,0.108324977,0.213071184,0.231777589,0.312453138,0.308054899,0.503370266,19.3744785,23.195136,24.7657916,25.6949485,26.2768915,25.3438243,25.0065396,24.4636502,25.1466609,24.5877015,25.0968961,24.054143,24.1086645,23.8714596,24.1357049,23.3608243,22.7278088,22.1055311,21.4901574,21.2386411,19.7710597,18.7732505,17.6517179,16.6284622,16.9125247,16.9352291,16.2123787,15.9832353,15.9250486,12.8031994,9.24135271,6.48946166
evaluation/westside_02/vbr_5ms_128k/master.wav,evaluation/westside_02/vbr_5ms_128k/rust.wav,4.51515872,0.996002369,0.999039093,0.997860378,0.999025295,0.998596664,0.997968253,0.997960158,0.997932207,0.996881743,0.996732258,0.997394289,0.996186464,0.993643205,0.990044571,0.985696543,0.985158193,0.985431134,0.985347531,0.985623006,0.987951736,0.992311695,0.990809796,0.993693257,0.993578971,0.995774651,0.991367006,0.991329977,0.984484472,0.972727025,0.935541034,0.822192804,0.628874627,0.985661284,0.996975989,0.987963721,0.997075574,0.996461233,0.995610598,0.994878194,0.996421907,0.993213111,0.992791668,0.993912146,0.990535876,0.987338364,0.986425161,0.970812345,0.963364916,0.968245616,0.974128514,0.971645646,0.968548958,0.985680337,0.981020359,0.989930018,0.977387986,0.991742399,0.977284226,0.977604983,0.939114583,0.898403209,0.885551084,0.320298531,-0.507623592,0.0114635881,0,0.007353162,0.00340299719,0.00464751698,0.00189031636,0.00424716489,0.00494099114,0.00709860839,0.00670588445,0.00428038776,0.00746950329,0.00751956338,0.0108463445,0.024024538,0.0244412231,0.0240518747,0.0229340318,0.0254453325,0.0279608773,0.0134197013,0.0168696419,0.0102669801,0.0246353172,0.00808298758,0.0251010217,0.0193264736,0.0418823837,0.111163019,0.0707784669,0.244052849,0.531059929,19.386599,23.2006651,24.782618,25.7005522,26.2894408,25.3468309,24.9977722,24.4508569,25.1397172,24.5888598,25.0959927,24.0957767,24.137562,23.9119159,24.1444978,23.365725,22.7184621,22.108179,21.4531519,21.176444,19.7329211,18.7820437,17.6211292,16.6190539,16.8925923,16.8724234,16.332483,16.1331993,16.0770283,12.9056038,9.4825411,5.90604354
evaluation/westside_02/vbr_5ms_128k/master.wav,evaluation/westside_02/vbr_5ms_128k/c.wav,4.50928872,0.996352408,0.999052224,0.998108361,0.999105204,0.998718254,0.997874825,0.998013039,0.99743474,0.996963945,0.997309231,0.997393031,0.996149051,0.993900564,0.990047676,0.986861169,0.98663014,0.985626785,0.985782524,0.985945695,0.989719499,0.993536487,0.990335594,0.994050668,0.994580023,0.995136528,0.991864259,0.991439009,0.983520037,0.971650507,0.930793134,0.817862097,0.623336628,0.989919316,0.997430147,0.993152466,0.998182785,0.997310779,0.995461266,0.995509734,0.995176359,0.993620166,0.994775938,0.993680485,0.990134383,0.986324611,0.985060907,0.976348366,0.972674091,0.964789002,0.970459225,0.970021497,0.975227515,0.987629552,0.981149249,0.991271286,0.984482691,0.990477701,0.979297762,0.975269444,0.920879445,0.899137642,0.874299144,0.30705376,-0.541380771,0.00936303066,0.00133847486,0.00320189165,0.00223190029,0.00393870258,0.00393743831,0.00460652493,0.00667219985,0.00536525131,0.00523938507,0.00502519487,0.00745393395,0.00685131479,0.00983299172,0.0210263567,0.0198408639,0.0254600052,0.029008446,0.0255316032,0.0201154274,0.0106678525,0.016785882,0.00824062247,0.0140234641,0.0100134729,0.0242508466,0.0203017286,0.0539474132,0.114101638,0.0803891858,0.251516848,0.538467267,19.3745203,23.204069,24.7849441,25.6985041,26.2854171,25.3315178,25.0062226,24.4647267,25.1397301,24.5792866,25.0861405,24.0871622,24.1257924,23.9032958,24.1469091,23.3665343,22.7267528,22.1259611,21.4530054,21.1751153,19.7287404,18.7734235,17.6303006,16.6222276,16.880216,16.8680541,16.3336937,16.1267502,16.0813903,12.8906529,9.50737985,5.92810083
evaluation/westside_02/vbr_5ms_192k/master.wav,evaluation/westside_02/vbr_5ms_192k/rust.wav,4.71996575,0.998336662,0.999474163,0.999047154,0.999554299,0.999449489,0.999233776,0.999212579,0.998905688,0.99883858,0.9987508,0.998606021,0.998219518,0.997145048,0.995409711,0.993775312,0.994525217,0.994722303,0.994898012,0.99569407,0.995594528,0.997020903,0.996080315,0.997371696,0.997738154,0.998037144,0.997111061,0.997026426,0.996520683,0.998608503,0.999001824,0.998592092,0.982141314,0.994325565,0.997598218,0.995010975,0.998921033,0.998493732,0.998523553,0.998074539,0.998145105,0.997869592,0.997632065,0.996978361,0.996905949,0.994788115,0.993319794,0.985574898,0.98584504,0.987994402,0.990728789,0.993182479,0.986123732,0.992516165,0.992658104,0.995393568,0.993955793,0.996182145,0.992832421,0.990021445,0.986426423,0.996800586,0.99454833,0.994286464,0.86692813,0.00579421313,0,0.00323653337,0.00190711085,0.00232529727,0.00202879303,0.00239531632,0.00382880248,0.00241988807,0.00145424205,0.00279227962,0.00351295887,0.00168003196,0.00527315867,0.0112064584,0.00998728462,0.00866617209,0.00906320139,0.0086618224,0.00980565675,0.00423199338,0.0086993173,0.00455310742,0.00553933517,0.00259928557,0.00726910315,0.00933448576,0.0114660683,0.00526274919,0.00608602826,0.00525302654,0.0754492438,19.2746247,23.1228985,24.6741897,25.5320267,26.1451492,25.2164251,24.8699039,24.3457091,24.9930089,24.4773851,24.9938168,23.9666043,24.0027226,23.7876274,24.0094282,23.2473601,22.5875428,21.975291,21.325085,21.0512353,19.5816528,18.6176213,17.4748925,16.4610635,16.7562428,16.7309431,16.13837,15.9758122,15.9455425,13.0556898,7.11124652,3.50247323
evaluation/westside_02/vbr_5ms_192k/master.wav,evaluation/westside_02/vbr_5ms_192k/c.wav,4.71803122,0.998417293,0.999503386,0.998857905,0.999579135,0.999351971,0.998930522,0.999118374,0.999055455,0.999055846,0.999032201,0.998808276,0.9981794,0.996970631,0.995337593,0.994022253,0.994035117,0.993721231,0.994383723,0.996104754,0.995847202,0.996653819,0.996593135,0.997788326,0.997686048,0.997845468,0.996992534,0.996604188,0.99643545,0.998736534,0.998971891,0.998450298,0.975398631,0.995521782,0.99805583,0.993104127,0.99912799,0.998187155,0.997415436,0.997521676,0.997238374,0.997673392,0.997874137,0.997949334,0.994733471,0.992770406,0.990897844,0.984178018,0.9858008,0.985653739,0.989590789,0.99386512,0.987252443,0.993340477,0.993463358,0.995757535,0.99444391,0.995340662,0.992858956,0.988595568,0.985133419,0.997713867,0.995009753,0.994376267,0.795373319,0.00528536156,0,0.00492782205,0.00192914595,0.00280829697,0.00359285939,0.00285886947,0.00325629446,0.00195700597,0.00118411095,0.00218526541,0.00422393661,0.0042423465,0.00665917144,0.0117257649,0.0123317851,0.0119813662,0.0101380588,0.00742447944,0.0100272124,0.0032385928,0.00704123785,0.00182836589,0.00468558505,0.00456046589,0.00726518169,0.0113933096,0.0124899336,0.00421658587,0.00616061514,0.0059841486,0.116575837,19.4751372,23.3147024,24.8492458,25.7206194,26.3124172,25.4161987,25.0559318,24.5026317,25.199198,24.6319221,25.1578815,24.117992,24.1624218,23.9377297,24.1569801,23.4033673,22.7509556,22.1384568,21.4918292,21.2132214,19.7476537,18.7715616,17.6427125,16.6016058,16.8801243,16.8464896,16.2741275,16.0932428,16.0596543,13.1767321,7.26765816,3.67324559
evaluation/westside_02/vbr_20ms_96k/master.wav,evaluation/westside_02/vbr_20ms_96k/rust.wav,4.39418793,0.986498882,0.996652596,0.993554444,0.995976864,0.993608386,0.990205048,0.990651826,0.989172989,0.989154049,0.990703768,0.989868834,0.987230016,0.984140738,0.981168803,0.982627406,0.98073834,0.981323482,0.980601241,0.987891152,0.990030622,0.99336492,0.989532955,0.992610027,0.991950596,0.991890489,0.988361156,0.975488749,0.928977399,0.912000296,0.855801213,0.793956184,0.627868665,0.948550712,0.98822412,0.971139183,0.98738597,0.980145517,0.980212216,0.97268386,0.977042414,0.980904406,0.982819904,0.9765379,0.968975742,0.973608131,0.970571334,0.965302782,0.95928515,0.954674246,0.936855449,0.977945028,0.977218953,0.989327616,0.976267813,0.988198261,0.986293935,0.983599053,0.970388015,0.90565694,0.649500694,0.630299215,0.426096789,0.193606487,-0.514664694,0.0308089969,0.00652361761,0.0132370954,0.0112499641,0.0153230061,0.0144375425,0.0164759906,0.0255701998,0.0179794357,0.0141135046,0.0194741681,0.0242319049,0.0202117422,0.0240560347,0.0253021265,0.0346310219,0.0295222937,0.0421582202,0.017751281,0.0173412271,0.00816491116,0.0226534768,0.00891379056,0.0149652095,0.018576228,0.0243882004,0.0812248344,0.235712757,0.253387762,0.354050237,0.33461475,0.532003394,19.4713787,23.2303925,24.7819609,25.7146251,26.2844141,25.3509453,25.0134793,24.4707899,25.1394612,24.5781094,25.0963853,24.108621,24.1312881,23.8866845,24.13041,23.372629,22.6960289,22.0829165,21.4408772,21.1719447,19.7196373,18.7575888,17.6417052,16.5951878,16.8630765,16.8521553,16.289382,16.1083593,15.9109734,12.9270078,9.47195994,5.90885146
evaluation/westside_02/vbr_20ms_96k/master.wav,evaluation/westside_02/vbr_20ms_96k/c.wav,4.3936991,0.985200899,0.996479365,0.993263188,0.996368597,0.99460424,0.990250511,0.990831369,0.990283943,0.990200345,0.991328507,0.989425814,0.987139523,0.982782711,0.980859391,0.980799695,0.979886593,0.982122109,0.980740255,0.986831996,0.989817052,0.993424883,0.989201824,0.992589105,0.992822784,0.993041653,0.988633397,0.976035985,0.92991851,0.912164854,0.853645768,0.790781339,0.629205759,0.935997804,0.98720492,0.966259566,0.98705993,0.985991131,0.976393754,0.976852871,0.98337237,0.978295794,0.981235218,0.969787806,0.971459592,0.970483319,0.970574938,0.964391615,0.952376687,0.966735818,0.935918132,0.98000033,0.981410353,0.987791692,0.976486175,0.988774743,0.986495309,0.985647621,0.97004809,0.901725024,0.649748635,0.630482241,0.427852229,0.192123228,-0.513138357,0.0313076236,0.00650283368,0.0160214086,0.0100346536,0.0111522933,0.0165341452,0.0163135641,0.020277225,0.0157582336,0.0138498168,0.0218936671,0.0223710805,0.0229619457,0.0242453782,0.0292384188,0.0365180843,0.0270872282,0.0435988957,0.0170948797,0.0161186601,0.0062023969,0.023324063,0.00861513739,0.0114698025,0.0135842287,0.0241445232,0.0820577274,0.235565608,0.252978094,0.356707388,0.33517039,0.533606281,19.4770734,23.2293848,24.7838199,25.7174205,26.2999927,25.3678695,25.0144624,24.485128,25.1534105,24.5696418,25.0989496,24.0799399,24.1193188,23.8541225,24.0961487,23.3504443,22.7029208,22.0781137,21.4550809,21.1698845,19.7030766,18.7483878,17.6388736,16.6021651,16.8678255,16.8472568,16.2880314,16.1103227,15.9198804,12.9264645,9.48495978,5.86399059
evaluation/westside_02/vbr_20ms_128k/master.wav,evaluation/westside_02/vbr_20ms_128k/rust.wav,4.57371181,0.988927873,0.997718837,0.995566456,0.997370331,0.996683556,0.994468656,0.99462452,0.99239549,0.993154941,0.995247379,0.994188484,0.991496942,0.991793411,0.989379959,0.988494,0.989522919,0.989553097,0.992070219,0.991899633,0.993378505,0.994931,0.994723223,0.995997721,0.996122249,0.996265144,0.994777332,0.993575131,0.99188185,0.993991406,0.967752658,0.858593164,0.684657789,0.961659548,0.993338512,0.978331981,0.991080857,0.991624748,0.985236269,0.99011665,0.984147649,0.986791578,0.990304528,0.986368259,0.976741238,0.984349071,0.981532634,0.973452426,0.976970476,0.964471265,0.983441828,0.983539274,0.983183651,0.987501291,0.990334481,0.994116948,0.992462403,0.992260807,0.990972355,0.981320686,0.973687911,0.986906012,0.891268817,0.29830447,-0.56773049,0.0258731006,0.00199548652,0.0112487104,0.00798888874,0.00948920054,0.0148376383,0.0110310881,0.0184502113,0.0131638164,0.00683561615,0.0103545786,0.0155557775,0.00937301755,0.0159269598,0.0248569473,0.0214910523,0.0263938861,0.0155154942,0.0137893354,0.0146123862,0.00891392939,0.00976200813,0.00404851229,0.00553762149,0.00816687778,0.0117985185,0.0136570991,0.0218763702,0.0138636999,0.0576335251,0.254047641,0.549623671,19.4360013,23.2147877,24.7794512,25.7201996,26.3091235,25.3546016,25.0064147,24.4745859,25.1559811,24.5868502,25.1081089,24.0619586,24.0957962,23.8621237,24.1237062,23.3186433,22.6916228,22.0751857,21.4586382,21.1587773,19.7023203,18.7395212,17.6220987,16.5692477,16.8583256,16.8494546,16.2777535,16.1033137,16.0521222,13.0945899,8.42472931,4.72084206
evaluation/westside_02/vbr_20ms_128k/master.wav,evaluation/westside_02/vbr_20ms_128k/c.wav,4.57639245,0.989338991,0.99774159,0.995315909,0.997145862,0.996584205,0.994465015,0.995125231,0.992716958,0.993115257,0.994296839,0.99365464,0.991117907,0.990061026,0.989480045,0.98970655,0.989290303,0.989302091,0.99170548,0.99188007,0.992601289,0.995148144,0.994603103,0.996241474,0.996185957,0.996717741,0.995452747,0.994045462,0.991855678,0.993821963,0.97039913,0.859417723,0.687855463,0.962297917,0.993134875,0.980058436,0.988857589,0.989584139,0.986447396,0.990307112,0.983914146,0.987202141,0.990039673,0.986090674,0.975398068,0.982753373,0.982183136,0.980205549,0.971697203,0.966149518,0.98427756,0.980294085,0.980012334,0.99048691,0.989428694,0.994585973,0.992642608,0.992294073,0.990124706,0.981804043,0.969498268,0.985577786,0.891824149,0.298875876,-0.566838886,0.0229119221,0.000838842429,0.0111587278,0.00959907488,0.0101856718,0.0127331515,0.00653096946,0.0163349267,0.0124705538,0.00937771164,0.0121596595,0.0170544577,0.0142069394,0.017254491,0.0156449723,0.0207325614,0.0223404364,0.0141550258,0.0159791864,0.0169362097,0.00821487204,0.0110337838,0.00437417016,0.00634225951,0.00707673416,0.0110620629,0.0128172656,0.0237887153,0.0156345731,0.0537795348,0.254000579,0.552018587,19.4397785,23.2191801,24.7843786,25.7219704,26.3011945,25.3452091,25.004121,24.4720785,25.1412468,24.5958903,25.0943409,24.0947021,24.1161716,23.8786183,24.1540629,23.3333022,22.6791833,22.0746431,21.4531069,21.1573548,19.7066838,18.7417043,17.6181999,16.5625246,16.8507588,16.8435436,16.2840611,16.0981479,16.0497058,13.1074489,8.35044321,4.623476
evaluation/westside_02/vbr_20ms_192k/master.wav,evaluation/westside_02/vbr_20ms_192k/rust.wav,4.72066834,0.993370353,0.998564962,0.996957186,0.998735553,0.998256223,0.996292455,0.996977755,0.996265171,0.996757986,0.997779115,0.997378788,0.996205465,0.995973984,0.995366231,0.994949293,0.99543793,0.995480229,0.996119151,0.996674321,0.997304843,0.997955864,0.997345507,0.998285297,0.99802829,0.998559287,0.997540702,0.997986267,0.997414169,0.998901286,0.999471077,0.998880262,0.980129413,0.973210337,0.996755661,0.985178107,0.995969733,0.995639251,0.99094969,0.993238219,0.992366971,0.992771281,0.996757662,0.993305308,0.989907301,0.992249939,0.99192168,0.988017344,0.989376613,0.985333352,0.991656051,0.993770178,0.994054158,0.99640056,0.994801123,0.997583462,0.99483628,0.997569752,0.992590962,0.995366577,0.989234604,0.996607928,0.997579515,0.994641928,0.819482812,0.0226643747,0.00363259212,0.0081248951,0.00402664748,0.00546998645,0.0111096924,0.0065746022,0.00977440041,0.00718175385,0.00320526981,0.00286118574,0.00747118505,0.00741413445,0.00650418859,0.00999684286,0.00671466568,0.00913862423,0.0062050422,0.00638008391,0.0037708177,0.002705846,0.00631610877,0.0026304088,0.00631893673,0.00303240447,0.00878794406,0.00532699642,0.00797056567,0.00384885995,0.00321280202,0.00476487768,0.0909885377,19.1416919,23.0034722,24.5466346,25.4204997,25.9114303,25.0541723,24.7224256,24.1208155,24.7743865,24.2463504,24.7599888,23.7427491,23.7968066,23.559653,23.7835045,23.0029291,22.3559354,21.7436431,21.0992047,20.8287028,19.3551748,18.3997863,17.2741292,16.2493971,16.4563975,16.446762,15.8624559,15.6962042,15.6371518,12.8209079,6.87427888,3.24954159
evaluation/westside_02/vbr_20ms_192k/master.wav,evaluation/westside_02/vbr_20ms_192k/c.wav,4.72107319,0.993440224,0.998719239,0.997220722,0.998670936,0.997917122,0.996065008,0.997071747,0.996484581,0.996611591,0.997667173,0.997195526,0.996085795,0.995334963,0.995314084,0.99517079,0.995256997,0.995257104,0.99573835,0.99629931,0.996930439,0.998041411,0.997404966,0.99816014,0.998225661,0.998460844,0.997785624,0.997991327,0.997821088,0.998836503,0.999442272,0.998905112,0.980913348,0.973103049,0.996799311,0.987169603,0.99603818,0.993516298,0.987926506,0.993105241,0.992880876,0.994100752,0.996851159,0.994034603,0.990263176,0.989428299,0.990444237,0.988227243,0.987638543,0.986427064,0.988881212,0.993659617,0.991767232,0.995644872,0.994098124,0.997442759,0.995303182,0.997253444,0.994136986,0.994684332,0.990280533,0.996987936,0.997537071,0.994576486,0.836030478,0.0215146539,0.00352028028,0.00829142506,0.00438648166,0.00652063808,0.0131097175,0.00747890313,0.0090353193,0.00678504714,0.00399054873,0.00461211671,0.00777955558,0.0100029071,0.0070013006,0.00988847312,0.00852650061,0.00939062958,0.00789322265,0.0062373773,0.00574972098,0.00292498536,0.00643526506,0.00373383927,0.00531769312,0.00272762124,0.00577741199,0.00523973424,0.00737368707,0.00488811399,0.00339854815,0.004871876,0.0874377005,19.0142574,22.8749788,24.4193248,25.2900406,25.7919577,24.8978738,24.584977,23.9871705,24.6124524,24.1060459,24.6037037,23.5912756,23.6515564,23.4235316,23.6558666,22.8719368,22.2353304,21.6238811,20.9722594,20.7175963,19.2287812,18.2774346,17.1587344,16.1470568,16.3413231,16.3339649,15.7485224,15.5663678,15.5038193,12.7006605,6.75304935,3.11845483
evaluation/westside_03/cbr_5ms_96k/master.wav,evaluation/westside_03/cbr_5ms_96k/rust.wav,4.51545779,0.998712968,0.999443048,0.999228163,0.993052742,0.990714721,0.993584125,0.995760839,0.996992879,0.995478741,0.992462752,0.992047124,0.989182861,0.987614513,0.984118782,0.977893259,0.969268293,0.963164826,0.955681642,0.945549641,0.956055361,0.957987123,0.946116558,0.966853805,0.965661154,0.947320181,0.93836545,0.910738619,0.952115415,0.988953241,0.968467124,0.943118025,0.74546976,0.997367322,0.999131999,0.998576677,0.962369397,0.976444228,0.980698488,0.989848802,0.989802762,0.99023196,0.980450193,0.979426209,0.961248589,0.970800094,0.972661968,0.948127947,0.925192612,0.92655567,0.921906879,0.912897784,0.916020643,0.936069214,0.850439587,0.938104639,0.90198424,0.857229127,0.897090822,0.717444926,0.78091432,0.978939132,0.949605142,0.890626369,0.344821666,0.0013763611,0.00168975738,0.00186074358,0.0191223257,0.0263618623,0.0160546808,0.00811885394,0.00264627822,0.0087049099,0.0155530248,0.016811681,0.0251687366,0.0236360237,0.0270975366,0.0430680842,0.0531920749,0.0580502761,0.0608054579,0.0832791896,0.0684899296,0.0553700225,0.0976130909,0.0480285155,0.0628745186,0.0981558014,0.102798957,0.205935641,0.124937216,0.0198014513,0.0283687998,0.0500582588,0.351776465,27.9577224,30.2421748,27.3508269,24.4870135,24.0452994,23.3042918,23.5617594,24.0375537,22.998534,22.7138653,22.94376,23.6636713,23.10825,23.4464933,23.5498459,22.3558193,21.8631615,21.3508807,21.5272261,21.2263155,20.7379669,20.4344356,19.8786197,18.9773777,18.3846074,17.8475667,17.5354339,17.2874007,16.5665384,12.8779079,8.09808921,5.74462425
evaluation/westside_03/cbr_5ms_96k/master.wav,evaluation/westside_03/cbr_5ms_96k/c.wav,4.5192781,0.998830505,0.999405316,0.999269514,0.985703851,0.991262955,0.994408683,0.99588907,0.996533542,0.995762374,0.993555614,0.992513287,0.991675244,0.989428876,0.984556265,0.980713439,0.971808086,0.96417244,0.959448525,0.950037174,0.9589171,0.958040712,0.945557132,0.966626773,0.967358672,0.955220131,0.941698613,0.914484146,0.955293932,0.988227094,0.968191298,0.940244159,0.735836025,0.997867568,0.998965971,0.998754736,0.877342479,0.978294202,0.986851665,0.991953171,0.984738274,0.988426037,0.984042865,0.981051047,0.987055574,0.978507551,0.971542748,0.951710534,0.913223523,0.927654087,0.928091928,0.907867536,0.939767221,0.929726116,0.856923982,0.95081263,0.916246482,0.889461747,0.885382797,0.709142055,0.78247912,0.9770431,0.946308776,0.889342283,0.355541807,0.00258520106,0.00179800312,0.00199122182,0.0823831732,0.023695414,0.0099125047,0.00631339907,0.00360586326,0.00824492254,0.014359219,0.0143824926,0.0120403846,0.0189310849,0.0235063625,0.0391297814,0.0552956888,0.0549748407,0.0571827214,0.0671226503,0.0550336527,0.059605036,0.0960808474,0.0397012394,0.0534756383,0.0897849464,0.107113849,0.200242975,0.1230958,0.0254865888,0.0303841454,0.054424242,0.352408339,27.8866416,30.136209,27.2682528,24.4166531,23.9986876,23.21809,23.4501477,23.933826,22.9358848,22.6367873,22.8353097,23.6059669,23.0465214,23.390395,23.4669867,22.2726596,21.8031098,21.2871245,21.4530255,21.1559701,20.6852634,20.3492237,19.8084568,18.9134377,18.3216602,17.7954386,17.4633724,17.2121111,16.495554,12.7951076,8.01221067,5.66184156
evaluation/westside_03/cbr_5ms_128k/master.wav,evaluation/westside_03/cbr_5ms_128k/rust.wav,4.60135768,0.99911726,0.999637064,0.999516543,0.993467542,0.99457905,0.997229886,0.998114016,0.998615701,0.998099383,0.996864243,0.996228799,0.993975297,0.993121697,0.988658034,0.987695385,0.980996254,0.978484435,0.970779592,0.975962925,0.984744843,0.982134178,0.978245317,0.985192292,0.984448658,0.98335946,0.983246214,0.977998331,0.986614419,0.993409671,0.972813931,0.925989875,0.769756885,0.998401663,0.999491827,0.999305527,0.943037626,0.983074109,0.992604829,0.994585253,0.996075639,0.995781548,0.992213763,0.992668073,0.986331536,0.98720377,0.978313644,0.972526582,0.927060614,0.96327599,0.923865089,0.959999253,0.970624332,0.97189276,0.964225614,0.974980737,0.95927742,0.971754832,0.964224804,0.950151041,0.974106665,0.971278367,0.949812731,0.890233303,0.331893703,0.00186666814,0.00103735087,0.00172484909,0.027747264,0.0182272823,0.00504202695,0.00408312849,0,0.00417183592,0.00653691141,0.00595969642,0.0115074309,0.010335543,0.0222536925,0.020499713,0.0434703207,0.0316123137,0.0606654016,0.0479040023,0.0164283333,0.0223108027,0.0299159419,0.0164206345,0.0272500039,0.0272195487,0.0282514859,0.0475681568,0.0217713397,0.0217208524,0.0226019047,0.0511951686,0.387297367,27.9699231,30.246032,27.3513027,24.5040221,24.0584821,23.3233137,23.5560389,24.0526372,22.9976001,22.7051933,22.9182909,23.6255153,23.0784868,23.445995,23.5528559,22.3259899,21.8328268,21.3129396,21.4460822,21.1793471,20.6846614,20.3830984,19.8395823,18.9117253,18.3454943,17.7920485,17.4363599,17.1357985,16.5260814,12.9084623,8.2606099,5.1699812
evaluation/westside_03/cbr_5ms_128k/master.wav,evaluation/westside_03/cbr_5ms_128k/c.wav,4.60402652,0.999011301,0.999666744,0.999570231,0.994609891,0.995130423,0.997204524,0.998237442,0.998504051,0.998160045,0.996848695,0.996983436,0.994701124,0.992861149,0.990058327,0.98846738,0.980421255,0.977503903,0.971172245,0.97538441,0.984204738,0.980930953,0.979779745,0.985865937,0.984965962,0.984190779,0.98300688,0.979087144,0.987991876,0.993878988,0.973171856,0.92695495,0.77146184,0.998070765,0.999465505,0.999038795,0.95984927,0.989487276,0.991553799,0.995751409,0.994068034,0.995331491,0.991259537,0.994441907,0.990400113,0.987809009,0.979883144,0.971504788,0.938099674,0.961885074,0.936625722,0.941964556,0.968501212,0.962462491,0.966084581,0.972417633,0.965610603,0.975391209,0.957050102,0.938837755,0.972358252,0.971301368,0.951597274,0.891443572,0.332544748,0,0.000991516443,0.00206219365,0.0205428175,0.00987188161,0.00558145664,0.00339812613,0,0.00411972439,0.00740241912,0.00449748431,0.00823294837,0.0115761626,0.0157468499,0.0199659375,0.035276116,0.0294841028,0.0574734645,0.0681924533,0.0211026398,0.0314898131,0.0244546766,0.0157531473,0.0264839689,0.0253179606,0.0293617572,0.0489103755,0.0187799588,0.0214353748,0.0231314651,0.0515942696,0.387108362,27.9637378,30.2431068,27.3451679,24.4918347,24.0599555,23.3106901,23.5885962,24.0690018,23.0082387,22.6980324,22.9261853,23.6242919,23.0719297,23.4325779,23.5381878,22.3204521,21.8219827,21.3058969,21.4385663,21.165938,20.6856272,20.3814554,19.8531911,18.9206407,18.3517467,17.7896804,17.4250007,17.1419334,16.5149869,12.8836317,8.2070206,5.14487717
evaluation/westside_03/cbr_5ms_192k/master.wav,evaluation/westside_03/cbr_5ms_192k/rust.wav,4.71968263,0.999578497,0.999833743,0.999801264,0.99803734,0.998080627,0.998790374,0.99906994,0.999227255,0.999027118,0.99853329,0.998391071,0.997988234,0.997762257,0.997061097,0.995304086,0.991828659,0.992732277,0.992138607,0.990979845,0.989885396,0.99004565,0.991082098,0.993829988,0.995205777,0.993775256,0.99376714,0.99329914,0.997173047,0.999399192,0.999806078,0.999534733,0.994483767,0.999259914,0.999722028,0.999604312,0.988424604,0.995048588,0.99597949,0.998175375,0.996950358,0.997657363,0.994746249,0.996422287,0.996828654,0.99430184,0.994522413,0.986799599,0.973796602,0.985857608,0.987001155,0.98694131,0.977394785,0.983367182,0.985093701,0.98604634,0.992257823,0.986066066,0.988786975,0.980085599,0.994876674,0.998705618,0.999660686,0.999113541,0.963469119,0.000976082819,0.00105538101,0.00135732291,0.00155730342,0.00462721823,0,0,0,0.00214730908,0.00523420065,0.00392614847,0.00134533207,0.00468010761,0.00606648224,0.0115649514,0.0187707597,0.00960632525,0.0119559209,0.0119527368,0.0219407448,0.013966136,0.0120615077,0.00941948475,0.00741285865,0.0129617913,0.00801634031,0.0127874949,0.00411058464,0.00147840151,0,0,0.0293139628,26.8962602,29.1714585,26.3648493,23.4552281,23.0372345,22.267493,22.5760774,22.929996,21.9173775,21.6758009,21.8523679,22.536779,22.0641315,22.4052185,22.5288348,21.2776182,20.7830237,20.2516569,20.4166711,20.1555781,19.6644358,19.3459598,18.7790307,17.8572456,17.2587259,16.6783863,16.2979815,15.9635059,15.2907323,12.0375866,5.17859139,2.59735499
evaluation/westside_03/cbr_5ms_192k/master.wav,evaluation/westside_03/cbr_5ms_192k/c.wav,4.71912088,0.999613876,0.999832867,0.99980999,0.997982978,0.998088582,0.99871757,0.998978756,0.999156813,0.99902602,0.9985282,0.998221741,0.998018277,0.997493229,0.995863295,0.995675484,0.991298563,0.992059339,0.99100296,0.991203977,0.990249627,0.990788335,0.991069344,0.993852078,0.994847843,0.9938113,0.993662138,0.993626665,0.997083543,0.999416485,0.999817668,0.999538676,0.992145578,0.999194873,0.999715629,0.999680149,0.989117829,0.994493221,0.996056377,0.99789416,0.997695312,0.997700825,0.994690339,0.99607963,0.996560679,0.994598521,0.99070972,0.989450166,0.9668647,0.982995048,0.983005982,0.985331779,0.979477405,0.985200143,0.985123248,0.987265805,0.991718101,0.986029857,0.989352008,0.98175932,0.995099269,0.998835661,0.999707421,0.999253989,0.943208705,0.000664346822,0.00105352572,0.00121268495,0.00481131428,0.00563964558,0,0.0005634466,0,0.00248845533,0.00484806212,0.00379177657,0,0.00460996761,0.00962398954,0.00911918329,0.0214851805,0.0116152456,0.0181343106,0.0137310383,0.0182891987,0.0117614909,0.0142983905,0.008684729,0.00858800407,0.012578113,0.00899530523,0.011419647,0.00381189243,0.00138480623,0,0,0.0541038639,27.0885118,29.3755526,26.5092115,23.6410409,23.2100084,22.4356011,22.7234072,23.0717231,22.0901989,21.8429001,22.0176244,22.7050884,22.2146927,22.553472,22.6742477,21.4335403,20.9527336,20.4174838,20.577411,20.308937,19.8186536,19.5028589,18.9602437,18.0604374,17.4715458,16.8874021,16.504237,16.1658037,15.4971666,12.2634594,5.40219816,2.7989204
evaluation/westside_03/cbr_20ms_96k/master.wav,evaluation/westside_03/cbr_20ms_96k/rust.wav,4.59424492,0.998345289,0.999344149,0.998969008,0.990382974,0.987410654,0.989153638,0.992079187,0.993558205,0.992317044,0.98967411,0.99091849,0.984418227,0.98351969,0.985819291,0.98698836,0.974265976,0.97843879,0.974137487,0.975376901,0.977721464,0.973784128,0.974197621,0.982950416,0.983905133,0.976864585,0.979816183,0.970754972,0.980443367,0.994533467,0.982448469,0.939328563,0.749659477,0.995857542,0.99908423,0.998014932,0.975792499,0.948820496,0.958562963,0.983451482,0.973623908,0.972787666,0.966061472,0.981423746,0.953596433,0.955833855,0.969935699,0.97636936,0.915570171,0.958206868,0.9581562,0.968376764,0.95141601,0.958763086,0.956587429,0.972728031,0.969249529,0.910400401,0.955915173,0.925516558,0.952665027,0.981123357,0.96494371,0.897468337,0.317695899,0.00348157603,0.00180790773,0.00339608011,0.0254054271,0.0372898275,0.0268328573,0.0161810498,0.0135705282,0.0149723544,0.0257524154,0.0170430937,0.0302075734,0.032555946,0.0258468458,0.0241538676,0.0563761501,0.0310405883,0.0364948893,0.0323729482,0.0416946772,0.0385887509,0.0399379088,0.0205752574,0.0286311386,0.068670462,0.0313620171,0.064725664,0.0392834462,0.0130097786,0.0171466811,0.0492635947,0.373519254,27.960343,30.238044,27.3656671,24.4654008,24.0754598,23.3158278,23.57863,24.0391514,23.0017896,22.7115148,22.9181449,23.6404462,23.0799917,23.431155,23.5411376,22.3056232,21.8284069,21.2807207,21.4527698,21.1599635,20.6533051,20.3466046,19.8173905,18.8940916,18.3096694,17.7526433,17.3982991,17.1619515,16.5888167,13.1516408,8.20613049,5.6018452
evaluation/westside_03/cbr_20ms_96k/master.wav,evaluation/westside_03/cbr_20ms_96k/c.wav,4.59351442,0.99835942,0.999333517,0.998941413,0.9902593,0.987389689,0.989132257,0.992024572,0.993453993,0.992157698,0.989609894,0.991066248,0.984452461,0.983499658,0.98587374,0.987187816,0.974354761,0.978236779,0.973965547,0.975443903,0.977610545,0.973803391,0.974181431,0.98297356,0.983940024,0.976988577,0.980012321,0.969294653,0.98032901,0.994519953,0.98232585,0.939118354,0.749745788,0.995859431,0.999090065,0.997890424,0.975776982,0.948835955,0.958565815,0.983450137,0.973605057,0.97279817,0.966348188,0.981581467,0.953722457,0.95582943,0.973858163,0.976171405,0.915342642,0.957683502,0.958829499,0.966366809,0.947573492,0.959228095,0.955881557,0.972623309,0.969252822,0.910427636,0.956456711,0.925218863,0.950265426,0.981283431,0.964886942,0.896165503,0.320310016,0.00362299494,0.00170485793,0.00337706601,0.0254397802,0.0373130674,0.0267846921,0.0158813683,0.0134714515,0.0162089876,0.0256282218,0.0165620702,0.0302004098,0.0326004877,0.0253563701,0.0231962404,0.0562115562,0.0314679293,0.0366661378,0.0326673111,0.0415905924,0.0382819295,0.0400501842,0.0205659267,0.028635696,0.0686803459,0.030504515,0.0688354208,0.0400653843,0.0129379171,0.0172390737,0.0495936066,0.372694035,27.9614842,30.2390091,27.3661604,24.4656296,24.0731049,23.3147993,23.5758383,24.0386198,22.9976132,22.709331,22.914817,23.6385031,23.0797471,23.4322058,23.541396,22.3057038,21.8281531,21.2800452,21.4534866,21.1610494,20.6535164,20.3457538,19.8170488,18.8939156,18.308663,17.7504337,17.3965775,17.1627058,16.5906479,13.1505722,8.20975444,5.6051407
evaluation/westside_03/cbr_20ms_128k/master.wav,evaluation/westside_03/cbr_20ms_128k/rust.wav,4.6962566,0.99897954,0.999558663,0.999331432,0.9885659,0.992155977,0.993808776,0.994410241,0.996348453,0.995172391,0.992801595,0.993639451,0.991008478,0.992453381,0.991194065,0.991027923,0.986637904,0.984890983,0.983981158,0.985005309,0.987665619,0.986003101,0.982347807,0.988309819,0.988925171,0.984955768,0.988298947,0.986252066,0.993514316,0.998566758,0.999436727,0.997615514,0.953532082,0.99836038,0.999299938,0.998173906,0.934141087,0.985790777,0.984539004,0.987716148,0.985844673,0.987584567,0.973657969,0.986650947,0.972898855,0.985505506,0.972065075,0.975004939,0.956911848,0.966986584,0.97073417,0.977836179,0.97811209,0.97879582,0.968935666,0.981501575,0.982142566,0.954491506,0.973946716,0.96965173,0.986359863,0.997338064,0.999018945,0.99149997,0.596378237,0,0.00101406109,0.00187252374,0.0471806044,0.0162012502,0.0101096351,0.00989845599,0.00334154984,0.00869815728,0.0196538962,0.0156903462,0.0226192074,0.0136796955,0.0197789556,0.0291059308,0.0288055916,0.0331545048,0.0259866366,0.0221471366,0.0162469236,0.0207587876,0.0306459141,0.0152262739,0.0175041995,0.0358916642,0.0190238374,0.0284061375,0.011324216,0.00298311791,0,0.00574623421,0.190991703,27.7307965,30.0038049,27.1659681,24.2651959,23.8096567,23.0870003,23.3281393,23.7708045,22.7482175,22.5031705,22.6457009,23.3610392,22.8446417,23.2240131,23.3026101,22.0784606,21.5877431,21.0441055,21.2078081,20.9254064,20.441073,20.1181615,19.5560784,18.6438098,18.0284237,17.4627906,17.0750082,16.7603084,16.1073424,12.8455072,6.02258232,3.57485886
evaluation/westside_03/cbr_20ms_128k/master.wav,evaluation/westside_03/cbr_20ms_128k/c.wav,4.69486174,0.998964529,0.999558274,0.999343838,0.988260616,0.992024824,0.993704032,0.994302796,0.99639216,0.995305369,0.992841687,0.993508083,0.990708202,0.992427228,0.991515193,0.991180652,0.986420148,0.985005068,0.98402873,0.985080939,0.987720401,0.9848556,0.981745821,0.988278077,0.988930137,0.985244652,0.988748898,0.985397098,0.993039176,0.998472189,0.999423822,0.997475974,0.949864132,0.998357635,0.99930044,0.998180013,0.934127352,0.985788735,0.984539817,0.987713223,0.985741563,0.987572028,0.973666615,0.985752605,0.971332758,0.985471861,0.974775993,0.975210859,0.956756196,0.966979604,0.970909647,0.978735133,0.978042794,0.969815826,0.961165986,0.981959733,0.982151796,0.954495483,0.97824661,0.968688078,0.981013354,0.99711591,0.999016806,0.991038144,0.557733676,0,0.00105936683,0.00192166349,0.0509701186,0.0162720737,0.00993500935,0.0099295543,0.00356782113,0.00823827312,0.0196318262,0.0156988888,0.024155455,0.0136048034,0.0185259103,0.0289169715,0.0289510303,0.0332926019,0.0262268795,0.0223138479,0.015926015,0.0285312623,0.0340619985,0.0151353666,0.0175075953,0.0357544135,0.0163007129,0.0323442674,0.0127665282,0.0033863898,0,0.00619851561,0.210177272,27.51286,29.7843074,27.0002727,24.0757705,23.6422737,22.8843923,23.173555,23.6013014,22.5458702,22.3205535,22.4705043,23.1715866,22.6682734,23.0414952,23.1161314,21.8920163,21.4039553,20.8619978,21.032737,20.74493,20.2638557,19.9429535,19.371936,18.4655269,17.8485426,17.2799264,16.8940472,16.5765565,15.9216566,12.6886352,5.86659498,3.39217785
evaluation/westside_03/cbr_20ms_192k/master.wav,evaluation/westside_03/cbr_20ms_192k/rust.wav,4.72050488,0.999461536,0.999741968,0.999653683,0.994065943,0.995608092,0.99666797,0.997037913,0.997634657,0.997266266,0.996158791,0.996830771,0.996575283,0.99698122,0.996463489,0.996134196,0.994347372,0.993858329,0.993111641,0.993631578,0.99359852,0.992179328,0.99347612,0.996161866,0.996743281,0.995326877,0.99559247,0.994622489,0.99743515,0.99941479,0.999853339,0.999774294,0.989439058,0.999018372,0.999451235,0.999387935,0.960415975,0.991170784,0.992333435,0.992920533,0.993221732,0.991085687,0.988358334,0.993260559,0.991931148,0.994256595,0.991919045,0.989740997,0.97285098,0.988077016,0.990103214,0.990353967,0.986268019,0.988554126,0.987336316,0.993380397,0.991448431,0.988384449,0.989585116,0.982354973,0.994068005,0.997679194,0.999774166,0.999296432,0.927424106,0.0010896876,0,0.000862451813,0.0206493901,0.0100450578,0.00699198229,0.00594427806,0.00224270261,0.00675074227,0.00956555532,0.0087257774,0.00700534594,0.00468569197,0.00846064508,0.0149566286,0.0205207202,0.0098486524,0.0100171343,0.00946889281,0.0114754931,0.00984214188,0.00872689486,0.00623541128,0.00757411011,0.00923318484,0.00366584946,0.0110406199,0.00537268891,0.00259872276,0,0.000849498655,0.0685172112,27.0406306,29.3556448,26.5745495,23.598949,23.2157381,22.4356466,22.7638609,23.1529222,22.0701988,21.8256773,21.9930043,22.7172447,22.1864706,22.5528514,22.6732322,21.399971,20.8996529,20.371756,20.5308813,20.2509922,19.7306729,19.4376807,18.8791505,17.9552258,17.3630772,16.7815976,16.4078675,16.0937063,15.4252227,12.1563253,5.256627,2.73705285
evaluation/westside_03/cbr_20ms_192k/master.wav,evaluation/westside_03/cbr_20ms_192k/c.wav,4.72093114,0.999451167,0.999743446,0.999656466,0.99420322,0.995599713,0.99655734,0.997005559,0.997592703,0.997248935,0.996243161,0.996950842,0.996617282,0.996951988,0.996533646,0.996256427,0.994210894,0.993628776,0.993046601,0.993563221,0.993510014,0.992317005,0.993441394,0.996056703,0.996779986,0.995433656,0.99572196,0.994443391,0.997387101,0.999422424,0.999854299,0.999793765,0.99131194,0.999013872,0.99945306,0.999384931,0.962023022,0.990732026,0.991706887,0.992911933,0.992293726,0.990966753,0.988246074,0.993357362,0.991998106,0.99420299,0.9913227,0.990299724,0.971331322,0.987628044,0.990331001,0.990338234,0.985391514,0.98863719,0.986964787,0.992579044,0.991686249,0.987788419,0.991220012,0.982395003,0.993268203,0.99772178,0.99977307,0.999503376,0.947996971,0.00121033735,0,0.000862687246,0.0205461928,0.0102305965,0.00748634738,0.00598264305,0.00202068448,0.00686585686,0.00949183715,0.0084509138,0.00687174845,0.00459484948,0.00758955845,0.0128006552,0.0208703669,0.0105690827,0.0102249743,0.00958528767,0.0114008437,0.00924465411,0.00873858116,0.00655864339,0.00740956605,0.00962299947,0.0034331065,0.0121656432,0.00586632685,0.00259217686,0,0.000563436752,0.052308175,27.0420521,29.3558936,26.5748533,23.5984915,23.214651,22.4335389,22.7606547,23.1500237,22.0693107,21.8249168,21.991721,22.7148447,22.1847105,22.5514486,22.671133,21.3981432,20.8994946,20.3681959,20.5303953,20.2511706,19.7286844,19.4363798,18.8761244,17.9526001,17.3600079,16.780918,16.4100111,16.0936669,15.4229932,12.1539261,5.25519335,2.73603654
evaluation/westside_03/vbr_5ms_96k/master.wav,evaluation/westside_03/vbr_5ms_96k/rust.wav,4.52246036,0.998507686,0.99954538,0.999290913,0.991946361,0.988965854,0.993900148,0.996148934,0.996990271,0.996075571,0.994797322,0.993009735,0.989544741,0.988650475,0.98361956,0.980247763,0.969348355,0.963977748,0.95756389,0.951035961,0.956455686,0.956422922,0.946143621,0.967013216,0.973912713,0.959752422,0.939398193,0.910645198,0.952967721,0.989052394,0.96816849,0.943254733,0.751063806,0.997124639,0.999258481,0.998722536,0.952706677,0.969695535,0.984990133,0.993207463,0.988094504,0.986026099,0.989773216,0.987773169,0.976635849,0.975967567,0.971448305,0.949642211,0.908183795,0.913119844,0.917296909,0.926670038,0.899197543,0.918171772,0.870832221,0.955402362,0.952425263,0.897574635,0.870882179,0.675201324,0.758006191,0.972730564,0.947039175,0.895839044,0.345497639,0.00257054669,0.000576070785,0.00181611866,0.0266015805,0.0331050654,0.0116047865,0.00473580855,0,0.00883111189,0.00960843806,0.0118025455,0.0169852119,0.0206502156,0.0337330251,0.0396744012,0.0587557874,0.0670961282,0.0710685269,0.0781006354,0.0645592786,0.0601836389,0.0970542261,0.0424922154,0.0317458157,0.0781524366,0.111340343,0.210254965,0.13164553,0.0206132494,0.0284114643,0.0497566577,0.350916211,27.9778466,30.2450726,27.3428889,24.4798067,24.0804674,23.3129356,23.58761,24.0566776,23.0009426,22.6973754,22.9250781,23.6496318,23.0976717,23.4509035,23.5758773,22.3456436,21.855489,21.3399472,21.5111098,21.2265215,20.7487794,20.3999437,19.9038694,18.9966653,18.3966357,17.8487753,17.5331959,17.2608626,16.606837,12.8704614,8.09736777,5.71750297
evaluation/westside_03/vbr_5ms_96k/master.wav,evaluation/westside_03/vbr_5ms_96k/c.wav,4.52707974,0.998826842,0.999545722,0.999234623,0.993097543,0.990949599,0.993377192,0.995975982,0.997242911,0.996547097,0.993688488,0.992311558,0.988659904,0.987872876,0.985959983,0.983876148,0.967889266,0.964095073,0.958812031,0.949036423,0.956367559,0.951136101,0.94730635,0.970258072,0.972832521,0.961829755,0.947761483,0.914862017,0.953567704,0.988280543,0.967262082,0.943665309,0.748730221,0.997152472,0.999178225,0.997994189,0.964313742,0.979080877,0.968092927,0.990091761,0.992436158,0.989618521,0.980567367,0.987328785,0.972104835,0.965554936,0.96967338,0.966391284,0.890268939,0.922192777,0.924164768,0.930105759,0.930508764,0.911455257,0.86513774,0.941636287,0.946568732,0.909465268,0.899086997,0.69461195,0.774581508,0.964340444,0.948378019,0.898108241,0.347952911,0.00212646775,0.00149349066,0.002637879,0.0224625865,0.0260146344,0.0242436672,0.00681875435,0.00131925156,0.00644724241,0.0153959502,0.0113302525,0.0206042167,0.0245004384,0.0238735221,0.0274315812,0.0647166407,0.0488016621,0.0596371276,0.0648645754,0.0594964666,0.0777036852,0.103077394,0.0377988479,0.0410089499,0.0718957887,0.0910114823,0.207768046,0.13143202,0.0248204254,0.0286550958,0.0482683041,0.348381009,27.9709575,30.2472016,27.3468929,24.503496,24.0898994,23.3001835,23.5602742,24.0329519,22.9927599,22.7057929,22.9310979,23.6392979,23.1123401,23.4520727,23.5427209,22.3411913,21.853173,21.3328384,21.5282811,21.2047383,20.7253954,20.4038329,19.9027219,18.9864121,18.3933083,17.8464104,17.5286735,17.2652331,16.6018851,12.8430977,8.09553977,5.73548919
evaluation/westside_03/vbr_5ms_128k/master.wav,evaluation/westside_03/vbr_5ms_128k/rust.wav,4.60261968,0.999261186,0.999698655,0.999576251,0.994951992,0.994910511,0.997490348,0.998042123,0.99839262,0.997800484,0.996460254,0.996266027,0.994119559,0.993290736,0.991119904,0.98929893,0.982310413,0.977280263,0.976961617,0.97883914,0.981700786,0.975353397,0.977860234,0.987126058,0.987120536,0.984864452,0.98401738,0.975990814,0.985231011,0.994087594,0.973813678,0.927983052,0.770705884,0.99791409,0.999453612,0.999123915,0.969121422,0.985301998,0.994652223,0.996217916,0.995931436,0.993251141,0.989212449,0.990724344,0.98706102,0.984581178,0.984172349,0.966222046,0.955666234,0.945580039,0.960390067,0.954381537,0.957070261,0.940454677,0.958731898,0.976541759,0.968922861,0.9740552,0.972625777,0.936729754,0.952036263,0.977193182,0.957584154,0.896497106,0.336768365,0.000913486908,0.00137386273,0.00180058713,0.0198317345,0.0184229045,0.0043291028,0.0035798153,0.00131418006,0.0047838163,0.0103624953,0.00661406202,0.0125259709,0.0130983379,0.0131106165,0.0212813956,0.0311015865,0.047106672,0.0351282989,0.0485733293,0.0247945222,0.0433668589,0.0376670006,0.0171308538,0.0228751668,0.0258931426,0.0213908198,0.0586061946,0.0365667969,0.0161098654,0.0207582405,0.0504449546,0.390963718,27.9636854,30.2469571,27.3458705,24.4852956,24.0571221,23.3154387,23.5731452,24.0594692,23.0177938,22.7093911,22.9275985,23.6336392,23.0928396,23.4612384,23.5624105,22.3269536,21.8540132,21.3245653,21.4441851,21.1693602,20.6939765,20.3857994,19.8342261,18.9229566,18.3399208,17.7722107,17.4300601,17.1289912,16.528615,12.9127949,8.22457199,5.14823978
evaluation/westside_03/vbr_5ms_128k/master.wav,evaluation/westside_03/vbr_5ms_128k/c.wav,4.60594666,0.999074662,0.999676438,0.999603891,0.994228174,0.995373443,0.997660429,0.998144818,0.998189833,0.997841166,0.996441679,0.996589098,0.99489334,0.993683899,0.990850519,0.987737298,0.980100478,0.977788999,0.974939701,0.974031659,0.981299518,0.973559576,0.973508839,0.987010614,0.987135926,0.983041412,0.984476597,0.981797326,0.986960589,0.994546373,0.97400977,0.92726007,0.772095769,0.997668392,0.999262795,0.999347794,0.959018107,0.987993684,0.995214659,0.996611415,0.992667162,0.991245876,0.987194778,0.994207509,0.99116409,0.986256721,0.983995666,0.968853402,0.943381716,0.935842134,0.96330986,0.957456025,0.962705858,0.946772313,0.939098631,0.976522477,0.977109371,0.961156256,0.972039711,0.954381701,0.953364334,0.981912719,0.958821423,0.891987641,0.339298758,0.00244397074,0.00108799662,0.00148282624,0.0203681662,0.010055735,0.0015781124,0.00272267655,0,0.00635039461,0.00993762469,0.00664657101,0.00937687259,0.0111891416,0.013295067,0.0211473399,0.038975927,0.0476961406,0.0403013662,0.055896492,0.0260281755,0.0501978447,0.0482347135,0.0157223959,0.0206624214,0.0341561613,0.0219409044,0.0414766355,0.0291826293,0.0123401067,0.0208312317,0.0511353478,0.389296081,27.9632964,30.2370682,27.3392329,24.503128,24.0621912,23.3029293,23.5934446,24.0707568,23.0046602,22.6940991,22.9145227,23.6229976,23.0854418,23.4421268,23.5472474,22.3241252,21.8265164,21.3141942,21.4418352,21.1673203,20.6806667,20.3857302,19.8362776,18.9093457,18.3410458,17.7673522,17.4148824,17.1174682,16.5226898,12.8955113,8.20048027,5.13604346
evaluation/westside_03/vbr_5ms_192k/master.wav,evaluation/westside_03/vbr_5ms_192k/rust.wav,4.71971098,0.999619135,0.999832719,0.999759654,0.996968375,0.997194858,0.998730059,0.998925215,0.999159369,0.998830791,0.998542544,0.998302594,0.997715554,0.997808212,0.996654129,0.995546895,0.992671795,0.993747358,0.992553949,0.991537035,0.991985468,0.991638803,0.991606586,0.994668842,0.994476892,0.993597806,0.994527715,0.993740428,0.996797196,0.999352967,0.999781711,0.999499251,0.993795915,0.999167179,0.999746521,0.99940526,0.978010851,0.984526967,0.995004299,0.997350135,0.997156877,0.99705631,0.995732986,0.996664036,0.99548401,0.996208365,0.993466878,0.989656442,0.971855629,0.988243756,0.984723463,0.986841138,0.986727364,0.984277339,0.98671995,0.990947552,0.989564993,0.984401286,0.987485254,0.980867533,0.993867017,0.998058149,0.999617754,0.999230146,0.957932555,0.00180434073,0.000875906352,0.00129805643,0.011442475,0.0143992294,0.00358058846,0.00201361223,0,0.00372996552,0.00415629163,0.00406996072,0.00315846799,0.00469452159,0.00638011316,0.00851207384,0.0172166531,0.00861559707,0.0131509912,0.0130845784,0.0128351246,0.0131730549,0.0129378765,0.00622761393,0.00895773986,0.00926619195,0.00617081442,0.0149791737,0.00460245815,0.00219244413,0.000529126083,0,0.0296224228,27.0608502,29.3482658,26.4850749,23.6194333,23.1818255,22.4100291,22.6915083,23.0492261,22.0630839,21.816933,21.9849094,22.6667985,22.1820351,22.5381829,22.6595207,21.4245323,20.9220454,20.3919738,20.5597994,20.2811151,19.7949092,19.4839797,18.9397037,18.0328543,17.4538738,16.862797,16.4777694,16.1394496,15.473058,12.2381317,5.37702956,2.77230041
evaluation/westside_03/vbr_5ms_192k/master.wav,evaluation/westside_03/vbr_5ms_192k/c.wav,4.71909644,0.999584109,0.999847999,0.999785267,0.998042941,0.997329123,0.998615956,0.999089532,0.999239096,0.998849909,0.99863394,0.998470095,0.997991698,0.997899668,0.997194126,0.995485198,0.991173401,0.993320686,0.99164295,0.991248083,0.991906058,0.991559304,0.991060523,0.994512353,0.995288274,0.994191143,0.993751874,0.993630972,0.996986876,0.999408769,0.999783484,0.999470195,0.991276544,0.998905135,0.999762694,0.999487224,0.990909121,0.98389663,0.994728252,0.998237073,0.99688944,0.996147971,0.996303307,0.996983234,0.995081916,0.996544028,0.995511465,0.987662937,0.954641151,0.985205221,0.982622495,0.987848127,0.984174924,0.984054985,0.985531441,0.989135444,0.99186996,0.987291715,0.983990362,0.980632697,0.992447399,0.998585339,0.999630648,0.999061735,0.935816531,0.00148916309,0.000770000823,0.00139176712,0.00461793307,0.0154077948,0.00440492649,0,0,0.00360584795,0.00323744928,0.00235762533,0,0.00303830345,0.00467650842,0.010106456,0.0290184145,0.00996288523,0.0154567179,0.0151353816,0.0145316886,0.012198728,0.0121739421,0.00755680631,0.00700801824,0.0059090343,0.0078594531,0.0134944132,0.0054545355,0.00168932942,0,0,0.0510818219,26.7883446,29.1162909,26.2980596,23.3549436,22.9549419,22.1841104,22.4722916,22.8328254,21.818283,21.5763104,21.7459529,22.4233994,21.9428944,22.2947595,22.4377011,21.1710942,20.6827868,20.1562769,20.3024386,20.0352109,19.5313206,19.2212959,18.6715631,17.7502802,17.1389405,16.5750746,16.187167,15.8607709,15.1888002,11.9466068,5.0676045,2.50380745
evaluation/westside_03/vbr_20ms_96k/master.wav,evaluation/westside_03/vbr_20ms_96k/rust.wav,4.59450532,0.998544753,0.999249961,0.998780582,0.987740462,0.987398192,0.990550538,0.99272401,0.994989361,0.993104526,0.987838838,0.989564866,0.985091938,0.98550432,0.98611171,0.987047287,0.97728071,0.978919545,0.972544264,0.973737179,0.976600141,0.974630559,0.972371319,0.982193959,0.98363631,0.976553389,0.980504564,0.970924229,0.97854826,0.994025523,0.983698381,0.94149799,0.749451486,0.997299635,0.998355198,0.995787419,0.96268971,0.961548886,0.974483159,0.981007226,0.987923135,0.98332469,0.959565067,0.970193717,0.957237403,0.974939613,0.969034142,0.975602939,0.92519531,0.952874661,0.958167422,0.967419006,0.950639276,0.955151604,0.946478765,0.971392728,0.970272987,0.913256573,0.960213029,0.924634527,0.93899981,0.980072155,0.970106877,0.8988379,0.306207184,0.00211983229,0.00213668899,0.00488272866,0.0336378407,0.0322648874,0.0169797786,0.0137115342,0.0072236917,0.0128205548,0.0371475464,0.0301835456,0.0268653608,0.0240634682,0.0395689386,0.0254711181,0.0531092478,0.0305709521,0.0470905412,0.0320339933,0.0442687585,0.0369106017,0.044166988,0.0223540197,0.0271102791,0.0694518197,0.0301665171,0.0586508627,0.0460624834,0.0148536213,0.0144638938,0.0503797089,0.370792697,27.9626251,30.2440456,27.3661413,24.4783207,24.0729831,23.3105867,23.5713794,24.0316992,22.999937,22.7141745,22.9210175,23.6384899,23.0881504,23.4401164,23.5608468,22.3083926,21.82509,21.2912084,21.4568653,21.1739115,20.6647567,20.3491656,19.8400944,18.9104956,18.3203526,17.7520146,17.4009897,17.1714595,16.6014049,13.1734966,8.14129461,5.56217301
evaluation/westside_03/vbr_20ms_96k/master.wav,evaluation/westside_03/vbr_20ms_96k/c.wav,4.59370176,0.998536227,0.999269141,0.998848718,0.988080016,0.987524176,0.990424098,0.993232138,0.994546969,0.99270581,0.988827808,0.990246939,0.986070734,0.985944519,0.986720149,0.988125612,0.978742812,0.977238164,0.972456551,0.974037121,0.977901544,0.97370765,0.972671423,0.982179713,0.984730252,0.980735293,0.979536302,0.96976977,0.976711577,0.994046215,0.983381978,0.940773935,0.749427983,0.997596315,0.998594058,0.997407156,0.956861979,0.95508775,0.972517421,0.986385319,0.986473073,0.980891253,0.96649815,0.976441437,0.970729574,0.971268428,0.973665128,0.9801478,0.927749906,0.959212588,0.952731717,0.968190071,0.950594171,0.94594972,0.950148684,0.962679541,0.970751084,0.957565933,0.958361316,0.92890446,0.930971267,0.978865503,0.967684969,0.896805464,0.323337826,0.000864947529,0.00209521119,0.00426527118,0.0320333448,0.0343049663,0.0176110044,0.0119853334,0.00797122189,0.0131655634,0.0280303718,0.0248285028,0.0232415378,0.0239796006,0.0273990258,0.0212960177,0.0457913166,0.0352850075,0.0485945525,0.0308017015,0.0394095732,0.0399417207,0.0453617559,0.0210253898,0.0229061058,0.03215969,0.035751093,0.0664021087,0.0545624438,0.0146597701,0.0155880305,0.0507905293,0.373091855,27.960588,30.2477665,27.3631241,24.4710074,24.0591306,23.3108891,23.5704762,24.0341339,22.997818,22.7111734,22.9161547,23.6296443,23.0758803,23.4385432,23.5378264,22.296448,21.814247,21.293212,21.4578756,21.1708179,20.6629548,20.3344868,19.8262726,18.9089053,18.3168607,17.7490638,17.3925195,17.159389,16.5994921,13.1684002,8.16431475,5.56407853
evaluation/westside_03/vbr_20ms_128k/master.wav,evaluation/westside_03/vbr_20ms_128k/rust.wav,4.68639124,0.99900214,0.999550947,0.999351015,0.987583272,0.991830406,0.993656262,0.994896363,0.995739702,0.995450806,0.993481561,0.994139633,0.991627022,0.992772028,0.992856777,0.991750551,0.984745103,0.982573805,0.982446394,0.985160413,0.987101744,0.985771383,0.981403073,0.988468226,0.988158629,0.985240894,0.988476793,0.987690807,0.994171472,0.99839397,0.998776105,0.98931229,0.921840449,0.997795253,0.99934464,0.998644484,0.920547731,0.983590672,0.981315009,0.988342229,0.980066168,0.986096262,0.97882385,0.98780085,0.984982759,0.98774704,0.98167442,0.97797251,0.949822711,0.970261704,0.97037968,0.971307903,0.976370746,0.973065469,0.967558984,0.976543351,0.976129381,0.950835267,0.974284075,0.972208718,0.989324192,0.996832637,0.996483237,0.957254567,0.453341463,0.00187870763,0.00140730109,0.00211115063,0.0499729348,0.0177050222,0.0108863537,0.00827377996,0.00878374448,0.00794578329,0.0151777515,0.01318561,0.0142405939,0.0133382031,0.0107385028,0.0226294864,0.0329969674,0.0345718801,0.0301937905,0.0228867059,0.0167688315,0.020538142,0.0334330857,0.0174023169,0.0219634321,0.0330178932,0.0191084725,0.0237353484,0.00766138142,0.00313449271,0,0.0281941377,0.26055491,27.7063212,29.9396528,27.133068,24.2434246,23.7956003,23.0729634,23.3010782,23.8172809,22.7918508,22.4924874,22.6489648,23.40755,22.8665102,23.2203966,23.3224106,22.0958855,21.58267,21.0502695,21.2147061,20.9302571,20.4287723,20.1085559,19.5655382,18.6217562,18.0266474,17.4609197,17.0844908,16.7771631,16.111999,12.8509221,6.16986236,3.59971167
evaluation/westside_03/vbr_20ms_128k/master.wav,evaluation/westside_03/vbr_20ms_128k/c.wav,4.68528085,0.998948322,0.999551398,0.999367874,0.990618686,0.991740624,0.993198407,0.994414272,0.995844208,0.995367439,0.992378984,0.993834519,0.991004619,0.991379508,0.991806672,0.991204839,0.985073389,0.9835206,0.98427438,0.986143829,0.987740482,0.985496164,0.982233209,0.989504887,0.99021895,0.985746773,0.987446244,0.985141314,0.993467229,0.998613096,0.998902246,0.991650487,0.919868242,0.997875635,0.999335651,0.998382809,0.954594814,0.982342091,0.979403623,0.988338095,0.983463228,0.987289251,0.970876609,0.984434246,0.974525701,0.974300548,0.977271537,0.980047377,0.943736865,0.968825725,0.974640209,0.97796256,0.978863297,0.978726514,0.970979887,0.981171478,0.982480137,0.945640452,0.973279747,0.961569019,0.985428315,0.997759275,0.996271349,0.966243058,0.484005165,0.00158151175,0.00106468503,0.00225934627,0.0371766647,0.0206755069,0.0130665487,0.00911507659,0.00664052971,0.00718195083,0.0198885131,0.0147186434,0.0179586949,0.0168193326,0.0138901722,0.0235867366,0.035554609,0.0365886477,0.0294745672,0.0223049431,0.0162827547,0.0219988396,0.0302778232,0.0150872632,0.0166837921,0.0343404243,0.0210040129,0.03451132,0.00965333833,0.00187818773,0,0.0184170217,0.267972054,27.6835043,29.9027009,27.1032804,24.2134617,23.7908131,23.0653112,23.2677343,23.7989001,22.7972684,22.4578525,22.6541158,23.3961057,22.8722272,23.2073304,23.3092825,22.0840157,21.5908134,21.0389709,21.2148585,20.9306961,20.4300301,20.0954027,19.5679998,18.6506548,18.0387111,17.4675693,17.0921729,16.7717017,16.1033444,12.8640598,6.20168364,3.58215673
evaluation/westside_03/vbr_20ms_192k/master.wav,evaluation/westside_03/vbr_20ms_192k/rust.wav,4.72047236,0.999365658,0.99970371,0.999653249,0.99471273,0.996114717,0.99710099,0.997463402,0.997714457,0.997398159,0.996207727,0.996947177,0.996888169,0.997106637,0.996609191,0.996324329,0.994298594,0.993795734,0.993193231,0.993268833,0.992779991,0.991624479,0.993175325,0.995710473,0.996787631,0.995720927,0.994626843,0.993739562,0.9976055,0.999549117,0.9998714,0.999768557,0.991180624,0.998793174,0.999285211,0.999178752,0.967140679,0.992219499,0.989094904,0.99562583,0.993281126,0.993010301,0.987912856,0.992730954,0.994359036,0.993230359,0.989715718,0.988331585,0.976574501,0.986680156,0.987584469,0.988414413,0.982082545,0.985940803,0.98789908,0.992175245,0.993757803,0.988283327,0.987455907,0.973466579,0.994318513,0.998591935,0.999736156,0.999430078,0.931641787,0.00174001155,0.000832194155,0.00129016275,0.0183912771,0.00913382813,0.00833280252,0.00357006684,0.00188900651,0.00422452575,0.00893356026,0.00937669619,0.00582130567,0.00605299989,0.00839840855,0.0124068705,0.0137224398,0.00948032646,0.00862451628,0.00931439011,0.0173131036,0.0178985596,0.0100657064,0.00694063752,0.00676496167,0.00831781559,0.00679132878,0.014090433,0.00521206815,0.00159799982,0,0,0.0636286408,27.1721649,29.4371804,26.6610907,23.721458,23.3209335,22.5242712,22.866951,23.2607641,22.1871924,21.9567413,22.1140894,22.8386962,22.3237844,22.6814745,22.787739,21.5263511,21.0307493,20.5004135,20.6703789,20.3939552,19.8817507,19.5777559,19.0205894,18.1028058,17.4983967,16.908973,16.534504,16.2159335,15.5453573,12.2803307,5.38771772,2.84455697
evaluation/westside_03/vbr_20ms_192k/master.wav,evaluation/westside_03/vbr_20ms_192k/c.wav,4.72037487,0.999306734,0.999702852,0.999657222,0.993945256,0.995706922,0.997092043,0.997421911,0.997843951,0.997429784,0.996000782,0.996936246,0.996790356,0.997106585,0.996819582,0.996427928,0.993541357,0.993516223,0.993546903,0.993511244,0.993289921,0.992684187,0.993689998,0.995659503,0.996374064,0.995677488,0.994961599,0.993797914,0.997423433,0.999502856,0.999870453,0.999774019,0.990822884,0.998349302,0.999339665,0.999189176,0.959162147,0.98872967,0.990064505,0.994452982,0.993653776,0.993498678,0.985339101,0.993258157,0.994317428,0.99483701,0.991138412,0.99018747,0.977310623,0.985855771,0.987746339,0.989496796,0.983988118,0.989239015,0.988395605,0.991107921,0.99259626,0.989876915,0.987753226,0.976939637,0.99425432,0.998374721,0.999749496,0.999467719,0.950050816,0.00237348891,0.000855356987,0.00134935233,0.0253338548,0.0118726382,0.00640752782,0.00396876114,0.00199675254,0.00436396664,0.0131276325,0.00888311853,0.00520338829,0.00488742713,0.00645513024,0.0112464408,0.0139981022,0.010329352,0.00875560306,0.00906245227,0.0139017247,0.00837757647,0.00801171866,0.00687792604,0.00785291311,0.00756741942,0.00664715538,0.0139519848,0.00474901045,0.00176484017,0,0,0.0565853338,27.1583507,29.4263753,26.6488473,23.7138316,23.3033369,22.5140492,22.8536491,23.2523524,22.1726563,21.946832,22.1064528,22.8277571,22.3085764,22.6694263,22.7802216,21.5172242,21.0169928,20.4865695,20.6567284,20.3767554,19.8672716,19.569436,19.0175228,18.0900436,17.4742172,16.9001951,16.515817,16.2048495,15.5357599,12.2727226,5.37801136,2.8356523
evaluation/westside_04/cbr_5ms_96k/master.wav,evaluation/westside_04/cbr_5ms_96k/rust.wav,4.57121753,0.997282634,0.99904435,0.998861197,0.997151038,0.994830692,0.994047802,0.99460122,0.99301108,0.995433743,0.995527415,0.99366966,0.991627152,0.991066498,0.988110288,0.981758486,0.97626286,0.971511072,0.959001482,0.964329605,0.98040521,0.98058462,0.98343863,0.986473969,0.987772608,0.98226127,0.985226075,0.981802244,0.97937287,0.986145182,0.946910763,0.925939615,0.721069389,0.992071047,0.997769992,0.996281543,0.992854083,0.983775288,0.983334745,0.988673581,0.98600476,0.991288645,0.992231904,0.988160417,0.984088194,0.983320623,0.972639933,0.965235304,0.936508238,0.95574577,0.925185783,0.928627552,0.976045024,0.969046991,0.97362738,0.974776328,0.982388101,0.921563823,0.973976118,0.957100095,0.940236334,0.963287307,0.893965261,0.89202558,0.383620301,0.00813984224,0,0.00165601155,0.00769132587,0.0117436272,0.0157239281,0.0148435889,0.0172767735,0.00582652407,0.00683698435,0.0106634626,0.0139514073,0.0113409558,0.0169388265,0.0398745185,0.0525061367,0.0350319513,0.0603754741,0.0526614277,0.0226838697,0.0268030261,0.0226386946,0.020016868,0.017278164,0.0612269343,0.0215513734,0.0343128511,0.047913788,0.026167104,0.0673780915,0.0780548896,0.391569006,31.2445535,31.4952504,28.973931,26.4435605,26.8576161,26.029212,24.4662396,24.3709287,24.5302354,24.0672726,24.0701027,23.7997443,24.1803884,24.022706,23.7062491,22.8216555,22.7501849,22.635165,22.4211749,22.0886254,21.5640033,21.1892152,20.5435941,19.7472681,19.0709908,19.1204524,18.7209136,18.4293065,17.6036319,13.818662,9.67290005,7.62975711
evaluation/westside_04/cbr_5ms_96k/master.wav,evaluation/westside_04/cbr_5ms_96k/c.wav,4.56967375,0.996344307,0.999031359,0.998801185,0.99705616,0.995217923,0.994898555,0.994716008,0.994303011,0.995111244,0.995209065,0.993916362,0.992330926,0.98920456,0.987801248,0.982054368,0.9755007,0.968845142,0.957064957,0.962896478,0.978985601,0.980252508,0.98374831,0.986211595,0.987049307,0.982565847,0.985110797,0.981230196,0.979538951,0.986244515,0.945915709,0.925418654,0.718539081,0.984778129,0.997864993,0.996195524,0.990896871,0.98284843,0.987390013,0.988836794,0.989980602,0.988118554,0.991615927,0.98766928,0.987109013,0.978737449,0.969842668,0.963572265,0.943360219,0.939598764,0.934311863,0.928000346,0.958532731,0.968614225,0.974835791,0.974576755,0.978703862,0.925253015,0.973470692,0.952109011,0.943306243,0.964949211,0.89492155,0.892715324,0.386599938,0.0100813847,0,0.00147421501,0.00756053928,0.010685221,0.0121359534,0.0112031679,0.0107545102,0.00848401162,0.00777874315,0.01036736,0.0112991093,0.0216977301,0.0202148316,0.0380016723,0.0521216139,0.0450997403,0.0718214526,0.0591391958,0.0329975962,0.0276688019,0.0209716896,0.0201233432,0.0162896901,0.0546065499,0.0221791062,0.0346578242,0.0461283658,0.0252899849,0.0678078879,0.0781869487,0.392514712,31.244765,31.4934143,28.9697503,26.4481802,26.8581488,26.0315515,24.4785706,24.3887028,24.5416062,24.0719984,24.0824435,23.8131901,24.1745847,24.0297416,23.7171426,22.8329458,22.7654875,22.6342212,22.4295713,22.1006606,21.5660826,21.1887786,20.5492416,19.7388373,19.0572041,19.105026,18.7139816,18.4379515,17.6010961,13.8195643,9.68769216,7.64563516
evaluation/westside_04/cbr_5ms_128k/master.wav,evaluation/westside_04/cbr_5ms_128k/rust.wav,4.60445237,0.99802633,0.999428301,0.999389523,0.998822674,0.99788839,0.998018149,0.997750336,0.996606129,0.997686278,0.997465444,0.996936424,0.99563216,0.994337256,0.991083607,0.98864407,0.986566286,0.981098037,0.977755657,0.983068553,0.990666363,0.988772367,0.990395359,0.994786987,0.995652077,0.99452405,0.995460641,0.993656987,0.992944533,0.994702667,0.962356414,0.916028018,0.730199951,0.992233048,0.998819835,0.998487532,0.99740792,0.995151345,0.994988819,0.996259039,0.987992098,0.994305341,0.995875522,0.993969898,0.991600796,0.992025314,0.980048103,0.980605777,0.972166528,0.964452129,0.959209518,0.96764214,0.986138666,0.981135378,0.986267042,0.99057076,0.993372011,0.983352269,0.991559648,0.982613003,0.978432218,0.986841045,0.935540886,0.876770483,0.300806234,0.00819667287,0,0,0.00368861174,0.00464593665,0.00453874287,0.00467320122,0.0100409187,0.00339383657,0.00496660332,0.0072689736,0.00837028365,0.00837810164,0.0167141397,0.0166902023,0.0196282505,0.0290567586,0.0406813918,0.0275249665,0.0153030934,0.0166133558,0.0124446132,0.00828291727,0.00703968565,0.0199685444,0.0125242687,0.0174555767,0.0180255017,0.00957210969,0.0346926755,0.0709503904,0.428735006,31.0956587,31.345618,28.8314469,26.2878049,26.7320476,25.9095046,24.3074889,24.2468824,24.4398924,23.930676,23.950073,23.6804822,24.038629,23.8790121,23.5646316,22.680243,22.6153505,22.4298491,22.2025991,21.9163651,21.3699738,20.9999788,20.3414161,19.5638715,18.8519656,18.916608,18.492934,18.2427009,17.4575565,13.8237451,9.64658624,6.97066515
evaluation/westside_04/cbr_5ms_128k/master.wav,evaluation/westside_04/cbr_5ms_128k/c.wav,4.60384605,0.998044549,0.99938575,0.999369271,0.998635892,0.997561471,0.997875854,0.997735922,0.996721592,0.997638413,0.997761094,0.99686844,0.995328059,0.994112099,0.990354186,0.987727733,0.986562899,0.983114259,0.979545037,0.984779962,0.991858361,0.98897353,0.990672491,0.994704765,0.995541378,0.993970403,0.995702353,0.992978655,0.992077992,0.994701394,0.962359232,0.915262352,0.732030655,0.993757671,0.998833484,0.998467256,0.996409196,0.993323603,0.995274995,0.99633042,0.988189755,0.993585967,0.995823916,0.993934862,0.987311071,0.990240371,0.973063122,0.974754799,0.974591376,0.974467205,0.961842401,0.972310913,0.989989367,0.98592623,0.986227686,0.990117317,0.993069487,0.983541334,0.990723071,0.974887522,0.972739849,0.985806142,0.936280855,0.867886462,0.357217763,0.00724492093,0,0.000929361712,0.00434995355,0.00413806578,0.00456394261,0.00416320426,0.0103846939,0.00351587952,0.00236116873,0.00716613824,0.00923873069,0.0103058384,0.0181483411,0.0196485432,0.0192620175,0.0231463303,0.0366283148,0.0234738101,0.0105570559,0.0166031234,0.0130341291,0.00825953897,0.00720003999,0.0198293861,0.0119160557,0.0268872123,0.0226735169,0.0104487597,0.0347057093,0.0729374674,0.425755954,31.0933294,31.3439406,28.8234178,26.2814227,26.7313701,25.9164025,24.310292,24.2394748,24.4411508,23.9345777,23.9506142,23.6822532,24.0379177,23.8763672,23.550018,22.6803784,22.6066015,22.4306534,22.2069189,21.9077306,21.3574189,21.0033518,20.3403463,19.5589398,18.842919,18.9070174,18.4845378,18.2396126,17.4585411,13.8281924,9.65177036,6.97221115
evaluation/westside_04/cbr_5ms_192k/master.wav,evaluation/westside_04/cbr_5ms_192k/rust.wav,4.72649735,0.998950573,0.999709547,0.999616193,0.999395185,0.999062712,0.998909249,0.998825483,0.998508721,0.999027243,0.999096683,0.998898211,0.998228493,0.997766309,0.997048183,0.996207898,0.994974234,0.993519421,0.9928863,0.991604299,0.994496869,0.995594131,0.996862185,0.998067715,0.998046118,0.997000522,0.99767667,0.998551839,0.998691204,0.999588782,0.999814744,0.999501401,0.997059497,0.99736972,0.999046535,0.998531703,0.99896526,0.997994969,0.996511084,0.998067457,0.996191623,0.997177332,0.998507926,0.998280616,0.995224231,0.995564558,0.99521041,0.992604254,0.989483293,0.988357605,0.987491523,0.987644735,0.99250293,0.993419683,0.995323359,0.996979384,0.997152344,0.993821739,0.993732767,0.997457477,0.997375408,0.99940719,0.999717843,0.999000501,0.990631617,0.00269982561,0,0,0.00202555349,0.00222508978,0.0035179649,0.00295267721,0.00386821096,0,0,0.00256693278,0.00385105323,0.00375435486,0.00540946765,0.00574944082,0.00723604495,0.00940938502,0.00836042664,0.0121181611,0.00846181224,0.00650729676,0.00405136732,0.00278321862,0.0031040936,0.00612324794,0.00571588809,0,0,0,0,0,0.010623612,30.6922904,30.9377306,28.4368101,25.9087712,26.3447581,25.5543434,23.9173817,23.8552005,24.0702175,23.546348,23.5809738,23.3043084,23.6762177,23.5145827,23.195529,22.283176,22.1790248,22.0235041,21.7962404,21.5111228,20.9722413,20.5717488,19.9140241,19.1209521,18.4192615,18.4844959,18.07327,17.8282275,16.9950832,13.7364324,7.25056615,5.12086634
evaluation/westside_04/cbr_5ms_192k/master.wav,evaluation/westside_04/cbr_5ms_192k/c.wav,4.72637626,0.998994436,0.999682394,0.999608654,0.999409979,0.999158711,0.999040519,0.998888863,0.998558478,0.999067322,0.999157549,0.998794934,0.99810608,0.997933627,0.997397606,0.996161686,0.994509824,0.993349512,0.992569211,0.992533989,0.994893776,0.995693349,0.996723128,0.997956956,0.998112112,0.997167344,0.99754324,0.998421167,0.998700568,0.999625946,0.999818829,0.999533255,0.996545404,0.99602351,0.998912752,0.998410386,0.998848475,0.997994597,0.997323305,0.998165153,0.996002794,0.997607361,0.998512577,0.997008384,0.995444644,0.996283262,0.995530872,0.991390372,0.985735538,0.985727258,0.987286657,0.987671547,0.992678577,0.993448513,0.994661874,0.996030243,0.997124207,0.993891335,0.99329403,0.997322012,0.997324434,0.999427703,0.999734565,0.999197942,0.988743125,0.00341026374,0,0,0.00190017685,0.00229239092,0.00281811116,0.00239977545,0.00406063028,0,0,0.00184525,0.0032835418,0.00314955159,0.0048875336,0.00753322661,0.00952399329,0.0122319092,0.0101045545,0.0105222016,0.00825741683,0.00732536377,0.00541391618,0.00342939928,0.00315569393,0.00662096723,0.00599440268,0,0,0,0,0,0.0135028809,30.5785149,30.8563754,28.3577549,25.8637748,26.2629543,25.462244,23.8444024,23.7740572,23.9799283,23.4731128,23.5049225,23.2409254,23.6138746,23.4371771,23.1097377,22.2018715,22.1113501,21.9552525,21.7255794,21.4324089,20.8953351,20.4927444,19.8308291,19.0260579,18.2981101,18.3600501,17.9435026,17.6939786,16.8564604,13.5821546,7.09748747,5.00207305
evaluation/westside_04/cbr_20ms_96k/master.wav,evaluation/westside_04/cbr_20ms_96k/rust.wav,4.60651418,0.996028861,0.998555477,0.998503922,0.996383105,0.993222668,0.993242427,0.992542194,0.988013485,0.992332317,0.992503954,0.990911989,0.986760277,0.987923707,0.987917139,0.989160626,0.983607909,0.982245398,0.979770032,0.981111884,0.990054041,0.991419863,0.993339172,0.995262607,0.995426988,0.995025116,0.995090359,0.992086973,0.986871258,0.99100595,0.965920885,0.927127075,0.747033166,0.985531599,0.997196479,0.996995963,0.992961863,0.979174983,0.982425609,0.987213121,0.962672034,0.983669663,0.98643161,0.980973534,0.951973481,0.96652135,0.962968571,0.981130534,0.962135579,0.961130362,0.947002491,0.971301458,0.980259328,0.985803117,0.988339257,0.992779028,0.991675786,0.985236954,0.989439159,0.983674641,0.955051583,0.954764979,0.89637933,0.909920413,0.436167758,0.00971111233,0,0.00159197851,0.00752403098,0.0171594542,0.0142027172,0.0127390284,0.0270148335,0.0108773499,0.0149529287,0.0169372333,0.0288148876,0.0220266095,0.0220874015,0.014522051,0.0315247638,0.0274137646,0.0378472835,0.0301178536,0.0208538334,0.0152914485,0.00982553733,0.00741218364,0.00681541426,0.01010164,0.0103466354,0.0120375422,0.0403532259,0.0349459421,0.0644800125,0.0794270774,0.391956956,31.0959013,31.337686,28.8548205,26.3164196,26.7427291,25.9264353,24.3474818,24.2525407,24.4358223,23.9258257,23.9674297,23.6665471,24.0389272,23.8896079,23.5615016,22.6700845,22.5720277,22.4109647,22.1950628,21.9093805,21.3894269,20.9982844,20.3261446,19.541862,18.8478247,18.8798532,18.4670918,18.2447311,17.4655964,13.9702352,9.59682647,7.22421213
evaluation/westside_04/cbr_20ms_96k/master.wav,evaluation/westside_04/cbr_20ms_96k/c.wav,4.60680837,0.995971649,0.998555922,0.998526454,0.996308004,0.993230539,0.992996234,0.992315759,0.987782112,0.99241617,0.992607488,0.991222428,0.986700809,0.988080363,0.988034571,0.989233292,0.983828139,0.982133783,0.97889006,0.980147328,0.989980812,0.991744291,0.993381936,0.995233034,0.995337702,0.994910958,0.994896491,0.992030324,0.986826622,0.990996286,0.966038087,0.92746858,0.748347314,0.985501156,0.997202422,0.997052158,0.992743554,0.97950318,0.982228673,0.986494125,0.962935849,0.985007552,0.98751226,0.98309552,0.952006819,0.966510324,0.962962204,0.981133215,0.963265593,0.958436799,0.943863239,0.959843606,0.98024526,0.985850177,0.988344913,0.992750441,0.991215479,0.985214443,0.989475597,0.983651311,0.955051835,0.954699983,0.896489518,0.909891707,0.43442666,0.00979874658,0,0.00139294342,0.00739850274,0.0165406555,0.0147537641,0.0127844352,0.0263024116,0.0107755423,0.0150112105,0.0166375339,0.0287168455,0.021986426,0.0220028114,0.0146964019,0.0312432566,0.0269824343,0.0388077765,0.03392734,0.0211051866,0.0148143493,0.0096703557,0.00718310048,0.00663968681,0.0100811062,0.0125783452,0.0120664902,0.0402437589,0.0349163749,0.0643492025,0.079338459,0.390597363,31.0956582,31.3382255,28.8532151,26.3162906,26.7432348,25.9246275,24.3497043,24.2531507,24.4375174,23.92271,23.966175,23.6675579,24.0386726,23.8886678,23.5605733,22.6689252,22.5764842,22.4157841,22.1980581,21.9099789,21.3892746,20.998947,20.3272143,19.5442048,18.8498602,18.8822857,18.4664504,18.2448228,17.466707,13.9670947,9.58740341,7.22382258
evaluation/westside_04/cbr_20ms_128k/master.wav,evaluation/westside_04/cbr_20ms_128k/rust.wav,4.70615238,0.996973028,0.998917728,0.998822667,0.997658201,0.995357746,0.995372588,0.995657091,0.991228302,0.995752781,0.995937911,0.994935601,0.993154243,0.993390134,0.993853044,0.993592825,0.990804132,0.989375383,0.988656378,0.988523697,0.992924722,0.993924197,0.995656979,0.997011489,0.997173184,0.995545837,0.996896955,0.996451733,0.996608611,0.998979338,0.998140323,0.990355803,0.948404075,0.98739972,0.995107228,0.996369412,0.995111534,0.986833169,0.987251134,0.992442672,0.960969829,0.989327129,0.991406397,0.988819978,0.975228596,0.980818837,0.983614683,0.986739072,0.963367009,0.972077656,0.981685601,0.978905008,0.982268989,0.989665581,0.993801226,0.9942453,0.994638362,0.983913727,0.992808366,0.99277909,0.985517416,0.998120473,0.990835538,0.961448425,0.666500173,0.00877354511,0,0,0.00493175512,0.0134425568,0.0116300588,0.00959018808,0.0408463844,0.00454988008,0.00815008881,0.00956610544,0.0157062491,0.0136220516,0.0124971091,0.00728022151,0.0197685008,0.0161604792,0.0176958156,0.0195699917,0.0177677363,0.0128547714,0.00654021446,0.00481648163,0.00418936607,0.0192097085,0.00729826171,0.00682484355,0.0105163059,0.000362364739,0.00456340599,0.0293522412,0.22147972,30.606944,30.9016348,28.405947,25.9155496,26.298228,25.4938722,23.8844683,23.8125804,24.0139202,23.4994582,23.527876,23.2480416,23.6119766,23.4506396,23.130696,22.2255652,22.1327838,21.9795978,21.7539275,21.4622596,20.9290947,20.5481793,19.8610502,19.0683126,18.3540586,18.3973085,17.9874104,17.7280196,16.8990987,13.6496349,7.34526865,5.19365484
evaluation/westside_04/cbr_20ms_128k/master.wav,evaluation/westside_04/cbr_20ms_128k/c.wav,4.70571084,0.997658208,0.999057012,0.998838643,0.99750251,0.995254966,0.995406829,0.995716005,0.990932014,0.995663868,0.99590706,0.99513268,0.993168771,0.993384768,0.993874666,0.993684178,0.991620676,0.98963395,0.988833033,0.988631675,0.993049678,0.993970071,0.995589652,0.996998012,0.997207211,0.995546469,0.996892673,0.996439947,0.996590959,0.999014005,0.998134133,0.990288585,0.946371399,0.995036889,0.997090442,0.996149194,0.995119923,0.986050909,0.987249919,0.992417507,0.961389736,0.989286665,0.991357308,0.989418933,0.975237306,0.980810249,0.983606011,0.986744067,0.973373555,0.976067326,0.984111815,0.978932521,0.982244911,0.989673898,0.993518108,0.994177329,0.994643466,0.983999541,0.992822323,0.992838009,0.985528059,0.998451581,0.990799549,0.960722492,0.666448217,0.00448050994,0,0,0.0049120752,0.0143450502,0.0115915473,0.00940691794,0.0405545526,0.00395761779,0.00812863806,0.00899416833,0.0158344636,0.0135393785,0.0123246374,0.00741965477,0.0179798362,0.016254562,0.0176038889,0.0195078115,0.0175506809,0.0127180716,0.00649082842,0.00460581443,0.00427197922,0.019265025,0.00763032999,0.00703063053,0.010624292,0,0.00458179602,0.0295286303,0.226561646,30.6057626,30.9012233,28.4054676,25.9126297,26.3022936,25.4964839,23.8832157,23.8161289,24.0113976,23.4991118,23.5248806,23.246407,23.6125196,23.4500276,23.1265871,22.2224784,22.1327196,21.97919,21.753696,21.4643583,20.9280615,20.5483918,19.8617861,19.069894,18.3551633,18.3997353,17.9895166,17.7282206,16.8966204,13.6491816,7.34981707,5.19470674
evaluation/westside_04/cbr_20ms_192k/master.wav,evaluation/westside_04/cbr_20ms_192k/rust.wav,4.72799592,0.998859089,0.999470485,0.99940132,0.99855411,0.997722227,0.997564944,0.997251322,0.996541826,0.997986284,0.997804125,0.997697167,0.997525454,0.997264149,0.99594911,0.995534732,0.996542424,0.995022809,0.993983535,0.99486493,0.997113319,0.996899882,0.997948537,0.99890437,0.998890227,0.998389377,0.998743175,0.998692266,0.999047187,0.999669568,0.999899587,0.99979323,0.998264719,0.997371128,0.998149079,0.997873774,0.996870403,0.992887427,0.993338451,0.99469113,0.988917179,0.993893021,0.99576644,0.994278014,0.99397407,0.995130184,0.984701213,0.991196846,0.990000114,0.985749108,0.980319775,0.990542005,0.996128317,0.994464557,0.996390169,0.998212042,0.998194462,0.995270863,0.997815531,0.997509753,0.997533678,0.999236526,0.999850088,0.999581416,0.993298344,0.00292254566,0,0,0.00385523205,0.00484174827,0.00485004752,0.00571242412,0.00897990017,0,0.00364104341,0.00660804417,0.00616034331,0.00429801862,0.0107044093,0.00962053521,0.00298928292,0.0105709579,0.0157983214,0.0073100531,0.00436416975,0.00646572978,0.0036415815,0.00269785826,0.00216826923,0.00463800817,0.00240962699,0.00246937948,0.00207726325,0,0,0,0.00468606861,30.6175422,30.9006675,28.4001147,25.888964,26.3000968,25.5120271,23.8881822,23.826566,24.0231456,23.5016417,23.5407839,23.2591588,23.6088425,23.4534176,23.1220223,22.2194762,22.1321666,21.962656,21.7429809,21.4463313,20.91251,20.5190618,19.8459331,19.0488237,18.3299869,18.3695701,17.9658579,17.7124814,16.8748266,13.6288568,7.09719311,5.01096562
evaluation/westside_04/cbr_20ms_192k/master.wav,evaluation/westside_04/cbr_20ms_192k/c.wav,4.72794234,0.998854209,0.999460488,0.999397283,0.998543255,0.997733321,0.997582351,0.997191639,0.996558046,0.997978012,0.997809472,0.997705161,0.997513265,0.997221465,0.996000782,0.995493825,0.996464003,0.995021314,0.994007673,0.994814193,0.997234816,0.997002682,0.997962148,0.998883735,0.998889298,0.998349979,0.998733508,0.998684327,0.999012351,0.999663376,0.999902046,0.999792199,0.998228555,0.997373287,0.998144618,0.997868865,0.996873095,0.992919916,0.993363907,0.994275953,0.98888582,0.993377344,0.995534729,0.994274876,0.993970737,0.995111732,0.984697897,0.991189977,0.988636721,0.984540254,0.980149529,0.989731468,0.996411016,0.994459024,0.996380063,0.998164531,0.998167118,0.995267752,0.998022854,0.997095083,0.997549867,0.999215382,0.999849167,0.999561258,0.99325554,0.00287102511,0,0,0.00385009233,0.00481312421,0.00487203105,0.00610105621,0.00916472684,0,0.00355407137,0.00665619199,0.00626606229,0.00491410748,0.0107522161,0.00988101342,0.00262131032,0.0102719515,0.0157706935,0.00776091629,0.00364446996,0.00622045536,0.00373042807,0.00278308168,0.00224192483,0.00479611761,0.00223930622,0.00185719242,0.00175395304,0,0,0,0.00459530578,30.6207057,30.9041131,28.403781,25.8923088,26.3013191,25.5143022,23.8941526,23.8292154,24.0254327,23.5016331,23.5414345,23.2592307,23.6102112,23.4551077,23.1250155,22.2223062,22.1356347,21.9641672,21.7467036,21.4509117,20.9134241,20.5203857,19.8486202,19.0519105,18.3341464,18.3725909,17.9695765,17.716959,16.8790928,13.6327022,7.10106125,5.01441705
evaluation/westside_04/vbr_5ms_96k/master.wav,evaluation/westside_04/vbr_5ms_96k/rust.wav,4.57411404,0.997803123,0.999230272,0.998963206,0.997244685,0.995798854,0.995020469,0.995435106,0.993850073,0.995312671,0.995812104,0.994047603,0.992516054,0.991604403,0.98782216,0.98435145,0.981302424,0.971929636,0.96447656,0.965204616,0.978572143,0.979289037,0.985026357,0.987941878,0.988175485,0.983835386,0.983245588,0.980153301,0.980648455,0.987212179,0.947778897,0.926223007,0.727741929,0.993278034,0.998222582,0.997081357,0.989779606,0.985068607,0.986838325,0.988804462,0.983963704,0.985134026,0.993569792,0.980326176,0.973451913,0.981994742,0.973055813,0.971001649,0.954659426,0.943549998,0.932348336,0.927782452,0.970508439,0.964147538,0.974868589,0.978658389,0.982643236,0.963701532,0.952715954,0.947072966,0.945430525,0.964271227,0.893911107,0.894553308,0.420027342,0.00686359947,0,0,0.00927997289,0.0106673567,0.0135269144,0.0116716691,0.0146228894,0.00859534202,0.00791688385,0.0131435564,0.0166547363,0.018853753,0.0181386857,0.0253947872,0.031760108,0.0499462903,0.0532779836,0.0554547659,0.025269047,0.0287611985,0.023143365,0.0201560425,0.0144356198,0.0371158662,0.0347494912,0.051792128,0.0466702961,0.0270401716,0.0640051376,0.0770134656,0.380620155,31.096699,31.342059,28.828466,26.3134156,26.720647,25.9178412,24.3259068,24.239195,24.416833,23.9298879,23.9429631,23.6768315,24.0406999,23.8887779,23.5708878,22.6871283,22.6282907,22.4922485,22.2700737,21.9516934,21.4363322,21.0556607,20.4081842,19.6172107,18.9287079,18.9691817,18.5482307,18.291315,17.4869334,13.678182,9.51447855,7.45122627
evaluation/westside_04/vbr_5ms_96k/master.wav,evaluation/westside_04/vbr_5ms_96k/c.wav,4.57576804,0.996091055,0.999100497,0.998760124,0.99746456,0.994849723,0.995141609,0.995906725,0.994334227,0.995985583,0.995621093,0.993644179,0.992460573,0.990726875,0.987004094,0.982533539,0.97884147,0.967867872,0.956792912,0.963551101,0.977292116,0.979484269,0.984844659,0.988880811,0.988481866,0.984639965,0.985318729,0.980459202,0.98104433,0.986693842,0.94657938,0.928273193,0.730904589,0.978275632,0.997814847,0.995036928,0.99300769,0.978993299,0.987479046,0.991804109,0.98611755,0.989117194,0.991740053,0.985406475,0.98647637,0.983339777,0.979601371,0.970970463,0.9539579,0.933542625,0.923630462,0.937285277,0.967847129,0.969751309,0.98007833,0.982397591,0.980900161,0.961789351,0.97391021,0.953982056,0.955125862,0.963418411,0.893251959,0.889094583,0.433712131,0.0133008154,0,0,0.00709439044,0.0158546566,0.0136110257,0.00799822437,0.0128937383,0.00652149077,0.00748111845,0.0125318655,0.0145379004,0.0161503686,0.0207539006,0.0273059271,0.0332004609,0.0613406397,0.0823701985,0.0526856857,0.0317641636,0.0269875562,0.0194910313,0.0144005944,0.0152812817,0.0451147478,0.0222733114,0.0327704189,0.0410926532,0.0272792882,0.0658609893,0.0764012358,0.37752375,31.2444224,31.4968038,28.958881,26.4305805,26.8533638,26.0381863,24.4731257,24.3886586,24.5565561,24.0662458,24.0623065,23.8015662,24.1578174,24.0148932,23.7082851,22.8323578,22.7421235,22.6000892,22.3941372,22.0796641,21.5621596,21.1787343,20.5230012,19.7379045,19.0826802,19.0992305,18.7015487,18.4304904,17.5973555,13.7951276,9.65152887,7.60281436
evaluation/westside_04/vbr_5ms_128k/master.wav,evaluation/westside_04/vbr_5ms_128k/rust.wav,4.60917362,0.998033616,0.999446171,0.999311104,0.998874677,0.997595158,0.997707374,0.997969253,0.996770821,0.997948545,0.99805709,0.997630064,0.996038054,0.994746849,0.992110103,0.987754714,0.98408264,0.978833463,0.978364455,0.983266725,0.990138839,0.989881258,0.991673401,0.995552797,0.995730983,0.995910643,0.995885015,0.992775826,0.991810016,0.995300425,0.965566351,0.919254748,0.7393939,0.992240107,0.998614711,0.997283625,0.997587052,0.993187018,0.994398746,0.996551051,0.991560218,0.996783034,0.997116976,0.995622586,0.991551917,0.989586686,0.983744922,0.967747044,0.957953747,0.936572778,0.961076182,0.97053237,0.980338087,0.982374009,0.980089362,0.992540269,0.993862322,0.990056189,0.991884098,0.967070142,0.964141757,0.986874977,0.934797967,0.880207047,0.35395414,0.00776356267,0,0,0.00363392833,0.0070393122,0.00600380875,0.00346530083,0.00732136713,0.00277584633,0.00380011297,0.0044000487,0.00760607812,0.0104036848,0.0144079394,0.0270357159,0.0299606091,0.0372573382,0.0382389346,0.0221489869,0.0235612818,0.0140052601,0.0126864077,0.00660064333,0.00636955734,0.00946041801,0.00804777199,0.0335325295,0.029811564,0.0104824516,0.0325316299,0.0712530093,0.422282365,31.0926505,31.3407539,28.8341774,26.2775282,26.724322,25.9050483,24.3016566,24.2373208,24.4349172,23.9304355,23.9482761,23.6776447,24.0262643,23.8849677,23.5585433,22.669679,22.5916514,22.423201,22.1980823,21.8945633,21.369575,20.9956851,20.3274933,19.5462146,18.8425856,18.8889386,18.4838425,18.2337187,17.4551926,13.8483934,9.5996433,6.93928238
evaluation/westside_04/vbr_5ms_128k/master.wav,evaluation/westside_04/vbr_5ms_128k/c.wav,4.60741115,0.997989694,0.9994739,0.99937666,0.998743999,0.997038512,0.997416575,0.997572065,0.995947041,0.997603122,0.997899819,0.997283866,0.996212913,0.994819075,0.991623474,0.9877427,0.984403767,0.97910801,0.978277354,0.983056052,0.991122965,0.989979141,0.990354309,0.995296201,0.996331981,0.996239803,0.996297868,0.99252839,0.992648814,0.994838344,0.962735576,0.917332364,0.738778761,0.992488213,0.998877015,0.997855231,0.997063771,0.986791311,0.992561554,0.996381712,0.988836376,0.995552417,0.996853195,0.9946664,0.990842665,0.990922123,0.979082023,0.965024469,0.957605665,0.948424711,0.967694098,0.972396844,0.985421758,0.986695553,0.985638475,0.991332053,0.993702958,0.992203085,0.993978118,0.968644742,0.977541871,0.987172587,0.926473013,0.869696255,0.373304131,0.00716889679,0,0,0.00370456332,0.00984254887,0.00780510551,0.00557522558,0.0109136278,0.0025029655,0.00261842977,0.00495805557,0.0070110191,0.00961712631,0.0159240958,0.0294545799,0.0342112359,0.0360006291,0.0390810672,0.026069499,0.0139088141,0.0164796059,0.015398246,0.00707332594,0.00608234188,0.00922852126,0.00600611589,0.0321327145,0.0202876537,0.0105489811,0.0368205534,0.0733618274,0.418309761,31.2437697,31.4912576,28.961895,26.4194253,26.8512148,26.0240069,24.4600226,24.3792337,24.5545875,24.0628935,24.0479639,23.8148829,24.161957,24.015761,23.7121714,22.8246407,22.7232685,22.5524812,22.3403959,22.0416949,21.493839,21.1171308,20.4565967,19.6798682,18.9831708,19.0178336,18.6189154,18.3566067,17.5712016,13.9606909,9.75594143,7.09168304
evaluation/westside_04/vbr_5ms_192k/master.wav,evaluation/westside_04/vbr_5ms_192k/rust.wav,4.72634716,0.998952526,0.999732557,0.999651604,0.999467186,0.999065597,0.998966631,0.998908582,0.998632806,0.999095481,0.998878957,0.998801127,0.998184986,0.997808667,0.996850454,0.995748599,0.995409466,0.994359647,0.993423413,0.99231376,0.994790079,0.99528579,0.996627657,0.997956748,0.99803619,0.996944875,0.997611261,0.99830014,0.998681012,0.999579422,0.999827003,0.99955732,0.996884828,0.997063413,0.999385973,0.99885548,0.998825632,0.997611939,0.997675206,0.998287893,0.996734367,0.998076569,0.998274153,0.997224913,0.994319066,0.995226326,0.993785085,0.993610902,0.993321622,0.990496718,0.988799019,0.983817904,0.989225804,0.992598816,0.994740486,0.996187243,0.997282594,0.992988827,0.996125281,0.997336963,0.996526583,0.999158472,0.99968324,0.999055473,0.990694064,0.00236960794,0,0,0.00168316208,0.00233626588,0.00355688062,0.00275895605,0.00410330368,0,0.00159002215,0.00271272945,0.00386953196,0.00421510377,0.00634604719,0.00837602171,0.00502978745,0.00764434656,0.00979210092,0.0143519502,0.0116700418,0.00916566422,0.00410373585,0.0023119203,0.0031980361,0.00831744553,0.00439906591,0.00117945873,0,0,0.00027485618,0,0.0125040143,30.6898129,30.9354704,28.4348505,25.9083214,26.3471553,25.5448591,23.902704,23.8544679,24.0731592,23.5423289,23.5816431,23.3003153,23.6747925,23.5064576,23.1900733,22.2778213,22.1730782,22.0261676,21.7996958,21.5171713,20.9759506,20.5767297,19.9110266,19.1176115,18.4116465,18.4826438,18.0733755,17.8201834,16.9881923,13.7417285,7.25626678,5.12163574
evaluation/westside_04/vbr_5ms_192k/master.wav,evaluation/westside_04/vbr_5ms_192k/c.wav,4.72666019,0.998990686,0.999682908,0.999634331,0.999378874,0.999002511,0.999219377,0.998998603,0.998813932,0.999172807,0.999050597,0.998741822,0.997896558,0.997899022,0.99714197,0.995937799,0.995584039,0.993926707,0.993072886,0.992139216,0.995322523,0.995203294,0.996544669,0.997657505,0.998117336,0.997081343,0.99806559,0.998556675,0.998742981,0.999561072,0.999820059,0.999509567,0.996806895,0.996725889,0.999086667,0.998748013,0.998747699,0.997230294,0.998561585,0.998136291,0.997377148,0.998113124,0.998559602,0.997737223,0.995713303,0.996034334,0.993050277,0.992752313,0.991300582,0.990087912,0.987303071,0.982997579,0.992979418,0.989649448,0.993116948,0.99639779,0.997155493,0.990253883,0.99685005,0.996889988,0.997416367,0.999321268,0.999755798,0.999144942,0.991767251,0.0026566216,0,0,0.00102100627,0,0.00204882795,0.00324588342,0.00270363824,0,0.00157456021,0.00344680622,0.00399420789,0.0043179088,0.00673089703,0.0100276479,0.00381838339,0.00839243274,0.01258666,0.0164911148,0.00673962901,0.00835738389,0.0053959722,0.00404730151,0.00165747393,0.00762314905,0.00338128952,0,0,0,0,0,0.0123905229,30.587094,30.8178888,28.341233,25.8184991,26.2760952,25.4641327,23.8161655,23.7349888,23.9567805,23.4055656,23.4563667,23.1557418,23.5380502,23.3742503,23.0408746,22.1321215,22.0550503,21.8983435,21.6873774,21.3883654,20.8542587,20.4588735,19.7910909,19.0187964,18.3107908,18.3824297,17.9755116,17.709793,16.8829468,13.6516821,7.16971565,5.01633177
evaluation/westside_04/vbr_20ms_96k/master.wav,evaluation/westside_04/vbr_20ms_96k/rust.wav,4.61170081,0.995672929,0.998455612,0.998277224,0.994857936,0.993520126,0.993865121,0.992839421,0.990271111,0.993467597,0.991748789,0.991301154,0.989058474,0.989629059,0.989186095,0.988312207,0.982066964,0.981275905,0.978661912,0.979881713,0.989075741,0.991860314,0.993381391,0.9952133,0.995324559,0.994836051,0.994393241,0.991789286,0.987891812,0.991776936,0.971416764,0.931861101,0.748994115,0.987005773,0.996998269,0.996527137,0.986149863,0.980146848,0.987191104,0.983567123,0.978982782,0.987853757,0.977664603,0.977839836,0.963275056,0.97932033,0.971741267,0.980739732,0.942950715,0.941053249,0.944598245,0.96870212,0.971677588,0.987542295,0.988999332,0.991113809,0.992713959,0.987288171,0.990372961,0.980129555,0.954604508,0.956407758,0.910629657,0.908665006,0.428275531,0.00984479138,0,0,0.0144796183,0.0149906842,0.011581535,0.0148127017,0.0185396841,0.00652124361,0.0249644243,0.0158162988,0.0234430329,0.0204491096,0.018854886,0.0184497039,0.0398138097,0.0315947285,0.0412039744,0.0276423363,0.0236924138,0.0143773016,0.00987391763,0.00665057181,0.005956929,0.0110499677,0.0122155031,0.0159226003,0.0400545745,0.0355102541,0.0591779335,0.0779984536,0.402766064,31.0972195,31.3402855,28.8531253,26.3022372,26.7273332,25.9195024,24.3200679,24.2258377,24.431509,23.9277735,23.9641657,23.6867329,24.0389958,23.888006,23.5496668,22.6659447,22.5646426,22.4088531,22.1979881,21.9006947,21.3862405,20.9927323,20.3199122,19.5407635,18.8481393,18.8809901,18.4750006,18.2470784,17.4493502,14.0096708,9.4595172,7.09242816
evaluation/westside_04/vbr_20ms_96k/master.wav,evaluation/westside_04/vbr_20ms_96k/c.wav,4.61212322,0.996188045,0.998545709,0.99794893,0.995597109,0.99408686,0.993992186,0.992947591,0.990339694,0.993644981,0.991944045,0.991188255,0.986187947,0.989275225,0.989337393,0.988143283,0.983411975,0.982329987,0.981293268,0.979155823,0.988526106,0.99150586,0.993217373,0.994842984,0.99470168,0.993664782,0.994349437,0.992667676,0.989128763,0.991973471,0.970308509,0.930825404,0.751021785,0.984748986,0.997193406,0.995399654,0.991620282,0.985822428,0.987544589,0.987070112,0.967465533,0.985592106,0.984147407,0.981386065,0.961115869,0.977801204,0.966302319,0.98068083,0.951992586,0.954788701,0.961864356,0.969411733,0.975640475,0.986790065,0.987807931,0.989710153,0.990216293,0.979598755,0.9849918,0.984894773,0.952791332,0.95690908,0.906345687,0.911104026,0.427951425,0.00931894439,0,0.00156847218,0.00850971284,0.0117252508,0.0110268883,0.0143645473,0.0209385051,0.00674570794,0.0214841947,0.0158625426,0.0361271228,0.0197810369,0.0197156467,0.0195228702,0.031842357,0.0291689221,0.0277639007,0.0276603258,0.0242425792,0.0153236065,0.0102560923,0.00637147451,0.00731318779,0.0145164846,0.0180468757,0.0114292697,0.0324838867,0.0347750969,0.0607951145,0.0776618472,0.396538915,31.1010851,31.3401609,28.8421964,26.3157791,26.7259696,25.9158831,24.3045293,24.2278112,24.4276281,23.9161002,23.9476352,23.6682981,24.0366484,23.8877109,23.552811,22.6773348,22.569812,22.4060499,22.1977827,21.9127612,21.3955147,20.9938914,20.3232993,19.5396022,18.8431018,18.8826686,18.4772889,18.2434918,17.4541001,14.0008211,9.48493503,7.12692478
evaluation/westside_04/vbr_20ms_128k/master.wav,evaluation/westside_04/vbr_20ms_128k/rust.wav,4.66705609,0.997344134,0.998926535,0.998941987,0.997592838,0.99574101,0.995223735,0.995669944,0.992232185,0.995585964,0.995916978,0.995325856,0.994045013,0.992942818,0.993261808,0.99281879,0.990996936,0.988355537,0.988200238,0.989413958,0.993242802,0.994254545,0.995909466,0.996743918,0.996784244,0.994484832,0.996488066,0.995745302,0.995860176,0.99801841,0.989256731,0.9638986,0.848234066,0.993084058,0.996733176,0.995945649,0.995575104,0.988999954,0.987376259,0.991393303,0.96666513,0.988653488,0.990784497,0.988453433,0.98059798,0.985863778,0.983479395,0.983405937,0.976502806,0.977262596,0.97751136,0.98401868,0.986500082,0.99034639,0.993842575,0.993817782,0.995188041,0.974177287,0.991507537,0.992009229,0.978668056,0.992158344,0.975444943,0.938383511,0.583066185,0.00516608729,0,0,0.00511199207,0.0110215397,0.0121420951,0.00958569814,0.0316579252,0.0097378761,0.00930026549,0.00766584865,0.0105594787,0.0136209185,0.0108954079,0.0116039233,0.0177533519,0.0194413594,0.02109322,0.0179739817,0.0136504409,0.00846084004,0.0055624789,0.00689391529,0.0059919697,0.0198723442,0.00740061888,0.00824931109,0.0161990052,0.00748397763,0.0235023807,0.0618229601,0.341650315,30.7098564,30.9696587,28.4716393,25.9363137,26.3674187,25.5744896,23.9636565,23.8750484,24.0819301,23.5566156,23.5971218,23.3037732,23.6700048,23.5143349,23.1963464,22.2744429,22.1932754,22.042925,21.8173402,21.5257199,20.9915115,20.6049142,19.9235064,19.1549072,18.4543271,18.5106152,18.1010033,17.8601052,17.0358388,13.7078704,8.03057052,5.62348378
evaluation/westside_04/vbr_20ms_128k/master.wav,evaluation/westside_04/vbr_20ms_128k/c.wav,4.69240169,0.997419998,0.999005142,0.99882633,0.997579127,0.995608985,0.995890534,0.995311104,0.989733298,0.995728716,0.995856044,0.995371255,0.993914625,0.99319809,0.993863915,0.993814652,0.99224944,0.988723792,0.988772545,0.989428633,0.993440659,0.994240785,0.996040005,0.997002937,0.996843511,0.995648583,0.996707556,0.996264377,0.996146561,0.998807148,0.993689313,0.977541885,0.91997197,0.992825386,0.996950555,0.996050033,0.995581878,0.987871665,0.990473867,0.991798218,0.943980167,0.988482115,0.990796968,0.989395989,0.976094583,0.98454588,0.986800445,0.986147707,0.977893381,0.980060667,0.981365197,0.981039585,0.989798443,0.990813212,0.994286832,0.994314106,0.994696778,0.983699813,0.993925964,0.994490212,0.979055367,0.997768992,0.980182822,0.944227584,0.706106704,0.00507504528,0,0,0.00548912268,0.0122071854,0.00775335863,0.0112481583,0.0531688397,0.00961647642,0.00932433854,0.00851547471,0.0154544465,0.0136087272,0.00969207847,0.00888945823,0.018937606,0.0213366748,0.0184509006,0.0161805136,0.00984107047,0.00964561392,0.00592207733,0.00411680188,0.00595115318,0.0180810776,0.00714150374,0.00607340133,0.0147535376,0.00137234101,0.0163890748,0.0492609969,0.232941046,30.70959,30.9674876,28.4562471,25.9261514,26.3671153,25.5868183,23.9657006,23.8757017,24.0772788,23.5510352,23.5859982,23.305697,23.6658286,23.5154414,23.1917875,22.2754391,22.1888901,22.0429058,21.8173919,21.5242287,20.9811888,20.6015288,19.9169954,19.1496684,18.4540494,18.507684,18.0947486,17.8523979,17.0239728,13.738636,7.74473089,5.42600406
evaluation/westside_04/vbr_20ms_192k/master.wav,evaluation/westside_04/vbr_20ms_192k/rust.wav,4.7274369,0.998792755,0.999485892,0.999368232,0.998142336,0.997788537,0.997849482,0.997630838,0.996520581,0.997838769,0.997810009,0.997669905,0.99690341,0.99700579,0.996283593,0.996074371,0.995871346,0.994194316,0.993861905,0.994262592,0.997011325,0.996863312,0.997789265,0.998530706,0.998859685,0.998119115,0.998193085,0.998324359,0.998871897,0.99972036,0.999879646,0.999699935,0.998482366,0.996867951,0.998706124,0.998152761,0.994681309,0.993579439,0.995573689,0.99620746,0.988364238,0.994498401,0.993948929,0.994342892,0.990704534,0.993988699,0.986835492,0.991350947,0.98743073,0.985639574,0.983479706,0.990075462,0.994651159,0.99456565,0.996419758,0.99727084,0.998124447,0.994738284,0.996986243,0.995202873,0.994534373,0.999440211,0.999741019,0.999287993,0.996018416,0.00367776975,0,0,0.00446724937,0.00509749155,0.00423050896,0.00436206463,0.00498083333,0,0.00600330324,0.00516665845,0.00713771351,0.00502807217,0.0105430491,0.0106799024,0.00678921597,0.0112329089,0.0158793699,0.00890836653,0.00521145399,0.00813054832,0.00419922378,0.00398824081,0.00179055961,0.00537707682,0.0037921453,0.00539495499,0.00458146449,0,0,0,0.00452402283,29.9952908,30.2468107,27.7539218,25.1792081,25.6448046,24.8415492,23.2030047,23.09445,23.3261984,22.7941941,22.842032,22.5312614,22.9076035,22.7363608,22.42226,21.5126097,21.4142271,21.2685502,21.0514004,20.7622919,20.222601,19.8133727,19.1325719,18.3359822,17.6270403,17.6939647,17.2738714,17.0358134,16.2046314,12.9455703,6.42711527,4.36535254
evaluation/westside_04/vbr_20ms_192k/master.wav,evaluation/westside_04/vbr_20ms_192k/c.wav,4.72744739,0.99889033,0.999467075,0.999275993,0.998289415,0.99784892,0.997485034,0.997423113,0.997074881,0.997925067,0.997999643,0.997605148,0.996906007,0.997399804,0.99639071,0.995271464,0.996027491,0.994711438,0.993492024,0.994452645,0.996684366,0.996532011,0.997558217,0.998686133,0.9987942,0.998506329,0.998521667,0.998309051,0.998446592,0.999728678,0.999881259,0.999743737,0.998356249,0.997541715,0.99834224,0.99832953,0.995294194,0.995147858,0.993545844,0.995112056,0.99299499,0.994762573,0.995622754,0.995191235,0.992003653,0.9946282,0.987960835,0.989215689,0.992290784,0.987661987,0.978635935,0.988999603,0.991252269,0.993772841,0.995912776,0.997938078,0.998176683,0.99687066,0.996289823,0.994380778,0.989631667,0.999445134,0.999756834,0.999445251,0.995107789,0.00275080475,0,0,0.00451423967,0.00298646049,0.00548751572,0.00582790653,0.0059055593,0,0.00514710273,0.00543361664,0.0058667511,0.00404770752,0.00920585845,0.0140283228,0.00526556192,0.00949559844,0.0176215183,0.00808912604,0.0105255163,0.00893176012,0.00346589007,0.00251166999,0.0013181619,0.00429655018,0.00436973127,0.00714022111,0.00920965968,0,0,0,0.00527470637,30.5907115,30.8517849,28.3237621,25.8070017,26.2328734,25.4579752,23.8464637,23.7464756,23.9625396,23.4231311,23.4834271,23.1906458,23.5525031,23.3987044,23.0798219,22.1674625,22.0770199,21.9243671,21.6906982,21.4063497,20.8758775,20.463248,19.8076594,19.0090011,18.3054985,18.3563159,17.937876,17.6991022,16.8761153,13.6200354,7.10110269,4.99152142
evaluation/westside_05/cbr_5ms_96k/master.wav,evaluation/westside_05/cbr_5ms_96k/rust.wav,4.55430101,0.985633193,0.994886203,0.995729757,0.994104412,0.994724741,0.993430258,0.996105984,0.995747169,0.99499823,0.993112961,0.987734499,0.987293546,0.985645117,0.979737476,0.967714759,0.96075161,0.960148869,0.959188243,0.951730995,0.971287081,0.982753233,0.984718474,0.987126529,0.987571542,0.980733798,0.964880822,0.965547177,0.955815068,0.981435266,0.956143449,0.930842219,0.763309825,0.964432601,0.979977066,0.985870938,0.988151875,0.987211743,0.973276621,0.989247492,0.985664577,0.982388602,0.981685925,0.965036616,0.962809392,0.947956249,0.954617043,0.918526759,0.919029597,0.916590231,0.913543474,0.902792941,0.954760394,0.96946541,0.969976148,0.972298039,0.959003918,0.910168077,0.839204689,0.89543685,0.863399539,0.968972348,0.926126858,0.852510595,0.653288035,0.0314515012,0.0125996249,0.0086827493,0.0108223867,0.00773655256,0.0122098687,0.00293302098,0.0107425132,0.0131725064,0.0156168968,0.024844544,0.0191523219,0.0352772545,0.0317764529,0.0496615591,0.0887544071,0.0775597553,0.0564779624,0.0724683407,0.0333334732,0.0273190927,0.0228849142,0.0131773575,0.0181341548,0.0339668802,0.0875062462,0.0669484332,0.082212016,0.0295068684,0.0533486574,0.0710279275,0.123728542,19.2613922,20.835824,23.1592907,23.3869427,24.5241721,24.7258796,25.1411934,24.9847507,25.6253496,24.6985182,24.6331573,24.5750091,24.986386,23.8051661,24.537671,23.1876266,22.6944729,22.1059479,22.0446042,22.2361264,21.1697151,19.9729585,19.0970993,17.7399838,18.0072432,18.5789087,17.8109437,18.0602794,17.9292741,14.8514662,10.58344,7.63142114
evaluation/westside_05/cbr_5ms_96k/master.wav,evaluation/westside_05/cbr_5ms_96k/c.wav,4.5542853,0.982901459,0.993073606,0.995883972,0.99428729,0.994943802,0.992918768,0.9962691,0.996222896,0.995021561,0.994440788,0.987781087,0.987810785,0.986423893,0.979535195,0.969004171,0.966606459,0.961650849,0.964907611,0.948520125,0.97099482,0.981695793,0.984308949,0.987062156,0.986140469,0.979674785,0.966769352,0.966536885,0.955610371,0.980141668,0.956180328,0.93070508,0.763598041,0.96067127,0.962304991,0.989799946,0.990589108,0.986274379,0.966567723,0.990052751,0.986813425,0.985118524,0.98990517,0.956929102,0.947044331,0.958017827,0.955731831,0.919983298,0.93238102,0.902854647,0.948231843,0.916944668,0.9451717,0.96316954,0.971058199,0.975524355,0.960087535,0.909528004,0.84015695,0.899052279,0.864240979,0.951913131,0.928421397,0.852506181,0.654309323,0.0422436576,0.0239864933,0.00670055355,0.0101107148,0.00690353763,0.0254741449,0,0.00787704492,0.0139875935,0.00737721698,0.0233875713,0.0305759422,0.0258465345,0.0322176358,0.0487965218,0.0561306318,0.0853858222,0.0491517413,0.0803389232,0.0363092589,0.0294678371,0.0239687194,0.0123230909,0.0226907843,0.0380872619,0.0847144397,0.0623456384,0.078680498,0.0369270859,0.0527118146,0.071161373,0.122643912,19.259555,20.8235092,23.1684336,23.3851399,24.505473,24.7128949,25.1382629,24.9807214,25.6152811,24.7036516,24.6360977,24.5804426,24.9892398,23.8194694,24.5492172,23.1970855,22.7096077,22.1156116,22.0533106,22.2398288,21.1680224,19.9750011,19.0989595,17.7601757,18.003102,18.5868799,17.8066567,18.0795897,17.9331884,14.8421526,10.5642651,7.6237284
evaluation/westside_05/cbr_5ms_128k/master.wav,evaluation/westside_05/cbr_5ms_128k/rust.wav,4.60544726,0.989154944,0.996474179,0.997692848,0.997554967,0.997663982,0.997451225,0.997926629,0.997819016,0.997690124,0.997225685,0.995940801,0.995854227,0.993813635,0.988618342,0.984085504,0.98176027,0.976466272,0.975531855,0.976199469,0.989968816,0.991300012,0.991084208,0.99433516,0.995278722,0.992947749,0.99050053,0.990419088,0.981764811,0.988323978,0.950799702,0.913459556,0.817330703,0.952776669,0.985773876,0.993104604,0.995062919,0.993467394,0.994918006,0.994313629,0.994241193,0.994233556,0.992126676,0.986830257,0.991787006,0.985751004,0.973860237,0.957752967,0.956662317,0.951166147,0.947459163,0.956264578,0.985993507,0.982361649,0.985605692,0.98987564,0.987576042,0.965632651,0.95845551,0.964711601,0.946472559,0.974029531,0.911321516,0.808659061,0.692731247,0.0393967752,0.0120641311,0.00486256581,0.00333686499,0.00298041717,0,0,0.00497007182,0.00487508272,0.00554969377,0.00793603664,0,0.00752026223,0.0165114777,0.0259832737,0.0293651342,0.0413439586,0.0458003498,0.0434942854,0.00994607377,0.0145109514,0.0130614582,0.00308800813,0.00164318343,0.0128168384,0.0210577871,0.0225022206,0.0332982197,0.0247670587,0.0503082149,0.0798938099,0.129589841,19.2435135,20.8253574,23.1710888,23.4043962,24.5251833,24.7179698,25.1470905,24.9908101,25.63987,24.7070631,24.6257538,24.5546078,24.9758522,23.8014261,24.5422286,23.1469881,22.7184,22.0698384,21.9754163,22.1935433,21.1071212,19.9456809,19.0496922,17.7167922,17.9645579,18.5531552,17.7180026,17.9500547,17.8049482,14.7730549,10.9160538,6.85773706
evaluation/westside_05/cbr_5ms_128k/master.wav,evaluation/westside_05/cbr_5ms_128k/c.wav,4.60588203,0.989731217,0.996559783,0.998057127,0.997327739,0.997076313,0.996723786,0.997787113,0.997666735,0.997816637,0.99735353,0.996380414,0.996079864,0.994220514,0.987275151,0.984825617,0.98499465,0.97868738,0.976518839,0.977567424,0.989631696,0.991390742,0.991475852,0.99437941,0.995195762,0.992692607,0.989259514,0.989289524,0.983566782,0.988570507,0.950973576,0.914120922,0.816679239,0.957670586,0.983814681,0.994801426,0.99297632,0.993481465,0.989899393,0.994296891,0.991335847,0.994420681,0.994494945,0.990006395,0.990452753,0.986662053,0.973239171,0.970017378,0.974598883,0.954610441,0.948176439,0.959116801,0.982788203,0.979979831,0.985915654,0.989989759,0.988242093,0.966772426,0.95098175,0.959635635,0.953121406,0.974418293,0.916853468,0.813213652,0.699879588,0.0342565102,0.0131040596,0,0.000435743783,0.00528946952,0.00724268232,0.00128886401,0.00513951157,0.00392211504,0.00403783294,0.00530943829,0,0.00758706157,0.0175386542,0.0204509802,0.021819267,0.0352230679,0.0424635785,0.0418320678,0.00883477594,0.0153798135,0.0135745586,0.00594851398,0.00288148427,0.0128004371,0.0227890883,0.0228206847,0.0261430373,0.024385132,0.0496804152,0.0788262608,0.130009393,19.2491815,20.816775,23.1640597,23.414339,24.530637,24.7205326,25.1440296,24.9881532,25.6341979,24.707335,24.6160511,24.540227,24.9655501,23.7970177,24.5448892,23.1522676,22.7377571,22.0731501,21.9866522,22.1930457,21.1125757,19.9439982,19.0507511,17.7187948,17.9634189,18.5593993,17.7237198,17.9495974,17.7881413,14.7586204,10.9005786,6.85495756
evaluation/westside_05/cbr_5ms_192k/master.wav,evaluation/westside_05/cbr_5ms_192k/rust.wav,4.72186957,0.996305403,0.998734165,0.99909592,0.998852568,0.998850851,0.998567003,0.998748777,0.998885121,0.999001278,0.998828548,0.997789405,0.996624829,0.997054469,0.996496785,0.994501695,0.993647027,0.992381687,0.992259547,0.991509067,0.993463519,0.995163921,0.996575554,0.997438697,0.998002876,0.997211726,0.996800174,0.997068417,0.994845841,0.998568934,0.9997557,0.9993907,0.994437288,0.99009164,0.996113055,0.997887148,0.997621652,0.996510936,0.994392134,0.996705629,0.99684118,0.997562438,0.997141763,0.994701181,0.985404302,0.988458663,0.991971815,0.98539614,0.987789582,0.981185282,0.985617383,0.982706036,0.985504581,0.991523391,0.992386557,0.995904497,0.9953167,0.988728085,0.988399567,0.990144486,0.972765093,0.994347416,0.99939676,0.998307915,0.982423749,0.0101695712,0.00431747031,0,0,0,0,0,0,0.00279385831,0.0011702286,0,0.0109480728,0,0,0.00666644011,0.00985300723,0.0109625097,0.00921531321,0.00787292795,0.00735494418,0.0080754893,0.00444493599,0,0,0,0,0,0.0065709637,0,0,0,0.0211800571,18.4199382,19.9730631,22.292662,22.5896576,23.6548316,23.8681963,24.271583,23.9916141,24.7803682,23.8586725,23.7537026,23.6107057,24.1673393,22.8970333,23.705037,22.2683268,21.8316694,21.1648942,21.0910827,21.2565165,20.2260152,19.0475471,18.1059742,16.7945136,17.0342732,17.6461054,16.8404253,17.1024743,16.8985204,14.3693191,7.73906228,3.12187806
evaluation/westside_05/cbr_5ms_192k/master.wav,evaluation/westside_05/cbr_5ms_192k/c.wav,4.72145354,0.996641012,0.998785634,0.999030626,0.998798872,0.998779417,0.998524561,0.998855871,0.998973707,0.99884213,0.998951034,0.998183714,0.997356061,0.997775471,0.99682406,0.994340974,0.993720994,0.99278555,0.992095983,0.991789349,0.994562792,0.995776005,0.9967845,0.997525265,0.997925057,0.997299782,0.99675528,0.996962366,0.994375277,0.998512676,0.999751408,0.999353588,0.993702302,0.988732918,0.996682123,0.997629759,0.997159667,0.996233114,0.995185244,0.996676378,0.996968028,0.99666164,0.997496676,0.995508873,0.987076474,0.993298214,0.993203009,0.985273096,0.987851615,0.989682186,0.984654918,0.981343128,0.991005492,0.994218637,0.991938368,0.995893857,0.995428371,0.989309068,0.989155967,0.990214092,0.971378129,0.994204973,0.99932833,0.997784959,0.97899038,0.00943538555,0.00398912382,0,0,0,0,0,0,0.00337236076,0.000710934937,0,0.0111255945,0,0,0.0095525894,0.00981356714,0.00950569133,0.0117333347,0.00817199314,0.00135781819,0.00702910175,0.00654336859,0,0,0,0,0,0.011283858,0,0,0,0.0290841445,18.4908377,20.0514654,22.363388,22.6504834,23.7525975,23.952289,24.3626659,24.0837216,24.8625123,23.9524765,23.8264583,23.6880948,24.2349182,22.9761756,23.7763229,22.339261,21.9153397,21.2508871,21.1725621,21.334992,20.3010177,19.1217829,18.1904248,16.8866789,17.1299273,17.7347457,16.9058116,17.1867643,16.9931377,14.4374129,7.81577872,3.2037045
evaluation/westside_05/cbr_20ms_96k/master.wav,evaluation/westside_05/cbr_20ms_96k/rust.wav,4.56878972,0.955976285,0.984856174,0.990146012,0.988089778,0.985715189,0.98627794,0.991359284,0.991165781,0.991019971,0.989786817,0.985579111,0.981422974,0.983501086,0.979035663,0.977789026,0.976719601,0.970935001,0.971583774,0.968979084,0.984051863,0.989441641,0.990273067,0.990639897,0.990357296,0.988892885,0.987058611,0.982010162,0.937972478,0.979369581,0.959463333,0.921897135,0.804009769,0.88273858,0.928314177,0.974078085,0.963359112,0.935163759,0.963934651,0.975469015,0.957965125,0.967003784,0.974876174,0.967562513,0.948501501,0.948017215,0.944979046,0.949504909,0.960112735,0.93842427,0.9466545,0.942371886,0.967593424,0.978303095,0.975074632,0.98358294,0.971601207,0.948551917,0.945327418,0.949238051,0.714552837,0.943405691,0.930312151,0.835444749,0.654413971,0.107065254,0.04480646,0.022920681,0.0187792828,0.0564012163,0.0270411975,0.0152675726,0.0306788553,0.0234284888,0.0231646262,0.0244409926,0.0358302698,0.0238895766,0.0358379548,0.0317620156,0.0337676746,0.049481697,0.041898366,0.0497845612,0.0232708572,0.0144848126,0.0152233984,0.010674228,0.0106815084,0.0170629771,0.0277286293,0.0358851535,0.166168713,0.041035649,0.0628493186,0.0844199298,0.13249979,19.2626294,20.8478211,23.1694025,23.4256294,24.5484009,24.731585,25.1528146,24.9895355,25.6234328,24.7284799,24.6194625,24.5485763,24.9515871,23.7940164,24.5367129,23.1629149,22.6912009,22.0652629,21.9865598,22.1550427,21.0769431,19.9159195,18.9906863,17.6397888,17.8847207,18.4502388,17.5909731,17.9232439,17.9163072,15.0235025,10.9443614,7.08325624
evaluation/westside_05/cbr_20ms_96k/master.wav,evaluation/westside_05/cbr_20ms_96k/c.wav,4.56835961,0.956049104,0.984840706,0.990126543,0.988158738,0.985734897,0.986238712,0.991347476,0.991161314,0.991024142,0.989811921,0.985663585,0.9817506,0.983076547,0.979432914,0.978961285,0.976853394,0.970549974,0.971652101,0.969436662,0.984103613,0.989443082,0.990217589,0.990642041,0.990383403,0.988961647,0.987190983,0.981856911,0.937026291,0.979333954,0.959610515,0.921877444,0.804023763,0.883784912,0.92831848,0.974145677,0.963254189,0.935134417,0.96398845,0.975505816,0.957919609,0.967284508,0.974869473,0.967561169,0.948505281,0.94803946,0.94502297,0.94939483,0.960165429,0.93798956,0.947264432,0.944134517,0.967583355,0.97826694,0.974944475,0.983589958,0.971616314,0.948491673,0.945221981,0.947037409,0.704591005,0.943199727,0.930324811,0.835344322,0.655523762,0.106459897,0.0448647138,0.0229438172,0.0185839326,0.0564071758,0.0270695704,0.0152556099,0.0308672505,0.0229394301,0.0231515956,0.0242084545,0.0337695486,0.0251463915,0.0355096584,0.0292155118,0.033694901,0.0499457741,0.041762112,0.0484693188,0.0230731136,0.013909581,0.0154226633,0.0106900742,0.0103859095,0.0169074696,0.0266344608,0.0364841153,0.171287513,0.0408794306,0.0623093445,0.084316129,0.132365508,19.2613884,20.8457807,23.1674644,23.424456,24.5469881,24.7304256,25.1542239,24.9903415,25.6225611,24.7258789,24.6176177,24.5465695,24.9524248,23.7917722,24.5376499,23.1607747,22.6859081,22.0623673,21.9844722,22.1535288,21.0737039,19.9122338,18.9883529,17.6387577,17.8826622,18.4496273,17.5878242,17.9187211,17.9151264,15.0224411,10.9446544,7.08199197
evaluation/westside_05/cbr_20ms_128k/master.wav,evaluation/westside_05/cbr_20ms_128k/rust.wav,4.70334786,0.977819724,0.993396116,0.995250087,0.993430626,0.992894399,0.991027936,0.994701535,0.995669662,0.994281402,0.994456101,0.9934215,0.990267475,0.989101898,0.990196692,0.987362831,0.986766853,0.985913896,0.985443714,0.983416087,0.990803499,0.992625107,0.993945821,0.995002062,0.995977397,0.994646191,0.992552389,0.992039928,0.988042815,0.995037228,0.998427404,0.994140853,0.983515536,0.953060924,0.979655043,0.98939667,0.984285331,0.980802843,0.960771728,0.984941943,0.986640611,0.981670574,0.988040048,0.9842414,0.963452519,0.954599593,0.974009833,0.968910404,0.974701397,0.970928731,0.97395893,0.963969869,0.97969722,0.988764753,0.989617718,0.990686194,0.99236302,0.985304319,0.967435903,0.975265682,0.965259089,0.989826079,0.992669368,0.984151941,0.942436261,0.0395659673,0.0148401285,0.00623429079,0.00605330415,0.0106538768,0.0210495215,0.00910035339,0.0110737404,0.0133825521,0.011540497,0.00859724742,0.01807818,0.0339979755,0.0116072118,0.0223152296,0.0209880013,0.0255533726,0.0226250921,0.0230825385,0.0100960892,0.0150961704,0.00998390433,0.00262652597,0.0030450923,0.0108730843,0.0143733991,0.014021619,0.0182864178,0.00379631181,0.00238960519,0.0141890326,0.0712236511,18.9298965,20.4753061,22.7690639,23.1079889,24.1810236,24.3767813,24.8331914,24.5632551,25.2462822,24.3694519,24.2499002,24.1408509,24.6432185,23.4201822,24.17818,22.7642865,22.3410736,21.6530471,21.5860523,21.7688905,20.6970286,19.5108176,18.5964981,17.2749433,17.5198548,18.0912368,17.2575381,17.5279922,17.3284078,14.7802961,8.34213735,3.86442545
evaluation/westside_05/cbr_20ms_128k/master.wav,evaluation/westside_05/cbr_20ms_128k/c.wav,4.70308583,0.977791396,0.993397959,0.995279309,0.993492282,0.992980748,0.991091364,0.994659244,0.995614396,0.994521443,0.994634606,0.99344816,0.990329817,0.98905431,0.990209586,0.987477478,0.98682235,0.985910628,0.984748186,0.983545028,0.990908424,0.992592502,0.993832485,0.99498524,0.99598199,0.994692804,0.992659956,0.991845534,0.987446828,0.995037081,0.998427311,0.994183635,0.983833586,0.953275857,0.979648809,0.989389379,0.98444863,0.980843669,0.960763469,0.984966846,0.986724796,0.981648081,0.987696282,0.984244782,0.9634557,0.954593663,0.974279975,0.971053427,0.975056958,0.971097307,0.967005269,0.963621384,0.97964795,0.988958654,0.988624386,0.990901942,0.992312994,0.985259003,0.966850519,0.972701644,0.965201147,0.989889771,0.992673623,0.984155427,0.9423152,0.0395987715,0.0148643534,0.00626742376,0.00602367928,0.0103685809,0.0210323182,0.00911678083,0.0109597001,0.0127206454,0.0108767294,0.00853765974,0.0180459874,0.0340117963,0.0114037052,0.0192276555,0.0206562981,0.0250543042,0.0287629493,0.022992125,0.00938819636,0.0151474118,0.0105379035,0.00252228464,0.00298713298,0.0107452009,0.0138689389,0.0146122471,0.0222973263,0.00379265466,0.0023863422,0.0141562435,0.070966944,18.9315129,20.4764541,22.7703008,23.1077115,24.1790562,24.3752032,24.8348124,24.5664179,25.2461995,24.3707936,24.2495247,24.1397306,24.6419576,23.4179435,24.1803443,22.7654111,22.3402714,21.6536802,21.5854581,21.7682812,20.6954027,19.5091757,18.595647,17.2746752,17.520256,18.09043,17.2541298,17.5248527,17.3281061,14.7808284,8.34348174,3.86287179
evaluation/westside_05/cbr_20ms_192k/master.wav,evaluation/westside_05/cbr_20ms_192k/rust.wav,4.72292379,0.987869738,0.996418853,0.997286752,0.996397035,0.99550449,0.993899853,0.996750663,0.997856988,0.996890106,0.997412961,0.996475905,0.99532021,0.996549452,0.995315004,0.994860847,0.994376273,0.994124998,0.994333178,0.993288078,0.996624187,0.997226478,0.997541823,0.998219334,0.998463346,0.997663555,0.997179059,0.998045784,0.996522836,0.998839709,0.999822493,0.999536409,0.993752078,0.962705436,0.987839158,0.990135122,0.99231037,0.986522837,0.978092039,0.989460042,0.994873296,0.991163111,0.993460884,0.990587378,0.98715344,0.989408853,0.982822276,0.987212432,0.988696541,0.986745959,0.985026521,0.982170499,0.993612729,0.995427536,0.993662381,0.995670785,0.99572083,0.988958694,0.985125066,0.995311523,0.986975087,0.995954673,0.999704569,0.998773588,0.975030967,0.0343795784,0.00908499274,0.00481651136,0.00371275157,0.00517354464,0.0169026914,0.00372964259,0.0028349373,0.00647257615,0.00438479523,0.00573379213,0.0132118158,0,0.005855593,0.00785172448,0.0127878928,0.00963856009,0.0085588661,0.0116671697,0.00312446773,0.00507205631,0.0048026831,0.00314232163,0.000612664468,0.000452616757,0,0,0,0,0,0,0.0269393111,19.0259641,20.5711015,22.916445,23.174607,24.2811835,24.4575473,24.8715036,24.6967341,25.3638249,24.4529722,24.3569931,24.3150016,24.717532,23.530863,24.2741089,22.8683947,22.438376,21.7528221,21.6654723,21.8582545,20.79813,19.5982668,18.6977274,17.3787696,17.6597385,18.2266103,17.4077423,17.6448226,17.4538117,14.9201137,8.22566146,3.58917984
evaluation/westside_05/cbr_20ms_192k/master.wav,evaluation/westside_05/cbr_20ms_192k/c.wav,4.72292392,0.988014662,0.996457438,0.997389998,0.996448487,0.995575245,0.99399905,0.99683765,0.997917122,0.996938864,0.99747813,0.996495226,0.995091491,0.99655703,0.995330208,0.99481525,0.994430136,0.993969294,0.994397898,0.993225519,0.99671124,0.997183832,0.997592647,0.998246293,0.998489661,0.997673728,0.997268414,0.998069588,0.996453674,0.998824516,0.999823897,0.999538985,0.993695593,0.963353387,0.987815019,0.991294652,0.99239244,0.986457258,0.977464942,0.989197534,0.994900991,0.990821189,0.993898488,0.991182291,0.98483343,0.990390548,0.982991467,0.986749154,0.988691094,0.986484038,0.984959641,0.981310871,0.99377947,0.9951472,0.994212219,0.995788564,0.995791657,0.989063621,0.985192715,0.99529676,0.986194963,0.995704666,0.999725626,0.998813685,0.975149789,0.0337157509,0.0090029993,0.0042440262,0.00369290135,0.00516094563,0.0170809278,0.00397986792,0.0030889766,0.00660598988,0.00426098875,0.00534087633,0.0141168004,0,0.00576693304,0.00835940065,0.012809064,0.00956241703,0.00854299538,0.0117168918,0,0.00528719228,0.0043226366,0.00299204952,0,0.00159325884,0,0,0,0,0,0,0.0273999026,19.0292312,20.5748921,22.9186421,23.1768937,24.2812877,24.4586451,24.8722661,24.6979937,25.3684921,24.4551409,24.3598432,24.3182186,24.7213281,23.5334876,24.2773864,22.8717122,22.4409467,21.7565207,21.6682513,21.8598686,20.7977371,19.5994679,18.6995988,17.3810748,17.6618468,18.2275579,17.4096548,17.6460981,17.4560184,14.9223439,8.22856144,3.59307133
evaluation/westside_05/vbr_5ms_96k/master.wav,evaluation/westside_05/vbr_5ms_96k/rust.wav,4.55718061,0.983149008,0.995381199,0.996392989,0.995267079,0.995593226,0.993234199,0.996194375,0.996864804,0.994998666,0.993135686,0.989064291,0.988319469,0.986795717,0.980237176,0.969254391,0.96488304,0.96129994,0.965641884,0.963808738,0.977204791,0.98086687,0.98348542,0.98666181,0.988410459,0.981626848,0.963247997,0.967623027,0.961179529,0.980708537,0.954683281,0.930065614,0.763585208,0.951414195,0.982874449,0.987656333,0.991810106,0.987983093,0.965688526,0.98960431,0.992221264,0.98483118,0.979958706,0.975850923,0.970737952,0.968287621,0.946096462,0.936653842,0.921716256,0.912879002,0.945821453,0.949721295,0.95885463,0.971399886,0.968928256,0.971563742,0.966490324,0.912759425,0.816954522,0.895547685,0.890537716,0.957042813,0.9216247,0.851950272,0.653638614,0.0650852805,0.0123786111,0.00811022451,0.00699270844,0.00480835662,0.0211283345,0.00335827879,0.00379269707,0.0123933144,0.0195299305,0.0189678622,0.010586296,0.024002279,0.0347744003,0.044346182,0.0645123412,0.0783607724,0.044135801,0.048969035,0.0289353023,0.03153928,0.0232145644,0.014235919,0.0165533921,0.0366526977,0.0854458502,0.060814237,0.0665386484,0.0336975959,0.0551223616,0.0722182531,0.124920885,19.2497635,20.8254495,23.152653,23.389102,24.5093001,24.7246469,25.1417936,24.9814949,25.607143,24.7056028,24.6297247,24.5828892,24.9707027,23.809446,24.5453865,23.1687875,22.6995543,22.1022885,22.0250581,22.2117813,21.1577901,19.9824121,19.1031558,17.7503299,18.0032879,18.5822606,17.815198,18.0545517,17.9423787,14.8577565,10.5885521,7.62289479
evaluation/westside_05/vbr_5ms_96k/master.wav,evaluation/westside_05/vbr_5ms_96k/c.wav,4.54511166,0.983954746,0.994601164,0.995380533,0.994508926,0.995142664,0.993615139,0.995870013,0.995524811,0.995404218,0.993155786,0.988419304,0.987013189,0.988102077,0.976817646,0.965703477,0.963923286,0.958663875,0.964498493,0.959446886,0.973150509,0.980754856,0.983734831,0.986025631,0.98713423,0.980587293,0.955803641,0.957362094,0.957623674,0.980231897,0.952933164,0.928680788,0.761706501,0.959210995,0.975911301,0.97955954,0.989408502,0.989465472,0.96971578,0.989092443,0.983796413,0.989470325,0.97522407,0.970272068,0.950797562,0.964309489,0.935562664,0.893461503,0.920862928,0.910278575,0.940373169,0.918712307,0.946670813,0.955107741,0.972111662,0.962293989,0.965712164,0.89858274,0.706248752,0.808743026,0.859275045,0.964828786,0.913410044,0.847324447,0.65241858,0.0404897625,0.0168061172,0.0135721686,0.0101664591,0.00757998247,0.0158248617,0.00613567163,0.0111750517,0.00878692084,0.0205160793,0.0218785639,0.0183091341,0.0201477786,0.0420370228,0.0735677838,0.0703006612,0.0747932944,0.0424265439,0.0640169159,0.0345591386,0.0345514113,0.0216038389,0.0203637291,0.0192649036,0.0388218879,0.133772577,0.10298852,0.0727140102,0.0326771878,0.0575275844,0.0740226626,0.125820088,19.2539473,20.825076,23.1569901,23.3920139,24.5197909,24.7128556,25.1361067,24.9774181,25.6201202,24.7114765,24.6261799,24.5724262,24.9836386,23.807875,24.5338839,23.1617698,22.6973533,22.1182351,22.0344097,22.2092682,21.1440718,19.9854425,19.0972694,17.7608866,17.9971344,18.5614421,17.830274,18.048801,17.9262988,14.8343866,10.6010501,7.63585115
evaluation/westside_05/vbr_5ms_128k/master.wav,evaluation/westside_05/vbr_5ms_128k/rust.wav,4.60414851,0.990191624,0.997118483,0.998220278,0.997421636,0.997787704,0.996885062,0.997093204,0.99789833,0.998018844,0.997582593,0.996029617,0.995163878,0.992372034,0.987010929,0.98344475,0.981177927,0.977480784,0.979204397,0.979192535,0.988597438,0.991128514,0.990501997,0.99338074,0.995030391,0.992961764,0.988733286,0.987726685,0.981337781,0.987657198,0.95274749,0.915016028,0.81607662,0.950762967,0.991303064,0.995462483,0.995213811,0.994308014,0.988785266,0.990566657,0.993853439,0.994556967,0.993035743,0.987392448,0.989784473,0.976338461,0.972077023,0.959261059,0.957639428,0.960591504,0.947073078,0.958162853,0.974742575,0.986239097,0.983910015,0.987583267,0.98529645,0.967595949,0.946017254,0.960266057,0.938163144,0.969650159,0.912110155,0.815237406,0.688293204,0.0393472789,0.00868829314,0.000768049929,0.00225342462,0.00276029193,0,0.00224798904,0.00350613842,0.00526060418,0.00663924152,0.00713664623,0.00757431445,0.0144276172,0.0198761106,0.0259342427,0.0306616265,0.0334477131,0.0297790229,0.0362273335,0.0154387455,0.0120645919,0.0128868619,0.00881867536,0.00438213038,0.0108622081,0.0300932268,0.0278493992,0.0301390062,0.0275120505,0.0474277447,0.0793808121,0.132866434,19.2445755,20.8156108,23.163625,23.3958495,24.5304816,24.7219396,25.1427389,24.9784827,25.6369703,24.7042342,24.6199926,24.5382375,24.9750207,23.7965827,24.5361845,23.1433142,22.7211925,22.0779976,21.978918,22.1862322,21.1119193,19.9434604,19.0418168,17.7237285,17.9600391,18.5460047,17.7095838,17.9364566,17.810153,14.7893515,10.8917968,6.85603531
evaluation/westside_05/vbr_5ms_128k/master.wav,evaluation/westside_05/vbr_5ms_128k/c.wav,4.60509479,0.990677639,0.997030231,0.998121073,0.997478572,0.997904253,0.997309797,0.997529392,0.997451181,0.99758477,0.997328707,0.996112836,0.995680016,0.993702403,0.98742026,0.983069252,0.982739261,0.981713938,0.978224189,0.979266781,0.989658663,0.991256616,0.990303715,0.993739569,0.994720023,0.992343113,0.98949714,0.990983911,0.982444843,0.987849334,0.951362289,0.914164941,0.813740554,0.969750101,0.989447309,0.994841687,0.995478384,0.99590074,0.992204377,0.992944716,0.988310923,0.992521789,0.99282476,0.989956257,0.989661753,0.983621196,0.96757692,0.955159988,0.947006688,0.971465898,0.959529004,0.961320242,0.985212107,0.98365396,0.982818096,0.988822737,0.982290762,0.959759108,0.940593773,0.967177777,0.932249309,0.971709118,0.913443494,0.817278463,0.687075787,0.0325071976,0.00857731403,0.00216628258,0.00380706558,0.00217792034,0.00411730316,0,0.00749684677,0.00648315658,0.00516498529,0.00548492282,0.00374906913,0.00976630759,0.0191432636,0.0271511796,0.0282593464,0.0246452249,0.0319577592,0.0309455441,0.00937058771,0.0135518045,0.0130902159,0.00776923984,0.0027474721,0.014475792,0.0315616291,0.0173291994,0.0328241655,0.027446928,0.0492759362,0.0795123926,0.133520189,19.1678026,20.7506938,23.0729034,23.3525312,24.4563605,24.6477529,25.0916285,24.8684117,25.5380487,24.6195204,24.5178408,24.3993824,24.8952657,23.697421,24.4757485,23.0821486,22.6449091,21.9856717,21.9212976,22.1308949,21.0350406,19.8723517,18.9704328,17.6484015,17.8631399,18.459095,17.6258396,17.880476,17.7562208,14.6934007,10.8139858,6.74873716
evaluation/westside_05/vbr_5ms_192k/master.wav,evaluation/westside_05/vbr_5ms_192k/rust.wav,4.72183582,0.995813508,0.99872004,0.998987586,0.99872243,0.998546668,0.997884472,0.998831286,0.998934721,0.999130522,0.999039262,0.998363299,0.997352191,0.997493109,0.996647707,0.994272228,0.993933211,0.993441268,0.991968771,0.990932858,0.993819072,0.995770654,0.996621925,0.99754979,0.997921603,0.997462886,0.997032986,0.997410139,0.994160494,0.998287347,0.999764216,0.999364834,0.995032362,0.988241087,0.995824478,0.997888763,0.997923287,0.994686887,0.988474197,0.996175549,0.996330624,0.996718959,0.997345523,0.995298808,0.988918767,0.989720658,0.993245135,0.987449841,0.987337576,0.990703246,0.985157623,0.985436408,0.985023985,0.993825504,0.992299158,0.995772205,0.994903375,0.992005184,0.991768387,0.99131768,0.967242011,0.991235116,0.999484385,0.997608227,0.984880897,0.0128829986,0.00432174908,0.00169674537,0.000506347868,0,0.0064505758,0,0,0.00259746932,0.00145870616,0.00145948689,0.0113946451,0,0,0.0117212514,0.00900993052,0.00818413929,0.0131421579,0.00972127888,0.00760185841,0.00704587004,0.00594086664,0.00114373125,0,0,0.00844774164,0,0.011404512,0,0,0,0.0112736347,18.4308802,19.9694801,22.2946872,22.5933953,23.6600322,23.8689032,24.2766374,23.9963623,24.7865543,23.858044,23.7590449,23.6156535,24.1699226,22.8986015,23.712279,22.2752627,21.846575,21.1695751,21.0880548,21.2528473,20.2107792,19.0449294,18.1125111,16.8094072,17.0457694,17.6565904,16.8381528,17.1042281,16.9046307,14.3752683,7.74695045,3.11639365
evaluation/westside_05/vbr_5ms_192k/master.wav,evaluation/westside_05/vbr_5ms_192k/c.wav,4.72172917,0.994775485,0.998539889,0.99900005,0.998686316,0.998659071,0.998444467,0.999023814,0.998896391,0.998977438,0.998893937,0.998281644,0.997135831,0.997493101,0.996494164,0.994272836,0.993544902,0.993501221,0.993075269,0.992152287,0.994545415,0.995751097,0.996688937,0.997662633,0.998016046,0.997146004,0.997312031,0.997308844,0.994031941,0.998462349,0.999761156,0.999363564,0.994729043,0.974943035,0.994209382,0.997532888,0.997228576,0.995103814,0.994428532,0.997608097,0.996424919,0.99662629,0.996886359,0.995514299,0.988144854,0.992033678,0.992998007,0.985738001,0.986764391,0.98825548,0.984954841,0.984266974,0.984948638,0.993325859,0.994032848,0.996464987,0.993471109,0.987256613,0.991102064,0.99239441,0.964984505,0.993432206,0.999496229,0.997681009,0.985018298,0.0257709228,0.00485750046,0,0,0,0,0,0.00125715221,0.00269915398,0.00233086287,0.00261105793,0.0122559389,0,0.00208989594,0.0061357965,0.0111068466,0.00640471445,0.00985623608,0.00888032897,0.006859823,0.00757912525,0.00607076928,0,0,0.00118764095,0,0,0.0146304583,0,0,0,0.0156448633,18.5188681,20.0566375,22.3774395,22.6861519,23.7778333,23.9725544,24.371118,24.1020431,24.8614254,23.9593408,23.8052505,23.7156135,24.2227679,22.9805385,23.781352,22.362351,21.9316049,21.2629252,21.1815408,21.3362944,20.2986338,19.1033356,18.1863029,16.887264,17.1508341,17.7179875,16.8946326,17.1846305,16.9886295,14.4524851,7.82134604,3.20071121
evaluation/westside_05/vbr_20ms_96k/master.wav,evaluation/westside_05/vbr_20ms_96k/rust.wav,4.56896587,0.959205227,0.986978044,0.988817808,0.98709447,0.987464929,0.986074958,0.990986524,0.991294765,0.991355052,0.990172589,0.986852978,0.98185218,0.981632459,0.978569808,0.977412707,0.97463945,0.970981769,0.973253803,0.968352654,0.985063314,0.988410904,0.988802128,0.990048034,0.99019384,0.989518212,0.987312631,0.982024825,0.93804611,0.97854245,0.959001596,0.922315274,0.804714585,0.892814988,0.946050829,0.966493467,0.956737496,0.962085874,0.967523602,0.979777588,0.95857868,0.968411094,0.977900694,0.971013254,0.952813887,0.950226737,0.946129277,0.95286161,0.954685321,0.937530578,0.947357808,0.938473877,0.970254618,0.976872879,0.969366338,0.984039747,0.97627099,0.954028938,0.945953459,0.948007199,0.734254761,0.945180885,0.926940974,0.835829823,0.652809422,0.0970468193,0.0307135883,0.0272699994,0.0236348899,0.021305144,0.02733671,0.0136438186,0.0310372567,0.0233221163,0.0213824895,0.0188638624,0.0373683623,0.0403799598,0.0331045196,0.0353183885,0.0401780502,0.0482109608,0.0405452316,0.0534650021,0.0208804474,0.0173411952,0.0199199284,0.0104277974,0.0124235371,0.0156642892,0.025741165,0.0347512315,0.165061134,0.0431173573,0.0644829082,0.0848139526,0.133361403,19.2365584,20.8239253,23.1520019,23.4090718,24.5357848,24.7471272,25.1393481,24.9937598,25.6254209,24.7270169,24.6141545,24.5470855,24.9573495,23.7888778,24.5257166,23.158163,22.695529,22.0514133,21.9736531,22.1505356,21.0634122,19.8986253,18.9806747,17.6421288,17.8771828,18.4460149,17.5891623,17.9181226,17.9120876,15.0100056,10.908757,7.03896567
evaluation/westside_05/vbr_20ms_96k/master.wav,evaluation/westside_05/vbr_20ms_96k/c.wav,4.56912931,0.968270944,0.983505986,0.989915682,0.987990163,0.988460571,0.984897152,0.990944346,0.991901428,0.991334221,0.989183281,0.987008831,0.982475474,0.984440899,0.980599334,0.979525815,0.976692464,0.970424273,0.972685282,0.970834265,0.986149752,0.98945456,0.989913829,0.990258481,0.989841143,0.9901603,0.987431931,0.981861112,0.93764975,0.978652196,0.958846157,0.922192825,0.803164556,0.929703262,0.911345675,0.967258826,0.973475468,0.964890571,0.948546972,0.972729724,0.956988254,0.968694355,0.973431232,0.971359399,0.950341746,0.95069191,0.954803444,0.954796879,0.951820389,0.934548423,0.957092567,0.933130907,0.96838671,0.983431172,0.981386273,0.984571387,0.972584154,0.958426326,0.946890529,0.947404532,0.709363478,0.947936394,0.926967514,0.837665357,0.654256547,0.0720466958,0.0587190886,0.0210029005,0.0181168671,0.0171010554,0.0298723037,0.0177192143,0.0308650726,0.0238338998,0.0266016113,0.017471276,0.0354937402,0.0232252643,0.0313571413,0.0271517849,0.0390463541,0.0512792876,0.0390541034,0.0468682444,0.0201018048,0.0154992075,0.0161051643,0.0105661738,0.013433388,0.0120620405,0.0257759632,0.0327327272,0.169933025,0.042925656,0.0642583048,0.0846064833,0.135537724,19.1907218,20.7419262,23.0703673,23.3437041,24.4578693,24.6736446,25.0873173,24.8849282,25.530265,24.6389254,24.5174176,24.4154159,24.8861403,23.692349,24.4600543,23.0709305,22.6191016,21.9751915,21.913996,22.093529,20.9940915,19.8235485,18.9120753,17.5757798,17.7756083,18.3577113,17.5015023,17.8472646,17.8545144,14.9202968,10.8113171,6.91430333
evaluation/westside_05/vbr_20ms_128k/master.wav,evaluation/westside_05/vbr_20ms_128k/rust.wav,4.68446275,0.977466256,0.991077358,0.995025297,0.993100832,0.992122896,0.98964062,0.994002728,0.995759987,0.994195967,0.994860385,0.993120986,0.990540164,0.990757838,0.990916439,0.98772177,0.988421749,0.985765279,0.985493866,0.98439496,0.991340926,0.993176027,0.994066965,0.995135421,0.995504533,0.994265192,0.9924411,0.991995404,0.98884894,0.994346633,0.992130168,0.976718643,0.94241085,0.951280614,0.954243282,0.987383698,0.98544219,0.978108218,0.96304019,0.986182868,0.987041578,0.978866413,0.98525499,0.980791506,0.96317492,0.965213568,0.976011058,0.972499573,0.97997527,0.976440746,0.964188805,0.968099415,0.98110952,0.990437728,0.987956457,0.991084786,0.990061885,0.983051263,0.965394542,0.974982048,0.969734267,0.986819867,0.973687998,0.891636399,0.775319303,0.0385745444,0.034814895,0.00966979316,0.00886090293,0.0120348457,0.0299780574,0.0102179303,0.0107052295,0.0169950671,0.0115245691,0.0103296475,0.0177755726,0.0229648891,0.0113263033,0.0197773671,0.019985593,0.0262448905,0.0278065545,0.0196366365,0.0083914101,0.0139559831,0.0109231718,0.00456359741,0.00260732826,0.0147187497,0.015284261,0.0153298959,0.0136714286,0.00672125008,0.0165286529,0.0523165849,0.118919845,19.1115036,20.6422464,22.958207,23.2790915,24.3597054,24.5509987,25.0288399,24.7659753,25.4383775,24.5394178,24.4281925,24.3138585,24.8399275,23.6049335,24.3564918,22.9232244,22.5102799,21.8492887,21.8024597,21.9933686,20.8936859,19.7157925,18.790416,17.4452942,17.6951989,18.2904147,17.4451944,17.7028323,17.5085095,14.877887,8.85249552,4.44751705
evaluation/westside_05/vbr_20ms_128k/master.wav,evaluation/westside_05/vbr_20ms_128k/c.wav,4.6804872,0.976365492,0.991083367,0.994628638,0.994049278,0.993924874,0.990846338,0.994270924,0.995480253,0.994322284,0.995015379,0.993705556,0.990048269,0.990171254,0.990059403,0.987501894,0.98781246,0.984081765,0.984188821,0.983877176,0.991111844,0.992385278,0.993787219,0.995338142,0.99557852,0.995258233,0.993632866,0.992457711,0.988828464,0.993849466,0.991409219,0.971812198,0.932379732,0.950788822,0.956547903,0.984691089,0.985879585,0.98461679,0.969868661,0.988917056,0.988408089,0.978803749,0.984612763,0.983946831,0.962146765,0.968387042,0.975117969,0.977917234,0.976089531,0.96920466,0.96388904,0.963286616,0.981212792,0.986664159,0.985943961,0.99132597,0.99034982,0.984868721,0.971138103,0.978889807,0.966255422,0.986060238,0.97152393,0.887031754,0.76116658,0.0415709297,0.03076004,0.0116692713,0.00705275112,0.00774358527,0.0241888829,0.00875855326,0.0101439183,0.0163904016,0.0102491618,0.00714633894,0.0310048581,0.0206767413,0.014890548,0.0187166876,0.0199322845,0.0320688975,0.0278431052,0.0208722912,0.0090119254,0.0163562382,0.011518528,0.00299772619,0,0.00292191398,0.0102436708,0.0142660412,0.0146538797,0.0113180149,0.0183581332,0.0668347938,0.13475568,19.1660444,20.7156225,23.0423624,23.310498,24.432025,24.6107383,25.0759445,24.8641502,25.5161944,24.6092058,24.5155664,24.4553389,24.8951217,23.6825897,24.4276474,23.0002559,22.5793286,21.9245808,21.8592411,22.0418466,20.9505461,19.778053,18.8489784,17.5004074,17.7812637,18.3644817,17.5191835,17.7561567,17.5545876,14.9433715,8.97610292,4.57577697
evaluation/westside_05/vbr_20ms_192k/master.wav,evaluation/westside_05/vbr_20ms_192k/rust.wav,4.7232321,0.988060203,0.996505918,0.997303173,0.996643465,0.995727494,0.995212231,0.997137167,0.997679608,0.996514659,0.997220467,0.996588714,0.995780001,0.996447308,0.995375188,0.994890843,0.994912767,0.993238883,0.994233061,0.993505146,0.995896299,0.996840616,0.997516222,0.998278717,0.998480271,0.997870457,0.997435286,0.998007088,0.996701213,0.998828343,0.9998131,0.999565312,0.993978244,0.967054895,0.989122334,0.990094027,0.99297234,0.987927826,0.983622097,0.993141065,0.992263021,0.990644294,0.994478092,0.989533904,0.990638082,0.989846792,0.983565092,0.989548034,0.99123005,0.98463716,0.986954185,0.985606992,0.982272296,0.995655712,0.994265663,0.995700875,0.996241769,0.991133034,0.98725632,0.995335966,0.989909986,0.996829321,0.999718696,0.998936328,0.97665607,0.0308055703,0.00868494571,0.00569506082,0.00373955053,0.00654484674,0.0126199729,0.00337464001,0.00588353933,0.00876296672,0.00432752571,0.0058361854,0.00817527001,0,0.00502876066,0.00668257314,0.0102578356,0.0134951805,0.00771510125,0.00880899574,0.00880967381,0.00580784362,0.0053702245,0.00343244095,0.00135674364,0.000775398274,0,0,0,0,0,0,0.0238512359,18.9448506,20.4856679,22.8109123,23.1141524,24.2017819,24.3913528,24.8152436,24.584372,25.2714882,24.3656173,24.2604515,24.1584178,24.6431083,23.4411925,24.1979743,22.7863023,22.3555758,21.6663257,21.6057356,21.7994378,20.7178655,19.5151311,18.6197696,17.3031966,17.555576,18.1387844,17.3073678,17.5699615,17.3895072,14.8235959,8.12866975,3.50299644
evaluation/westside_05/vbr_20ms_192k/master.wav,evaluation/westside_05/vbr_20ms_192k/c.wav,4.72279653,0.988204015,0.996634404,0.997198824,0.996615411,0.996214923,0.994794982,0.997142099,0.997703966,0.996747899,0.997260221,0.99678404,0.995325509,0.995765029,0.995258814,0.994843304,0.994384862,0.992203071,0.993927133,0.993029958,0.995987093,0.996706995,0.997396517,0.998265853,0.998574188,0.997723995,0.996972853,0.997710343,0.996727808,0.998847311,0.999818044,0.999540103,0.993744152,0.96890221,0.988702793,0.991750676,0.993218924,0.988693879,0.984971081,0.993197139,0.992165072,0.990386266,0.992928144,0.988951527,0.987414358,0.989755679,0.985371344,0.989429181,0.986284096,0.981639235,0.985767587,0.980991317,0.987797953,0.994903569,0.993692596,0.996022064,0.995944142,0.988426892,0.980236685,0.99376865,0.989521376,0.995928546,0.999714102,0.998762881,0.973619192,0.0304683003,0.00880204427,0.00502833197,0.00365796952,0.00312435113,0.0133497193,0.00199293813,0.00603967667,0.00856221001,0.00471023945,0.00643931446,0.0153018348,0.00567190335,0.00615216953,0.00594225966,0.0116058531,0.0152168353,0.0083257914,0.0100499433,0.00313728286,0.00637928612,0.00526534831,0.00331236647,0.00139719741,0.00335658747,0,0,0,0,0,0,0.0246390658,19.1185044,20.6506554,22.9788223,23.2910088,24.3795689,24.5652965,25.025728,24.7786237,25.4427991,24.535772,24.4435453,24.3386935,24.8267193,23.612904,24.3733923,22.9488311,22.5203221,21.8590308,21.8204631,22.0116738,20.9177291,19.7161527,18.8103416,17.4682161,17.7242329,18.3266624,17.4918279,17.7397377,17.5724203,14.9869901,8.2990442,3.67681712
evaluation/after-dark_01/cbr_5ms_96k/master.wav,evaluation/after-dark_01/cbr_5ms_96k/rust.wav,4.5292865,0.98350362,0.998974666,0.995854871,0.996773503,0.996008385,0.997395028,0.997518585,0.997959551,0.997453303,0.997834709,0.996969605,0.996673884,0.993818171,0.993019242,0.988890721,0.988241944,0.985513369,0.976599772,0.975104115,0.980383685,0.985054164,0.992365604,0.988734603,0.99025385,0.987706712,0.98650522,0.980936435,0.971503354,0.977103494,0.907856748,0.862121049,0.736010445,0.881170243,0.998148583,0.976420287,0.994569654,0.98548633,0.99429487,0.991115095,0.995012728,0.993382679,0.994845347,0.986788752,0.991052258,0.981599731,0.978171541,0.978457781,0.979618302,0.956521275,0.945554597,0.952130836,0.9669021,0.960318119,0.982202389,0.955446001,0.983320673,0.974132865,0.96833667,0.950313288,0.914641518,0.913492541,0.834474276,0.79032785,0.457416042,0.0615324903,0,0.0151933005,0.00706782908,0.0139100515,0.00658949785,0.00823295903,0.00416122492,0.00646717335,0.00223428695,0.00776711895,0.00491738349,0.013755067,0.0139729844,0.0156383089,0.0158449903,0.0398600518,0.0375264674,0.0536053259,0.0282048276,0.0306464528,0.0140846747,0.0347964203,0.0158835997,0.0250304191,0.0331446678,0.0393543207,0.085956581,0.0612579001,0.116204571,0.112937292,0.373374852,31.8533259,29.3100256,28.2355838,26.7064289,25.5491301,25.238646,26.5857819,25.0570761,23.3375738,24.1567049,25.7974366,23.848363,24.3877089,23.3893199,22.5874453,21.4279299,20.8221446,19.5681541,20.0235288,20.698124,20.4061506,19.343767,17.9581487,16.2250805,16.1007914,16.9570278,17.1274344,16.5981729,14.3885666,10.6620129,7.68108339,6.26339628
evaluation/after-dark_01/cbr_5ms_96k/master.wav,evaluation/after-dark_01/cbr_5ms_96k/c.wav,4.52901656,0.982972614,0.998959904,0.996778424,0.996560613,0.996498781,0.99693827,0.996911844,0.997672842,0.99729588,0.997774017,0.997283373,0.996758471,0.994318434,0.993227947,0.9893982,0.989576947,0.987244491,0.97386113,0.969365464,0.979242462,0.985827981,0.992098348,0.989053184,0.991363666,0.98776785,0.987177738,0.981389508,0.972445945,0.976840069,0.905533509,0.861022818,0.737465937,0.859548428,0.997972246,0.985975315,0.989165271,0.991960237,0.992280918,0.985777241,0.993138622,0.99289985,0.994721991,0.986717478,0.9907971,0.984307983,0.977951049,0.977207346,0.976578685,0.969795872,0.949738948,0.942252801,0.960799158,0.959982989,0.984198196,0.958224905,0.984642236,0.971999945,0.971307493,0.957345083,0.916051542,0.916311589,0.83074507,0.788068726,0.446358317,0.0663847931,0,0.00683276648,0.00872289782,0.00952748311,0.00773784342,0.00991413841,0.0047147329,0.00745556792,0.00389192984,0.00660097948,0.00371482295,0.0119869149,0.013624803,0.0165820369,0.0121461516,0.0166448108,0.0448479446,0.0649294809,0.0344108846,0.025649515,0.0130834816,0.0318372252,0.0140805035,0.0282975591,0.0254514652,0.0359635338,0.0785717654,0.0587391372,0.115083012,0.111352861,0.370574345,31.8464018,29.3160694,28.25768,26.7052209,25.5436944,25.2272728,26.587829,25.081055,23.3327515,24.1610493,25.7919532,23.867496,24.3829958,23.3929015,22.6076927,21.4416791,20.8343978,19.5788823,20.026713,20.6892723,20.4103163,19.3560351,17.969177,16.2162893,16.0830824,16.9779004,17.1404064,16.604619,14.4084104,10.6673602,7.71377157,6.27562883
evaluation/after-dark_01/cbr_5ms_128k/master.wav,evaluation/after-dark_01/cbr_5ms_128k/rust.wav,4.56283564,0.993778937,0.99954421,0.997816211,0.998124341,0.997685886,0.997946087,0.998643311,0.998997323,0.998708792,0.998941808,0.998943379,0.998886294,0.997815754,0.995844399,0.994133037,0.99186315,0.988341026,0.984530802,0.98754576,0.992096034,0.993373813,0.995587003,0.995785602,0.996858567,0.994867865,0.996190266,0.99540344,0.993255274,0.990770581,0.929163014,0.842156152,0.726193306,0.954020277,0.999269024,0.989633785,0.996593634,0.994717672,0.990798134,0.996630224,0.997928326,0.995961473,0.997521617,0.996799011,0.997317486,0.993959661,0.987594407,0.986234895,0.985001186,0.964091191,0.961289666,0.979338294,0.984294142,0.984173968,0.991493993,0.988091348,0.992599899,0.977819182,0.990332112,0.99044411,0.969417855,0.975518588,0.85999485,0.738847294,0.41312839,0.019197241,0.000851006968,0.00590075545,0.00444052415,0.00583480934,0.00968741684,0.00374343502,0.00260911715,0.00418972453,0.00242009816,0.00193449059,0,0.00273776561,0.00973062611,0.00772867772,0.0118832383,0.0383885574,0.0359049378,0.0239338149,0.0142065118,0.00992148806,0.00952912715,0.0090778257,0,0.017111875,0.0107392471,0.0094920898,0.0236915775,0.0169570525,0.0788965027,0.121130334,0.426243149,31.9399624,29.3499596,28.3160382,26.7620725,25.5787672,25.2875717,26.6184704,25.0929255,23.3702101,24.2095399,25.8406482,23.9153824,24.415084,23.4268554,22.6058693,21.4518659,20.8753747,19.6075838,20.05335,20.7010275,20.3848175,19.3602594,17.971981,16.2951488,16.1262093,16.9184396,17.1646049,16.6163419,14.4603346,10.8580475,7.84821584,5.84744162
evaluation/after-dark_01/cbr_5ms_128k/master.wav,evaluation/after-dark_01/cbr_5ms_128k/c.wav,4.56171399,0.992169848,0.999493981,0.998303353,0.998151501,0.997103069,0.998072243,0.998671254,0.998849642,0.998538747,0.998986261,0.999019531,0.998702732,0.997896052,0.996337144,0.994212163,0.992209062,0.990888377,0.986197851,0.987641464,0.992045751,0.992664018,0.995746379,0.995936232,0.996926715,0.995122679,0.996519157,0.995415789,0.993642633,0.990654433,0.92849975,0.839747601,0.724908484,0.941102665,0.999102777,0.993139937,0.995998599,0.989475698,0.995040311,0.996780403,0.997190459,0.996283423,0.997719948,0.996736033,0.997136226,0.995720674,0.989600199,0.987892995,0.986453016,0.980120171,0.967575943,0.976422084,0.98423174,0.979498713,0.9911777,0.988054935,0.99209652,0.98026653,0.993016541,0.990132373,0.976219091,0.978007403,0.862513782,0.729277129,0.405895713,0.0272726407,0.00139683767,0.000809153633,0.00463539215,0.00918004217,0.00529446238,0.00205519822,0.0030399771,0.00473355651,0.00225011627,0.00100044503,0.00238884863,0.00309864604,0.00428823551,0.0062616518,0.00967258962,0.0171322019,0.0259684413,0.0242216565,0.01373152,0.014873459,0.0078271204,0.00869935164,0,0.0154142821,0.00716283889,0.00847962783,0.0236016631,0.0172160465,0.0769090643,0.122170234,0.426709608,31.9404641,29.3526402,28.3142791,26.7629795,25.5850849,25.2889603,26.6198048,25.0909046,23.3712073,24.2142558,25.8502168,23.9284292,24.4188079,23.4281957,22.625533,21.4740693,20.8997212,19.6196367,20.04706,20.7045797,20.3812304,19.3697872,17.9798945,16.2956156,16.1242096,16.9249702,17.1582138,16.6084575,14.4641585,10.8540031,7.86284517,5.85329771
evaluation/after-dark_01/cbr_5ms_192k/master.wav,evaluation/after-dark_01/cbr_5ms_192k/rust.wav,4.7257864,0.997332941,0.999748811,0.998866111,0.999224722,0.998633904,0.99912684,0.999471316,0.999536895,0.999462147,0.999530238,0.999458853,0.999427045,0.998761141,0.998552805,0.997635322,0.997456567,0.997422983,0.995811517,0.995042847,0.996102634,0.996007453,0.998432655,0.9982593,0.998548925,0.99776635,0.998698827,0.998302646,0.998345539,0.999244686,0.9995552,0.998861279,0.993026873,0.981156861,0.999550683,0.994924473,0.998273965,0.993919121,0.997269435,0.998688513,0.998787661,0.998860018,0.999089253,0.99874576,0.998871119,0.997102889,0.996337085,0.995525004,0.99429549,0.992970819,0.987985922,0.99083818,0.993401685,0.98463941,0.996999251,0.994781371,0.996797915,0.991436811,0.99673686,0.995883291,0.991773762,0.99824152,0.999003613,0.997799603,0.97902018,0.00767510331,0,0.00273718532,0.00225320851,0.00713747487,0.00377773094,0.00137328579,0.00122634686,0.00212417334,0,0,0,0.00293535665,0,0.00159510813,0.0038287685,0.00384268488,0.00913992886,0.0119604893,0.00758797339,0.0157217557,0.00355552779,0.0043330933,0.000540596969,0.00612077359,0.00189532604,0.00453494304,0.00666329088,0.00213503607,0,0,0.0169254411,31.6639865,29.1136504,28.0814463,26.4947838,25.3460106,25.0226664,26.4326562,24.8532801,23.0924086,23.986925,25.5625893,23.6562942,24.1599371,23.1465439,22.4083319,21.1921513,20.5610186,19.3049908,19.7695301,20.432486,20.0829969,19.0288324,17.6145654,15.9238927,15.7168796,16.5791088,16.8034726,16.2350358,14.0473556,10.9560362,5.54652392,4.64781751
evaluation/after-dark_01/cbr_5ms_192k/master.wav,evaluation/after-dark_01/cbr_5ms_192k/c.wav,4.72600695,0.997005782,0.999724275,0.99881854,0.999235319,0.998928041,0.999248047,0.999450898,0.999585614,0.99944482,0.999543382,0.999400963,0.999369798,0.998688868,0.998466783,0.997595355,0.997508002,0.997567728,0.995700041,0.994720159,0.996094697,0.995934708,0.998138188,0.998272904,0.998522203,0.997909979,0.998762131,0.998306226,0.998530986,0.999281947,0.999564498,0.998818461,0.993365484,0.977822182,0.999537499,0.994806896,0.998280563,0.995983745,0.997952755,0.998559692,0.999173254,0.998829328,0.998956048,0.998660961,0.998732506,0.997068649,0.996112288,0.995562489,0.994469586,0.99427882,0.990709856,0.989682454,0.993833615,0.985358833,0.996290124,0.995436761,0.99695814,0.992824706,0.997343314,0.995972034,0.993479092,0.998308732,0.998957406,0.99793348,0.980031755,0.00824048942,0.00053914728,0.00295558312,0.00254389746,0.00508517817,0.0028735175,0.000151172397,0.000402290089,0.00239110603,0.000554666552,0.00066152558,0.00111959964,0.00384264676,0,0.000643033001,0.00328474523,0.00383249269,0.00805741439,0.0137065937,0.00685015492,0.0133733766,0.00458456238,0.00393708052,0.001176402,0.00481912685,0.000950074216,0.00417406458,0.00546599212,0.00195028561,0.000668349397,0,0.0181078419,31.6628401,29.1098004,28.0811835,26.494826,25.3428067,25.0209134,26.4320981,24.8542789,23.0909634,23.9829318,25.5624257,23.6608993,24.1662641,23.1518643,22.4078298,21.1942636,20.5658522,19.3059119,19.768587,20.42802,20.0810537,19.0243204,17.6123635,15.928601,15.7207783,16.5795235,16.8042206,16.2353455,14.0424925,10.9512587,5.5443389,4.64742666
evaluation/after-dark_01/cbr_20ms_96k/master.wav,evaluation/after-dark_01/cbr_20ms_96k/rust.wav,4.54742313,0.978202748,0.998978089,0.99447504,0.994840766,0.994166148,0.995316735,0.996324608,0.99729117,0.995828236,0.997496854,0.996899435,0.996654484,0.993952412,0.994223401,0.991978248,0.991949073,0.989670843,0.986216242,0.986272667,0.989063629,0.993286054,0.995255269,0.995103675,0.996578435,0.995538072,0.996352853,0.993798909,0.987904549,0.977561461,0.924443877,0.841509015,0.721731352,0.819546972,0.998232106,0.976235424,0.987226373,0.981835591,0.988631927,0.979442955,0.991465407,0.982410379,0.994167898,0.98298886,0.989295776,0.979847662,0.983615383,0.980925997,0.986719894,0.972083878,0.963504563,0.972192719,0.979188366,0.982886159,0.984008838,0.980368045,0.992159625,0.984949759,0.994222011,0.987363031,0.957654213,0.910820143,0.823100823,0.760055379,0.420139866,0.116481961,0.00206543869,0.0190522141,0.0161467675,0.0162924154,0.0108617412,0.0109706102,0.00618921614,0.0121765372,0.00397427485,0.00598142128,0.00532105824,0.0134207577,0.00687799924,0.0181886384,0.0130930924,0.02592063,0.0292620805,0.0241107796,0.0218152336,0.00743148478,0.0121336344,0.0143741647,0,0.0136693587,0.006271488,0.0127498783,0.0393078285,0.0696238074,0.10539616,0.121363765,0.433156531,31.8526197,29.258009,28.2304425,26.6824298,25.4963519,25.1946877,26.5331238,25.0052528,23.3224731,24.1108278,25.7608547,23.8316717,24.3500465,23.335462,22.5336793,21.3528501,20.7886329,19.5065419,19.9503895,20.6236189,20.2890123,19.2271638,17.8342237,16.2010409,16.0251558,16.8191126,17.0642875,16.5288795,14.3861926,10.8562194,7.80145316,5.8016613
evaluation/after-dark_01/cbr_20ms_96k/master.wav,evaluation/after-dark_01/cbr_20ms_96k/c.wav,4.54618835,0.978219811,0.998983972,0.99501269,0.994836077,0.994162038,0.995264764,0.996286736,0.997259364,0.995737548,0.997505962,0.996942477,0.996749654,0.993899248,0.994199216,0.991869706,0.991875516,0.989601356,0.986222763,0.986048476,0.988922551,0.993174524,0.994842555,0.995138252,0.996674439,0.995567037,0.996344224,0.993838982,0.987665311,0.9774925,0.924024671,0.840619774,0.719404163,0.81973391,0.998237745,0.982717241,0.987291207,0.982044061,0.988635057,0.979426528,0.991474875,0.982413648,0.994160828,0.98359366,0.990328302,0.979832991,0.983766338,0.981101695,0.986733156,0.971726293,0.963636494,0.970361259,0.979242272,0.982717602,0.979228656,0.980965113,0.992114564,0.984923715,0.994177219,0.987469421,0.954979314,0.911115277,0.822839537,0.759012837,0.420595274,0.116463106,0.00212403152,0.0142516693,0.0161116382,0.0162174737,0.0108348242,0.0109330058,0.0061894909,0.0122114483,0.00378595074,0.00581921003,0.00484705993,0.0134264976,0.00718023071,0.0181958493,0.0130581507,0.0261043825,0.0291039348,0.0250472771,0.0217837787,0.00778531697,0.016424897,0.0138888038,0,0.0136726558,0.0066213398,0.013147525,0.0413423069,0.0684576301,0.105961305,0.121718466,0.434741839,31.8510267,29.2566313,28.2292484,26.6829108,25.4993263,25.1970995,26.5334377,25.0046458,23.3250075,24.1123068,25.7645645,23.8361896,24.3515561,23.3334816,22.5365532,21.355024,20.7895218,19.5057164,19.9495373,20.6223689,20.2924359,19.2301062,17.83584,16.203107,16.0271093,16.8218177,17.0656587,16.5321426,14.3881397,10.8567936,7.80488264,5.80071367
evaluation/after-dark_01/cbr_20ms_128k/master.wav,evaluation/after-dark_01/cbr_20ms_128k/rust.wav,4.65562065,0.984764463,0.99932607,0.996456501,0.997154299,0.996697878,0.99629986,0.997673034,0.997811879,0.997463744,0.998421128,0.998423572,0.99817981,0.996226883,0.996019429,0.995930194,0.994596555,0.99438085,0.992385767,0.991214027,0.993039993,0.995602483,0.997601266,0.996652364,0.997759039,0.996529716,0.997521066,0.996161856,0.996341327,0.996545408,0.980131836,0.93900348,0.849024172,0.841519598,0.998429154,0.986718081,0.994855793,0.992902345,0.989713599,0.989893555,0.993623691,0.992013328,0.996399993,0.995463514,0.996551375,0.991108241,0.989993165,0.991233847,0.991481987,0.979695726,0.984188933,0.981624169,0.987946173,0.992106605,0.993430954,0.984537674,0.995255204,0.985020464,0.995442152,0.989381922,0.988458446,0.991713233,0.907578155,0.7896596,0.577146665,0.0662689276,0,0.0140686192,0.00855762031,0.00856970408,0.0122567558,0.00668804166,0.00655049052,0.00768566886,0.00335828565,0.00266871325,0.00296574607,0.00767895668,0.00505017802,0.00357898543,0.00904150906,0.0162687694,0.015363533,0.0156868827,0.0106893265,0.00379687443,0.00381848944,0.0136544018,0,0.0127219981,0.00310029236,0.00773689381,0.0126989786,0.00671462101,0.046062166,0.114782072,0.346797566,31.9197801,29.318412,28.2864154,26.7406055,25.5754424,25.257039,26.6033689,25.0749298,23.3555645,24.1952835,25.8286926,23.903646,24.4246784,23.3998456,22.5588157,21.3792072,20.8198109,19.5353592,19.9699973,20.6559038,20.3055047,19.275368,17.877934,16.2037726,16.0489489,16.8360799,17.0658266,16.505885,14.2765516,11.056477,6.40117387,5.11421441
evaluation/after-dark_01/cbr_20ms_128k/master.wav,evaluation/after-dark_01/cbr_20ms_128k/c.wav,4.65460776,0.984742276,0.999323057,0.996488317,0.997177696,0.996764024,0.996313577,0.997703774,0.997814635,0.997512014,0.998357625,0.99844229,0.998193326,0.996308274,0.995907488,0.995838901,0.994461017,0.99443575,0.992488279,0.991277036,0.993084088,0.995550836,0.997524594,0.996735771,0.997764617,0.996530062,0.997569717,0.996213,0.996409539,0.996550893,0.979743961,0.937972289,0.846723404,0.841300066,0.998430476,0.987340356,0.994806545,0.99297803,0.989715859,0.989989453,0.993633037,0.992007562,0.996398324,0.995514672,0.996339101,0.991134768,0.990118258,0.991377789,0.98960213,0.979830587,0.98418313,0.981636813,0.987737995,0.991810272,0.9935326,0.984857936,0.995286034,0.985016135,0.995439163,0.989460662,0.987558929,0.991787998,0.907468138,0.789444441,0.572486379,0.066290297,0,0.0136054568,0.00847102255,0.0084981484,0.012182369,0.00657261271,0.00641366016,0.00733192192,0.00292175284,0.00275350959,0.00324546683,0.00750550899,0.00577187598,0.00350657047,0.0102791932,0.0161910123,0.0157227453,0.0158831493,0.0110320387,0.0036645122,0.00445266778,0.0130881139,0,0.0127401605,0.00314963615,0.00779300968,0.012985229,0.00658035964,0.0461807882,0.115038503,0.347699061,31.9196159,29.3185127,28.2862874,26.7404349,25.5748769,25.25515,26.6011962,25.0726146,23.3499047,24.1950304,25.8319232,23.9077278,24.4265606,23.4014905,22.5604396,21.3797118,20.819205,19.5364594,19.9701146,20.6561114,20.3112951,19.2775189,17.8792618,16.2038771,16.051762,16.8374061,17.0654309,16.5040912,14.2764864,11.0538436,6.41320996,5.11757099
evaluation/after-dark_01/cbr_20ms_192k/master.wav,evaluation/after-dark_01/cbr_20ms_192k/rust.wav,4.72795739,0.992940239,0.999697972,0.998222901,0.99862817,0.998520609,0.998204724,0.998722468,0.998944555,0.998781594,0.999078426,0.999091399,0.998988447,0.998324672,0.998360488,0.997967899,0.997618097,0.998014592,0.996726609,0.99668312,0.997141401,0.997779635,0.998840808,0.998855259,0.999238141,0.998941552,0.999161209,0.9988795,0.998607497,0.999515667,0.999792807,0.999607774,0.996919878,0.93525777,0.999394508,0.992473185,0.996540699,0.997110218,0.995043971,0.994945759,0.996587674,0.996570388,0.997752993,0.995461773,0.997252096,0.995913901,0.995397272,0.996450871,0.992057221,0.992705322,0.992845591,0.993115649,0.995404139,0.995609853,0.997214396,0.994855232,0.997879679,0.997255575,0.997961008,0.996974649,0.991886205,0.998625021,0.999703746,0.999279897,0.98987703,0.0317667261,0,0.00726005925,0.00399871625,0.00339234545,0.00649843746,0.00272839412,0.00210692765,0.00427956841,0.000793615778,0,0,0.00290303729,0.000967551181,0.00136794894,0.00710453502,0.00472435298,0.00680500283,0.00730521439,0.00417232391,0,0.00212469211,0.00466670326,0,0.0017564041,0.00222460452,0.00325260488,0.00770803151,0.00137860769,0,0,0.0110217641,31.9178433,29.3608635,28.3161233,26.7381252,25.5938158,25.2668706,26.671691,25.121273,23.3143072,24.2219903,25.8415315,23.9079052,24.425052,23.4169957,22.6261764,21.4304735,20.818336,19.5358058,19.9932914,20.6827738,20.3108074,19.2833274,17.846923,16.1037999,15.9279576,16.8068491,17.0241963,16.4816385,14.258198,11.1508566,5.71944716,4.8654685
evaluation/after-dark_01/cbr_20ms_192k/master.wav,evaluation/after-dark_01/cbr_20ms_192k/c.wav,4.72786265,0.992569585,0.999701882,0.998255158,0.998546055,0.998463721,0.998205419,0.998751827,0.998917961,0.998763936,0.999066556,0.999077459,0.998973541,0.99830567,0.99835684,0.997881041,0.997585684,0.997921566,0.996744373,0.996783243,0.997177047,0.997799822,0.998839964,0.998872095,0.99924499,0.998933352,0.999134526,0.998851675,0.998560447,0.99951223,0.999791043,0.999598292,0.996854145,0.930655718,0.999368235,0.992749129,0.996454731,0.997075265,0.995091675,0.994947637,0.996591264,0.9965706,0.997752201,0.995595167,0.997245846,0.995929299,0.995399763,0.995895749,0.992170309,0.992647615,0.992965258,0.993275618,0.995138993,0.995609622,0.997237854,0.994920386,0.997996715,0.997282431,0.997636425,0.996522677,0.991313637,0.998604467,0.999703099,0.999261993,0.989798125,0.0332428182,0,0.00675766273,0.00420163604,0.00349980848,0.0064402505,0.00268441663,0.00207987946,0.00429417333,0,0,0,0.00297762342,0,0,0.00699157992,0.00452369005,0.00650504783,0.00746239837,0.00436731792,0,0.00206061894,0.00461851791,0,0.00194114397,0.00247844177,0.00354578619,0.00792215242,0.00128328345,0,0,0.0115469883,31.9172147,29.361157,28.3168157,26.7376627,25.5950577,25.2647295,26.6706189,25.1205595,23.3136936,24.2201227,25.8408326,23.9075449,24.42534,23.4206817,22.6264834,21.4310225,20.8184126,19.5353175,19.9927134,20.6815513,20.3140184,19.2845846,17.8464624,16.1040932,15.9303153,16.8059426,17.023875,16.4817126,14.2595584,11.1506937,5.71976993,4.8649143
evaluation/after-dark_01/vbr_5ms_96k/master.wav,evaluation/after-dark_01/vbr_5ms_96k/rust.wav,4.53059224,0.988194868,0.999194671,0.99627191,0.997364354,0.997004777,0.996321034,0.997069802,0.997849413,0.99762767,0.99826421,0.998049823,0.997085985,0.994142502,0.993418321,0.989255564,0.988836814,0.988726608,0.97891676,0.975957538,0.980044834,0.985032279,0.990426393,0.987991981,0.990660743,0.986982928,0.984205111,0.980329528,0.974942858,0.975949183,0.907610804,0.866544083,0.733808763,0.898279433,0.99837253,0.978280395,0.992793648,0.995143636,0.985080743,0.989931907,0.991746544,0.99420539,0.996775386,0.995764708,0.992298192,0.985090081,0.981210731,0.975722241,0.975581344,0.975330519,0.950043596,0.955658933,0.956873435,0.955688484,0.980643483,0.966730428,0.980622682,0.974487513,0.966779169,0.955437093,0.929382797,0.907980834,0.827639297,0.80686052,0.48261642,0.0497835004,0,0.0197685024,0.00630808345,0.00687507796,0.0171141224,0.00967540137,0.00607166405,0.00704637928,0,0.0013754086,0.00452954546,0.00975871977,0.00799550895,0.014252745,0.0146689012,0.0170789997,0.0361081645,0.0401560433,0.0322103315,0.0283310715,0.0203181723,0.0308781822,0.017595436,0.0305735596,0.0517447589,0.0405242587,0.0751863238,0.0650604581,0.11799823,0.107016378,0.382722477,31.9518633,29.4148133,28.3495669,26.8083915,25.6444971,25.3296856,26.6925287,25.1786978,23.4361998,24.2543232,25.9028025,23.9509099,24.4870089,23.5039804,22.6863708,21.5101413,20.9266009,19.6827685,20.1435583,20.8070977,20.4847697,19.4245325,18.0524743,16.3008727,16.2038398,17.057431,17.2323708,16.6734387,14.512447,10.7482988,7.76892292,6.33018602
evaluation/after-dark_01/vbr_5ms_96k/master.wav,evaluation/after-dark_01/vbr_5ms_96k/c.wav,4.53151126,0.989014023,0.999257379,0.996749041,0.996994841,0.995855114,0.996887851,0.998116445,0.998258045,0.997410116,0.998096043,0.99789567,0.996889955,0.994516695,0.992471476,0.990359204,0.988880803,0.986537051,0.978592016,0.976479082,0.983799316,0.988945753,0.991700247,0.988463602,0.991122418,0.986949342,0.985011643,0.981856237,0.975714165,0.975842865,0.907085505,0.864787037,0.735023987,0.911898062,0.99893015,0.981081826,0.993680063,0.990706585,0.988091102,0.993595685,0.995513652,0.991777343,0.99631771,0.994449198,0.992870488,0.985247393,0.978388216,0.981296917,0.983212149,0.962547352,0.949474611,0.961195601,0.977723695,0.974137225,0.983112811,0.962357327,0.980231078,0.977096316,0.966696307,0.952786619,0.930442368,0.910008354,0.821815111,0.820533625,0.479931542,0.0348964282,0,0.0141729742,0.00618198589,0.0108582254,0.0108925261,0.00567150305,0.00181448515,0.00698479263,0,0.00166926628,0.00731481722,0.0113247105,0.00949361217,0.0147905292,0.0170133787,0.0237002748,0.0373388592,0.0426126191,0.0238518973,0.0157676797,0.0155186823,0.0281710857,0.0155684728,0.0284143088,0.0483252269,0.0399055818,0.0730737622,0.0643002632,0.117103975,0.105118129,0.370372771,31.9614691,29.4186346,28.3551063,26.8154534,25.6388934,25.3359074,26.6960084,25.1744443,23.4323828,24.2595254,25.8933513,23.965229,24.4949838,23.5031712,22.6807488,21.4992082,20.9087067,19.6735322,20.1511746,20.7990175,20.4786681,19.4432893,18.0455961,16.3080047,16.191835,17.061563,17.2318887,16.6987501,14.5079994,10.7257622,7.78272992,6.35702699
evaluation/after-dark_01/vbr_5ms_128k/master.wav,evaluation/after-dark_01/vbr_5ms_128k/rust.wav,4.5637024,0.99053645,0.999506136,0.996784174,0.99833863,0.997828123,0.9980732,0.998433701,0.99874706,0.998798698,0.99909609,0.999165365,0.998885116,0.99771277,0.996272189,0.993802159,0.992823636,0.991330296,0.986410394,0.985607541,0.990934408,0.992843754,0.9957874,0.994471685,0.996814841,0.995072137,0.996521593,0.995370335,0.993995437,0.990911594,0.930264143,0.844486359,0.722283879,0.927334124,0.999108007,0.985702323,0.997113656,0.994627018,0.995754132,0.995788001,0.996284243,0.997237971,0.998068292,0.997567584,0.997213759,0.995116931,0.991658174,0.984854658,0.985489706,0.974649651,0.969002836,0.970906812,0.978785677,0.979064552,0.991727388,0.975103115,0.99192069,0.974455965,0.992134812,0.990962672,0.977853221,0.973180141,0.861291161,0.724236867,0.411846253,0.0339190785,0.000616686275,0.0154094228,0.00469602441,0.00612064655,0.00535668694,0.0046720635,0.00348211207,0.00424018191,0.00190619305,0,0,0.00279839905,0.00349523979,0.00778982208,0.0115807245,0.0208924856,0.0260940475,0.0284348637,0.0160307452,0.0142435119,0.00800380919,0.0207060414,0.00428331449,0.0167604187,0.00737638039,0.00829907983,0.0187853324,0.0180681254,0.0777910797,0.121961097,0.429902243,31.9018313,29.3121172,28.2788887,26.7391562,25.5480482,25.2623601,26.6057775,25.083006,23.3410234,24.1680548,25.8030669,23.8790802,24.3801136,23.3998539,22.5806948,21.4289468,20.8560605,19.5728009,20.0226786,20.6615804,20.34668,19.3287995,17.9416808,16.2685306,16.0876484,16.8908997,17.1191209,16.577195,14.4238988,10.8262804,7.77645309,5.78967608
evaluation/after-dark_01/vbr_5ms_128k/master.wav,evaluation/after-dark_01/vbr_5ms_128k/c.wav,4.56380966,0.994093483,0.999572499,0.997712166,0.998327793,0.996683143,0.998277811,0.998815792,0.998977108,0.998535884,0.998871943,0.999058191,0.998907462,0.997528373,0.995447863,0.994655647,0.993966524,0.993145448,0.98582205,0.985587405,0.991823816,0.992751511,0.995448748,0.995868586,0.997296017,0.995618159,0.996740584,0.995294519,0.9923719,0.99075837,0.931147927,0.843377192,0.724638917,0.961567556,0.999115463,0.989395846,0.996695475,0.98324786,0.995304626,0.995060027,0.996992346,0.99411204,0.997054612,0.997302325,0.99785116,0.993862318,0.97827678,0.986217787,0.989858181,0.983652787,0.970369637,0.972043114,0.981689391,0.982547808,0.989421462,0.986852427,0.994956421,0.984500432,0.993103166,0.991868185,0.96019015,0.975615742,0.875697854,0.726308788,0.390922916,0.0184671923,0.00161648598,0.0110343303,0.0046745851,0.0199971621,0.00605094283,0.00405507044,0.00262490367,0.00533275355,0.00342854002,0.000793059744,0.00141068831,0.00343724584,0.0128675951,0.00605224962,0.00806699753,0.00752932517,0.0284026328,0.031734444,0.0129967887,0.0130142026,0.0102254767,0.0111519031,0.00380644746,0.0131017392,0.00663676168,0.00911746376,0.0317535782,0.0169844941,0.0715431772,0.123065753,0.431452897,31.9072005,29.3191047,28.2822202,26.7318292,25.5478179,25.262694,26.5898309,25.0653541,23.338119,24.1658753,25.8120596,23.8911089,24.3806504,23.409644,22.5910949,21.4147999,20.8481109,19.5743524,20.0183813,20.6664625,20.3596745,19.3504572,17.9349312,16.2659364,16.0921794,16.887075,17.1289733,16.5687065,14.4207259,10.81671,7.78741558,5.78858981
evaluation/after-dark_01/vbr_5ms_192k/master.wav,evaluation/after-dark_01/vbr_5ms_192k/rust.wav,4.72555868,0.995769398,0.999784145,0.999214721,0.999310395,0.998886138,0.999291821,0.999552334,0.999590065,0.99947722,0.999587945,0.999605473,0.999464204,0.998877727,0.998422944,0.997725608,0.997224288,0.997408948,0.996112209,0.995996888,0.996675735,0.996618077,0.998333553,0.998146754,0.998614964,0.998022436,0.998234683,0.998036186,0.998363264,0.999285684,0.999528483,0.998931125,0.992957314,0.965693553,0.99960576,0.996142244,0.998702568,0.995458379,0.998305409,0.998432699,0.998938945,0.99863209,0.999037522,0.998886373,0.998673108,0.996301823,0.993007444,0.994583869,0.99348728,0.993545171,0.990489082,0.992386265,0.993933207,0.990105562,0.996873593,0.994567015,0.997047255,0.994663963,0.996608186,0.994771074,0.994698956,0.997801346,0.998768205,0.998432955,0.964175864,0.0137902457,0.00016367133,0,0.00233053862,0.0051952164,0.00234422219,0,0,0.00191392084,0,0,0,0,0,0,0.00521672938,0.00562537104,0.00779088642,0.0106116958,0.00595261233,0.0022979752,0.00303843032,0.0051403594,0.00299373208,0.00496340003,0.00338134501,0.00507950957,0.00582362529,0.00101818114,0.00155756588,0,0.0309271295,31.589826,29.0804607,28.0008383,26.4279427,25.3000081,24.961268,26.3867401,24.7893428,22.9757599,23.9154893,25.5726449,23.5778835,24.1298347,23.1506419,22.35407,21.1321905,20.5081411,19.2408054,19.6918943,20.386779,20.0234481,18.9743096,17.5300928,15.7802071,15.5839983,16.4937059,16.7264687,16.1932329,13.9932082,10.8886097,5.48907881,4.58890039
evaluation/after-dark_01/vbr_5ms_192k/master.wav,evaluation/after-dark_01/vbr_5ms_192k/c.wav,4.72620167,0.998125987,0.999792492,0.999196993,0.999290776,0.998938163,0.999266258,0.999556481,0.999621757,0.999466495,0.999538909,0.999526183,0.999438014,0.998895771,0.998474605,0.997821006,0.997375368,0.997249317,0.995271954,0.995680651,0.996281199,0.99668218,0.998176391,0.998025384,0.998641909,0.998151321,0.998589932,0.998159378,0.998515859,0.999109546,0.999561296,0.999015222,0.994140976,0.986553046,0.999574688,0.995989743,0.998442268,0.997477479,0.998519144,0.99778041,0.999131885,0.99902866,0.999064363,0.998670883,0.998668897,0.997300469,0.994750575,0.995368696,0.994151118,0.992198512,0.988848718,0.993963778,0.99397308,0.99046201,0.995323003,0.994029768,0.997033944,0.995527349,0.997241502,0.995203594,0.993307745,0.996967645,0.998907921,0.998199904,0.979037503,0,0.000851889137,0,0.00231588703,0.00337762533,0.00244234682,0.00198602299,0.00076760524,0.00158938746,0,0,0,0.00234905933,0,0,0.00521407848,0.00573445252,0.00815029818,0.00778467878,0.00673108166,0.00290793859,0.00437071418,0.0059946589,0.00302820895,0.00491938828,0.00272958454,0.00477602901,0.00571294561,0.00203129546,0.000905193332,0,0.0248633488,31.54865,28.9964646,27.9628766,26.3808783,25.2219839,24.9094776,26.3257402,24.7399835,22.9748813,23.8646159,25.4400839,23.5408286,24.0458351,23.0320511,22.2866294,21.0724065,20.4464429,19.1874431,19.6523485,20.3132087,19.9647811,18.9022268,17.4903579,15.8046811,15.5947454,16.4568839,16.6879999,16.1142292,13.9258716,10.8384899,5.43066444,4.5344676
evaluation/after-dark_01/vbr_20ms_96k/master.wav,evaluation/after-dark_01/vbr_20ms_96k/rust.wav,4.55091105,0.988578225,0.998834125,0.996385477,0.996599931,0.995083765,0.99443083,0.995657038,0.997036624,0.996726963,0.997520901,0.9974188,0.996537662,0.992601797,0.993056308,0.991584972,0.990841691,0.990375853,0.985728106,0.984821691,0.98857678,0.993967136,0.994823488,0.994678302,0.996000773,0.994720291,0.996398436,0.993907835,0.987172531,0.977125099,0.926790496,0.850521341,0.720329804,0.881684769,0.998029678,0.991688798,0.993961134,0.98635492,0.984107226,0.976687723,0.990579748,0.989789553,0.994989882,0.991302298,0.989730106,0.970245701,0.974668933,0.979638794,0.970943063,0.970384858,0.959382687,0.970614506,0.977194069,0.986935436,0.980691037,0.980351527,0.9916294,0.980980221,0.993504901,0.988787499,0.95375538,0.917576393,0.827224439,0.783924009,0.456687618,0.0494521596,0.00201206101,0.00838747869,0.00739891642,0.0128993857,0.0147602642,0.0141406379,0.00661593138,0.00728666927,0.00308613774,0.00341478038,0.00526984316,0.0211245566,0.0115669692,0.0160759396,0.0193932434,0.0240637373,0.0277372035,0.027322903,0.0201747412,0.00565508545,0.01473877,0.0143810947,0.00135620576,0.0166953115,0.00436609593,0.0115384044,0.0395836871,0.0651416199,0.104479335,0.118210754,0.430553291,31.7726588,29.182118,28.1486465,26.5957371,25.4374218,25.1365571,26.4708772,24.9411399,23.2200238,24.0497614,25.7045071,23.7601229,24.2582725,23.2576152,22.4501157,21.2855136,20.721409,19.4462426,19.8678911,20.5565992,20.2256144,19.1535484,17.769021,16.1341347,15.9543376,16.739841,17.0077561,16.4420656,14.3243398,10.7917066,7.61677825,5.74911764
evaluation/after-dark_01/vbr_20ms_96k/master.wav,evaluation/after-dark_01/vbr_20ms_96k/c.wav,4.54948557,0.988180181,0.998923505,0.994119185,0.995896109,0.994402663,0.994677488,0.995987174,0.997124894,0.996067631,0.997262096,0.997583339,0.996829567,0.993343759,0.993055968,0.991613461,0.989580008,0.989671482,0.985862158,0.987400394,0.989965263,0.993197834,0.994662785,0.994814258,0.99561792,0.99522975,0.996361736,0.993488496,0.985985966,0.977155587,0.925888191,0.848372245,0.721953107,0.88756136,0.997966926,0.978125277,0.989651334,0.98521852,0.986790511,0.977312292,0.990509943,0.982141808,0.9910891,0.992646769,0.990750815,0.981333273,0.975164055,0.977498233,0.975187388,0.972277058,0.960811268,0.974368683,0.981882572,0.984237137,0.974036743,0.981352385,0.98725698,0.981674176,0.993042449,0.988501729,0.945653908,0.913658424,0.822825138,0.777905248,0.403777522,0.0480099529,0.00174004605,0.0230785553,0.010743358,0.0129109199,0.0125335979,0.0127624298,0.0067185042,0.0121223774,0.0051866989,0,0.00568309268,0.0118800936,0.00793264101,0.0150708154,0.024169922,0.0206659148,0.0308099124,0.0222244775,0.0187565867,0.00903020645,0.0204455128,0.0140121979,0.00676380611,0.0131920219,0.00459588584,0.0153952902,0.0483475982,0.067642756,0.105233859,0.118822275,0.428203555,31.7675336,29.1753405,28.1393538,26.5814437,25.4168433,25.1278316,26.4633929,24.9357636,23.2356928,24.0394112,25.6794205,23.7539283,24.2545972,23.2488695,22.4440357,21.2696505,20.7027288,19.4249001,19.8685644,20.535724,20.2150101,19.1416089,17.7510197,16.1361795,15.9435139,16.7238027,16.9987418,16.4406775,14.3101411,10.7743112,7.64168915,5.74276969
evaluation/after-dark_01/vbr_20ms_128k/master.wav,evaluation/after-dark_01/vbr_20ms_128k/rust.wav,4.61201052,0.989504476,0.999419393,0.997311507,0.99769733,0.996775592,0.996800462,0.997714633,0.998230294,0.997796065,0.998480966,0.998532338,0.998394795,0.996934355,0.996176446,0.9961222,0.995293583,0.994586863,0.992826962,0.991889949,0.994143908,0.995894723,0.997733612,0.996972478,0.997547866,0.997173022,0.997764511,0.996149117,0.996036259,0.994302743,0.960874501,0.894891566,0.772036068,0.911850763,0.99885655,0.988051406,0.995826757,0.989567359,0.990597264,0.989123854,0.994452065,0.993787596,0.995155066,0.99472002,0.996549447,0.994478518,0.985069129,0.991269061,0.989789173,0.98058156,0.985071618,0.983865489,0.988894004,0.990452605,0.99486684,0.989345562,0.994008056,0.991531965,0.995592453,0.988505008,0.984977544,0.987822551,0.889140097,0.729168489,0.40677096,0.0377742821,0.00130331758,0.0117686712,0.00608448772,0.0100764439,0.0113645494,0.0074608679,0.00404047638,0.00627576449,0.00374586126,0,0.00230367529,0.00447478774,0.00323633337,0.000464088299,0.00783589538,0.0162480115,0.0134203959,0.0137062985,0.00851956006,0.00603917861,0.00376427608,0.0107423446,0,0.00533885887,0.00402758407,0.00850124677,0.0124274056,0.0125341183,0.058729488,0.126321248,0.402631338,31.7914133,29.1946143,28.1571539,26.6121423,25.4327209,25.1350384,26.4741682,24.9536135,23.232503,24.0637653,25.6915929,23.7781263,24.2733206,23.2783438,22.4462889,21.2748397,20.7115329,19.4375206,19.8622621,20.5251742,20.1914651,19.1512819,17.7725057,16.1120647,15.9530293,16.7363125,16.9611359,16.384701,14.1774963,10.8380409,6.91196257,5.26127158
evaluation/after-dark_01/vbr_20ms_128k/master.wav,evaluation/after-dark_01/vbr_20ms_128k/c.wav,4.62363774,0.993909243,0.999453396,0.997581828,0.997870472,0.996997191,0.996546207,0.997872693,0.998162388,0.997938156,0.998536829,0.998445181,0.998192706,0.996518393,0.995631308,0.995411918,0.995022198,0.99532892,0.992722975,0.992075832,0.993891521,0.995979484,0.997535259,0.996940392,0.997553176,0.997101499,0.997687717,0.996313941,0.996663794,0.995484223,0.965403473,0.905864913,0.790485635,0.959985403,0.998815098,0.990631749,0.995329936,0.990363968,0.990437029,0.990956601,0.993856851,0.995254237,0.996976468,0.995289065,0.995169883,0.992914649,0.985094633,0.98495446,0.988259747,0.991291407,0.984260655,0.984519864,0.986814836,0.992416765,0.995309886,0.98949587,0.994137576,0.990697997,0.995207952,0.988233828,0.989622617,0.989877487,0.888944901,0.73151068,0.423204445,0.0202896694,0.000928823516,0.00964927257,0.00564788209,0.00946096279,0.012331327,0.00575199502,0.00431347919,0.00570675878,0.0018122222,0.00329440548,0.00176674181,0.00390571362,0.00739012738,0.0086623836,0.0097400831,0.00637023778,0.0132284626,0.0136384829,0.00981901985,0.00416057007,0.0042964854,0.00890701233,0,0.00640680316,0.00296986874,0.00770661783,0.0102234078,0.00909354406,0.0573649986,0.127409843,0.384577354,31.9334699,29.3344955,28.3115613,26.7542929,25.5912403,25.2735073,26.6174109,25.0828788,23.3633059,24.2096596,25.8458571,23.9173494,24.4396919,23.4134169,22.5719346,21.3889823,20.835105,19.5579063,19.9720802,20.6678073,20.3351851,19.285468,17.9010849,16.2290748,16.0650587,16.8558124,17.082948,16.5205932,14.3015057,10.9751586,6.85019594,5.29346458
evaluation/after-dark_01/vbr_20ms_192k/master.wav,evaluation/after-dark_01/vbr_20ms_192k/rust.wav,4.72778279,0.992411654,0.999655253,0.998207919,0.998638423,0.99794259,0.998553882,0.998918319,0.998946554,0.998728218,0.999222021,0.999133871,0.999054292,0.998353885,0.998299622,0.997985514,0.997847128,0.997933277,0.996427585,0.996558116,0.997247696,0.997503588,0.998646131,0.998530804,0.999091987,0.998401861,0.999027419,0.998562304,0.998909619,0.999491061,0.99974941,0.999526619,0.997426001,0.917977797,0.999259602,0.992094538,0.996817579,0.991742415,0.995929994,0.995778911,0.99608312,0.995387559,0.99831518,0.996253782,0.997756696,0.995829226,0.995111792,0.99538773,0.995645438,0.993558457,0.992651132,0.993890711,0.996269787,0.992880048,0.996584747,0.993139,0.997966288,0.995268946,0.998274098,0.996330946,0.994693556,0.998545666,0.999637772,0.999127708,0.993292013,0.0320112716,0,0.00565700484,0.00432097576,0.00965814969,0.00487107135,0.00408641484,0.00298786676,0.00498599504,0.000526970387,0,0.00207366038,0.00291861926,0.000759490513,0.00158550774,0.00421692692,0.00310848274,0.00848731282,0.00856183645,0.00361477983,0,0.00132166781,0.00612797444,0,0.00474707835,0.00190618682,0.00448850551,0.00495798071,0.00160532664,0,0,0.00544140421,31.4344755,28.8839205,27.8389632,26.2561365,25.0955309,24.7796924,26.1875159,24.6745524,22.8346164,23.6593325,25.3416474,23.3632311,23.8795895,22.8935618,22.1210448,20.9139364,20.3155221,19.0234261,19.4876841,20.1579477,19.7821319,18.7530066,17.3024689,15.6047628,15.4440996,16.319971,16.5507291,15.9718591,13.7128159,10.6438723,5.20544098,4.37590848
evaluation/after-dark_01/vbr_20ms_192k/master.wav,evaluation/after-dark_01/vbr_20ms_192k/c.wav,4.72710601,0.985056193,0.999597889,0.998263457,0.998791406,0.998483583,0.998324982,0.998780577,0.998807037,0.998722388,0.999232327,0.99919409,0.999124187,0.998509414,0.998559335,0.998076951,0.997934734,0.997828553,0.996304899,0.996643892,0.997384498,0.997866533,0.998807704,0.998799899,0.999159901,0.998754989,0.999073677,0.998576935,0.998579414,0.999431166,0.999739134,0.99946253,0.996709737,0.837964495,0.998563597,0.990787833,0.997363026,0.997908651,0.995533652,0.995582306,0.995753222,0.995763566,0.998074811,0.996721758,0.998029004,0.996357463,0.995015758,0.995829802,0.996058653,0.994073014,0.991412589,0.994083936,0.995482239,0.995413109,0.997236156,0.995763036,0.998428882,0.997790105,0.997938827,0.996547621,0.991824335,0.99770253,0.999552663,0.998930511,0.991881743,0.0914762942,0,0.0056497479,0.00405695817,0.0031542444,0.00550154473,0.0032754748,0.0029267294,0.00466231955,0.00117369217,0,0.00085943784,0.00181927851,0,0.000745030647,0.00536365023,0.00423803001,0.00893440944,0.00784328058,0.00358587061,0,0.00282119433,0.00417760361,0,0.00329666935,0.00248126415,0.00406570259,0.00625970699,0,0,0,0.0105416723,31.1657995,28.6589705,27.5877463,26.0003533,24.8516917,24.5295287,25.9695162,24.3918758,22.5569946,23.4459671,25.1576524,23.1310516,23.6786855,22.718813,21.9364108,20.7194736,20.1156068,18.8191339,19.2936821,19.957197,19.5895909,18.5435846,17.0871042,15.3541565,15.1968687,16.0933608,16.3152525,15.7533322,13.5303483,10.4586947,5.01357658,4.13866429
evaluation/after-dark_02/cbr_5ms_96k/master.wav,evaluation/after-dark_02/cbr_5ms_96k/rust.wav,4.61011822,0.977910983,0.996566703,0.997553221,0.994738993,0.992769648,0.997004147,0.997473067,0.997692367,0.997501449,0.995664651,0.997056906,0.99683835,0.990371543,0.988988209,0.988253663,0.988032568,0.989931012,0.984242785,0.980466781,0.986335272,0.986345995,0.990225937,0.992136131,0.991869187,0.990527596,0.989734646,0.988647262,0.987197654,0.985329374,0.942249234,0.936952226,0.820297964,0.860624991,0.99044013,0.991276959,0.970998904,0.968157076,0.991644303,0.991701174,0.992681428,0.994217961,0.982971493,0.993248881,0.992960294,0.975982384,0.981144407,0.977077161,0.978909566,0.9781865,0.966881366,0.949656884,0.957905724,0.968293019,0.971411628,0.983980332,0.987449745,0.977893335,0.980881676,0.983271889,0.977700214,0.983181255,0.91713491,0.898532498,0.729845404,0.0981172252,0.00991495071,0,0.0220404789,0.0281738501,0.00907204867,0.0133911689,0.0046656651,0.00554882962,0.0152391212,0.00321230437,0.00337300157,0.0247354123,0.0259002753,0.0197863253,0.0207295234,0.0159400204,0.0245072564,0.0429746421,0.0292326901,0.0316006727,0.0225394677,0.0114091634,0.00854250455,0.0124238986,0.0158255197,0.0170126655,0.0229357328,0.014267487,0.0436010096,0.0596189653,0.175003977,26.5905982,26.2499586,25.0754799,24.1982601,24.5638484,25.7189778,25.7109146,23.391586,22.5011412,23.3904973,24.2999594,22.5042029,22.0363585,21.3632971,20.6320735,20.8384167,20.3523301,18.7408409,18.9738322,19.013007,18.1824414,18.6883806,17.8009933,16.8315139,17.5458912,18.1900425,17.6451999,17.1951526,16.2024296,13.1993398,10.3730552,7.82840031
evaluation/after-dark_02/cbr_5ms_96k/master.wav,evaluation/after-dark_02/cbr_5ms_96k/c.wav,4.60842927,0.983135182,0.995564073,0.998119376,0.996410729,0.993152196,0.997335858,0.998206234,0.99794147,0.997367503,0.996052253,0.996370529,0.996698249,0.990448141,0.989822009,0.987591165,0.988420592,0.991001482,0.986454345,0.983329064,0.987645745,0.989284757,0.990245932,0.992955654,0.991812603,0.989053362,0.989065313,0.987549546,0.986874804,0.985241204,0.942008088,0.936872463,0.817874534,0.913057553,0.984855012,0.996162515,0.984742452,0.971237446,0.992286421,0.995581002,0.99228773,0.99442686,0.990333998,0.988458733,0.989424292,0.976646309,0.981451811,0.975871911,0.973272444,0.982099968,0.9723621,0.963874242,0.966951583,0.983546606,0.974336417,0.9884443,0.989402049,0.974379674,0.976257364,0.974767915,0.975995496,0.980779426,0.915280835,0.898216608,0.725206945,0.0740405002,0.0160478173,0,0.00884389777,0.0249069307,0.00575699824,0.00419981838,0.0055800037,0.00543395414,0.0102444516,0.00568390791,0,0.0239732854,0.0194697706,0.0204045463,0.0190924088,0.0145208501,0.0193614605,0.0278860439,0.0198954946,0.0179954451,0.0240217003,0.00982982652,0.00962034668,0.0207480658,0.0161135524,0.0241556999,0.02896173,0.0151616696,0.0444895296,0.059740085,0.17643901,26.5855124,26.2487947,25.0661282,24.1921485,24.5605399,25.7135136,25.6937949,23.3824701,22.4751458,23.3772069,24.2911277,22.5001964,22.0252189,21.3511915,20.6130405,20.8286779,20.3324129,18.7473897,18.9769428,19.020388,18.1731821,18.6708848,17.7861359,16.8532719,17.552857,18.1950525,17.6341589,17.1905587,16.2104873,13.19685,10.37355,7.84778873
evaluation/after-dark_02/cbr_5ms_128k/master.wav,evaluation/after-dark_02/cbr_5ms_128k/rust.wav,4.63612638,0.983681308,0.996518228,0.998914614,0.998319834,0.997328692,0.998678494,0.998727335,0.998718465,0.998642443,0.998486459,0.998506912,0.998279664,0.995043265,0.993157615,0.989388739,0.99151539,0.994152712,0.993039298,0.99312417,0.994159421,0.991710924,0.994374736,0.99682507,0.996854302,0.995788241,0.995835724,0.994881073,0.9954187,0.991406005,0.954724105,0.937371541,0.837094265,0.908416562,0.988238358,0.997741323,0.994798941,0.992163954,0.996086706,0.997251611,0.995480701,0.996231815,0.996146798,0.996323719,0.996292112,0.988151243,0.98557524,0.977801337,0.98490304,0.987711185,0.983768848,0.987617527,0.981849413,0.978089468,0.990105068,0.994202435,0.99524511,0.98475141,0.988676696,0.98211795,0.990757473,0.98509005,0.926104822,0.896990157,0.695673552,0.0866730391,0.0107076041,0,0,0.00212029341,0.00316256255,0.00533168541,0.00389868793,0.00152412915,0,0,0,0.00914133706,0.0108827441,0.0202555397,0.0131917818,0.00857655941,0.0143108847,0.00947739354,0.0174915891,0.0205177021,0.00978107066,0.00449601536,0.00508501213,0.00925322265,0.00864468479,0.0236684989,0.00969839552,0.0109478212,0.0337363698,0.0581638058,0.234117322,26.854392,26.5041154,25.3256687,24.4575872,24.8277557,26.0056064,26.0170017,23.7144815,22.787628,23.6972413,24.6185227,22.8045849,22.3329442,21.6305992,20.9045548,21.0890284,20.5964512,18.9758462,19.2013643,19.2678708,18.4159059,18.9432439,18.0072625,17.0982939,17.8079797,18.4309719,17.9063284,17.501748,16.5061146,13.6953768,10.8444721,7.76213136
evaluation/after-dark_02/cbr_5ms_128k/master.wav,evaluation/after-dark_02/cbr_5ms_128k/c.wav,4.63648001,0.988486914,0.996883759,0.998923856,0.998337856,0.997377111,0.998566258,0.998808036,0.998769469,0.998661854,0.998477593,0.998652693,0.99832741,0.995286088,0.994030157,0.988340672,0.991421345,0.993635763,0.992433607,0.992468589,0.994256231,0.99300108,0.994779529,0.99700971,0.996862694,0.996207968,0.996185405,0.994876712,0.995449344,0.991567112,0.954984518,0.937503555,0.835316825,0.925827368,0.989694015,0.997568352,0.994194959,0.991399301,0.99587764,0.996823215,0.996155682,0.996526358,0.996264958,0.9962779,0.995693826,0.988285197,0.985082917,0.976269717,0.987108509,0.982986737,0.979391735,0.98615937,0.986111148,0.981618277,0.987146964,0.994928467,0.99537981,0.989349591,0.991954528,0.982328364,0.990703965,0.985580194,0.924952827,0.898368894,0.691111753,0.0638341802,0.00951442993,0,0,0,0.003467316,0.0041798372,0.00328110976,0.00222981886,0.0022675854,0,0,0.00849726329,0.0090303995,0.0254700032,0.0126916463,0.0100382584,0.0163060526,0.0139750058,0.0115308117,0.011087751,0.00920131135,0.00457062553,0.00531254057,0.00479894378,0.00788949106,0.0239568357,0.0102448652,0.0105855957,0.0336139068,0.0573927059,0.237166938,26.8571448,26.5030748,25.3283257,24.4545844,24.8351306,26.0129883,26.015044,23.7035737,22.7805624,23.6964658,24.6155336,22.8003967,22.3413249,21.6335385,20.8985953,21.0829782,20.5879847,18.9833969,19.2113323,19.2765274,18.410752,18.9356448,18.0089538,17.1027591,17.7993393,18.4248757,17.9078995,17.5082063,16.5017959,13.6954167,10.8438287,7.76482293
evaluation/after-dark_02/cbr_5ms_192k/master.wav,evaluation/after-dark_02/cbr_5ms_192k/rust.wav,4.72692511,0.991419722,0.998970202,0.999504157,0.999184745,0.998747475,0.999352409,0.999418203,0.999458082,0.999361788,0.999332751,0.999383991,0.999203469,0.997883539,0.997843713,0.996294517,0.996862865,0.997556233,0.997435067,0.996931988,0.996831867,0.997471753,0.998217403,0.998484541,0.998565179,0.998175248,0.998288719,0.999049461,0.999373653,0.999635451,0.999791193,0.999232768,0.99382184,0.926654696,0.996707387,0.998606126,0.997769414,0.996544752,0.997464018,0.99779076,0.997733687,0.998555512,0.998495022,0.998382026,0.99750961,0.993729529,0.995475375,0.985884744,0.994746159,0.992213224,0.993636743,0.993049064,0.98641131,0.993265627,0.996998848,0.996571414,0.997690454,0.995201276,0.995495205,0.998224892,0.999070788,0.999490428,0.999611441,0.997218933,0.977324183,0.0447589013,0,0,0,0,0.000899752723,0.00240257501,0.00255281799,0.00126907485,0,0,0,0.000590985463,0.00140255766,0.0114723564,0.00348136695,0.00460445561,0.0031180513,0.00488315773,0.0139125395,0.00492993561,0.00298303599,0.00148261725,0.000857669665,0,0.00360880979,0,0,0,0.000805317284,0.00376207797,0.0423163055,26.6516027,26.2854876,25.0571418,24.1296199,24.4762928,25.7083617,25.6720687,23.3340247,22.4793288,23.3095405,24.2895922,22.4004696,21.9341103,21.2503446,20.5347729,20.7119027,20.237117,18.609489,18.8294623,18.8918908,18.0441446,18.54817,17.6427496,16.7183078,17.432839,18.0077861,17.4904525,17.0958361,16.1142645,13.7901868,8.96490103,5.27087787
evaluation/after-dark_02/cbr_5ms_192k/master.wav,evaluation/after-dark_02/cbr_5ms_192k/c.wav,4.72714789,0.991226728,0.99908875,0.999501403,0.999076792,0.998836865,0.999339597,0.999421488,0.999468963,0.999379961,0.999385077,0.999427347,0.999227135,0.997742725,0.997766284,0.996448206,0.996884447,0.99771579,0.997524403,0.997177457,0.997050417,0.997589989,0.998147729,0.998619635,0.998618492,0.99822765,0.998286325,0.998966341,0.99930662,0.999644608,0.999797748,0.999229809,0.994915777,0.930308196,0.99706247,0.998602506,0.997599954,0.996660527,0.997684014,0.997809565,0.997811836,0.998531707,0.998627903,0.998676695,0.997452723,0.994068761,0.994392491,0.991411807,0.995225201,0.9931473,0.994404195,0.994093001,0.986396302,0.994582487,0.99628129,0.996784604,0.998018805,0.995474022,0.99562833,0.9980435,0.998907195,0.999514727,0.999675163,0.997085182,0.976399876,0.0439398368,0,0,0,0,0.000793338431,0.00234414524,0.00247140949,0.00114126528,0,0,0,0.00462354398,0.00214193689,0.00719143204,0.00456152501,0.00407146765,0.00275926919,0.00423942433,0.0139619118,0.00491079067,0.00357689931,0.00142241138,0,0,0.00430592171,0.0015497109,0,0.000600899861,0.000755615262,0.00351676054,0.0353271678,26.5628585,26.1950104,25.0150099,24.0940315,24.4832509,25.681402,25.6737925,23.3054297,22.4706943,23.3653949,24.2866285,22.4409667,22.0054139,21.2657766,20.5367568,20.7346139,20.2655701,18.6402624,18.876126,18.8966688,18.0636371,18.5763441,17.6722491,16.719232,17.43584,18.0071624,17.4930123,17.0881333,16.122349,13.7856416,8.96319134,5.26295171
evaluation/after-dark_02/cbr_20ms_96k/master.wav,evaluation/after-dark_02/cbr_20ms_96k/rust.wav,4.64119093,0.985154851,0.99630772,0.997353273,0.996013083,0.994625518,0.9976121,0.997483671,0.996742129,0.994939674,0.995830601,0.996679985,0.996267197,0.990232389,0.991846523,0.991307688,0.99397371,0.995161173,0.993464647,0.993114713,0.995075119,0.995011532,0.995881387,0.996854383,0.996524342,0.99674599,0.996680919,0.996572012,0.996337285,0.991743937,0.960036025,0.942423839,0.834027291,0.907797557,0.989607668,0.990537898,0.98543759,0.981890124,0.994877325,0.993795093,0.985138254,0.988740393,0.988404534,0.992560362,0.989319041,0.966581485,0.98392821,0.981912984,0.990919438,0.988201073,0.986399908,0.987312452,0.988916939,0.986094879,0.980893448,0.99334482,0.994179273,0.995278084,0.991507279,0.992537829,0.994877058,0.982895873,0.93396384,0.902435965,0.698816749,0.0673328148,0.00934803538,0.0035197928,0.00933768381,0.0158579815,0.00366422899,0.00721705095,0.0108514448,0.0155439969,0.0117544375,0.0065505424,0.00616212038,0.0251607443,0.012664733,0.0161766591,0.0106452037,0.00833323132,0.0103099622,0.0138182666,0.00970068182,0.0123864803,0.0189604666,0.00472287587,0.00597653954,0.00607908746,0.00860613605,0.00629408119,0.0078319526,0.011126772,0.0305012086,0.0586056655,0.235288378,26.8816401,26.5354864,25.3690593,24.4758207,24.8993357,26.048861,26.0548308,23.7501737,22.8772744,23.7256081,24.6384145,22.8256042,22.357937,21.6660432,20.9343065,21.1201508,20.6323603,19.0225691,19.2158025,19.2863561,18.44111,18.967547,18.0597238,17.1280397,17.8463701,18.455694,17.9265243,17.5254034,16.5605381,13.8162124,10.8751734,7.86503015
evaluation/after-dark_02/cbr_20ms_96k/master.wav,evaluation/after-dark_02/cbr_20ms_96k/c.wav,4.64126442,0.985018918,0.9961568,0.997432849,0.996115373,0.994530029,0.997744523,0.997647433,0.996821721,0.994937614,0.99584031,0.996948698,0.996350189,0.99019726,0.992270185,0.991330218,0.993927009,0.995154971,0.993734186,0.993271228,0.99512706,0.995016067,0.995685799,0.996768384,0.996499474,0.996743774,0.996622652,0.996407835,0.996476667,0.991840644,0.960225425,0.942323366,0.833951565,0.907697815,0.989328192,0.99153349,0.987106,0.982371695,0.994876017,0.993793771,0.985122126,0.988740201,0.988433235,0.992570396,0.989392639,0.966592916,0.983927216,0.981915141,0.990802858,0.988244883,0.987014578,0.987368963,0.988929543,0.986393858,0.981120716,0.993340856,0.994146418,0.995238517,0.991487854,0.992500121,0.994794838,0.982950316,0.93485491,0.901375254,0.697375859,0.0674775951,0.0105232692,0.00222220903,0.00818477038,0.0164159946,0.0038926506,0.00621481204,0.010699843,0.0154843862,0.0118184815,0.00524379298,0.00541563039,0.0252837749,0.0101678998,0.0161607661,0.0110670426,0.00846168879,0.00982463704,0.0136766131,0.00964880601,0.0123640929,0.019261085,0.00464122038,0.00602121528,0.00604719961,0.00865274818,0.00723475907,0.00738924863,0.0112234269,0.0304724228,0.0591253907,0.235037387,26.8845318,26.5393697,25.3708876,24.4790605,24.9019502,26.0515931,26.0569154,23.7564895,22.8791011,23.7264705,24.6388312,22.8288207,22.3611116,21.6685905,20.9373223,21.126988,20.6375856,19.0295928,19.2214297,19.2885675,18.4434036,18.970105,18.0611158,17.1321416,17.8473924,18.4576287,17.9309145,17.5298214,16.56399,13.8235199,10.8766537,7.86669671
evaluation/after-dark_02/cbr_20ms_128k/master.wav,evaluation/after-dark_02/cbr_20ms_128k/rust.wav,4.71600323,0.989052738,0.997779043,0.998802728,0.998168971,0.996668552,0.998560185,0.99896043,0.997737182,0.997347872,0.997800016,0.997834688,0.997577866,0.99320121,0.993413548,0.993351783,0.995137973,0.996733854,0.996160367,0.99548586,0.996317901,0.996764992,0.998092864,0.998388934,0.998330379,0.997891241,0.997944822,0.998199784,0.998392912,0.998900335,0.998162031,0.992557389,0.970789758,0.896877937,0.991452972,0.996309495,0.994771641,0.987697777,0.996730676,0.997490873,0.988097361,0.992993875,0.993666369,0.994859223,0.992869619,0.972037046,0.974875144,0.983210129,0.990384642,0.992099759,0.992423562,0.99029839,0.988648449,0.992113908,0.9965437,0.995806771,0.997771102,0.993698474,0.995732137,0.997162394,0.997364148,0.998322926,0.995405009,0.969123065,0.92212029,0.0554547761,0.00566159433,0,0,0.0134299876,0.00162148733,0.00056466172,0.00760525392,0.00805245671,0.00581722069,0.00112185554,0,0.0246785228,0.0158396832,0.0142539361,0.0109056032,0.00593482166,0.00581578327,0.00924660873,0.0120600173,0.00777862516,0.00272316633,0,0,0,0,0.00303532419,0.00287250748,0.00115669784,0.00666493337,0.0326820273,0.128984661,26.7492333,26.4312074,25.1968866,24.2732447,24.6041561,25.8111349,25.77895,23.4513908,22.6388737,23.4368951,24.3688909,22.5243861,22.0582768,21.3651985,20.6622188,20.8407956,20.3548216,18.752293,18.9401698,18.9878494,18.1576058,18.6649908,17.7366305,16.804719,17.526136,18.1184614,17.57938,17.1696115,16.1917155,13.8600248,9.04141879,5.63260737
evaluation/after-dark_02/cbr_20ms_128k/master.wav,evaluation/after-dark_02/cbr_20ms_128k/c.wav,4.71616039,0.989039995,0.997812015,0.998797934,0.99819572,0.996832896,0.998562481,0.999010635,0.997750571,0.997354384,0.997805359,0.997957169,0.997607651,0.993189781,0.993456408,0.993729036,0.995403158,0.996803767,0.996149661,0.995591535,0.996194014,0.996741884,0.998046744,0.998378155,0.998294539,0.997875748,0.997955317,0.998197462,0.998408698,0.998937494,0.998153345,0.99261858,0.971173885,0.896619287,0.991426112,0.996343351,0.994771601,0.987862568,0.996515296,0.997483805,0.988342875,0.993090916,0.993764857,0.995618118,0.9928023,0.971623205,0.974884893,0.98497911,0.990375005,0.991875968,0.991743897,0.990297043,0.988634606,0.991780077,0.99659932,0.995821243,0.997714545,0.993702165,0.995726155,0.997160574,0.997434988,0.998332928,0.995416641,0.969254687,0.925474231,0.055558096,0.00545506556,0,0,0.0129551181,0.00179906297,0,0.00740742979,0.00801442296,0.00584496398,0,0,0.024849983,0.015430952,0.0131848006,0.0101404517,0.00585250242,0.00614307607,0.00897283429,0.0124497396,0.00784526734,0.0025725765,0,0,0,0,0.00291528485,0.00272344327,0.00082767434,0.00673206756,0.0323649415,0.125789814,26.7475232,26.4319812,25.1989037,24.2767271,24.6057205,25.811677,25.7798481,23.4498909,22.637733,23.4338628,24.366447,22.5227731,22.0578361,21.3656952,20.6580004,20.837521,20.3526138,18.7516216,18.9386849,18.9845426,18.1532403,18.6614416,17.736037,16.8020358,17.5228832,18.1156904,17.5758228,17.1679063,16.1938961,13.8593622,9.03801401,5.63325153
evaluation/after-dark_02/cbr_20ms_192k/master.wav,evaluation/after-dark_02/cbr_20ms_192k/rust.wav,4.72974818,0.996524679,0.999032897,0.999200905,0.998644817,0.998382307,0.999162915,0.999174483,0.998983932,0.999005871,0.998870048,0.998877985,0.999015159,0.997535411,0.997629352,0.997433161,0.998139177,0.998755316,0.998605335,0.998204142,0.998264106,0.998480262,0.99909994,0.999376606,0.999299597,0.999269964,0.99939769,0.999399459,0.999500344,0.999747016,0.999896208,0.999739739,0.998629761,0.981211217,0.995640889,0.99763362,0.995997179,0.994505387,0.997091171,0.998174642,0.994314341,0.998104028,0.996558183,0.996320157,0.997327864,0.995072267,0.993638313,0.9932478,0.996047308,0.997550646,0.997185131,0.99504305,0.993667563,0.996682739,0.998527909,0.99839441,0.998148031,0.998130633,0.999121688,0.998755354,0.998949199,0.999512924,0.999799357,0.9995843,0.996041638,0.0141227128,0,0,0,0,0,0.00179288369,0.00572163341,0.00214197374,0,0,0,0.00194194082,0.00189546039,0.00361304547,0.00389154562,0,0,0.00418027445,0.00516585026,0.00299229015,0.00176601922,0.00222649842,0,0,0,0.0010890348,0,0.000249714824,0.000704177672,0.000700097078,0.0045726927,26.606723,26.2969455,25.0923694,24.0862261,24.3935278,25.589014,25.5255357,23.211449,22.3931225,23.2135357,24.1355576,22.3026061,21.8185765,21.1372766,20.4305921,20.6171096,20.1390219,18.4965391,18.7291277,18.7984614,17.9293769,18.4574435,17.5191956,16.5413636,17.2516899,17.855673,17.2893645,16.881151,15.9065828,13.5555098,8.69020284,5.11337585
evaluation/after-dark_02/cbr_20ms_192k/master.wav,evaluation/after-dark_02/cbr_20ms_192k/c.wav,4.72972387,0.996508593,0.999023015,0.999198178,0.998657489,0.998168204,0.999101689,0.999173962,0.998982836,0.999001268,0.998898069,0.998924706,0.99899296,0.997552799,0.997679098,0.99754333,0.998159323,0.998781866,0.998581736,0.99818037,0.998460421,0.998492929,0.999102108,0.99937014,0.999296444,0.99924417,0.999402242,0.999425252,0.999512577,0.999751283,0.99989161,0.999723763,0.998486987,0.981230773,0.995726016,0.997763582,0.996138911,0.992129086,0.997091512,0.998123489,0.994312208,0.99801672,0.996494337,0.996303443,0.997327877,0.995071831,0.993640096,0.99325009,0.996057901,0.997677242,0.997181506,0.995020391,0.995805707,0.996815534,0.998540565,0.998387528,0.998268364,0.998119122,0.99910857,0.998741415,0.999013749,0.99958133,0.999772707,0.999544079,0.995872744,0.014204147,0,0,0,0.00188691443,0,0.00127386903,0.00567361231,0.00196534797,0,0,0,0.00174770244,0.00159410631,0.00345693217,0.00398283074,0,0,0.00390556114,0.00187936381,0.00316840782,0.00193023839,0.00228381742,0,0,0,0.000777770255,0,0,0.000751009791,0.000524702104,0.00524062189,26.5798276,26.2362798,25.0440834,24.0659271,24.4082446,25.5975017,25.4849904,23.2003109,22.3918271,23.1961952,24.0948905,22.3235656,21.7934971,21.1605657,20.4286044,20.6079426,20.0883761,18.4631471,18.7225547,18.7654762,17.9038688,18.4444405,17.5039204,16.5462994,17.2662824,17.8681718,17.2950089,16.8851038,15.9204871,13.5677808,8.70725091,5.11782654
evaluation/after-dark_02/vbr_5ms_96k/master.wav,evaluation/after-dark_02/vbr_5ms_96k/rust.wav,4.60896969,0.975797801,0.995442087,0.997625854,0.99583233,0.99553066,0.997627058,0.99753777,0.99717155,0.996853561,0.996657816,0.996539075,0.996392004,0.99089667,0.989935643,0.983707326,0.987762551,0.988424661,0.983681732,0.982092035,0.987841304,0.986180036,0.990022879,0.992112227,0.991429241,0.989304978,0.986551173,0.986986195,0.985899467,0.985208821,0.943313344,0.938958978,0.82446149,0.845642963,0.982138789,0.992226208,0.976422097,0.984364128,0.992045987,0.99198905,0.989220538,0.987520614,0.991592058,0.99247968,0.989406762,0.969277181,0.981401687,0.970446511,0.981353344,0.969690628,0.966337652,0.956853616,0.975664906,0.97552806,0.98122488,0.976858853,0.987080162,0.974762029,0.971739866,0.975871735,0.970933029,0.979380007,0.914838971,0.890997026,0.726090649,0.102161783,0.0127212171,0,0.0139008398,0.0106336947,0.00524441972,0.00876790579,0.00661294839,0.00659352678,0.00611293442,0.00505304219,0.00947466043,0.0277902344,0.0148519714,0.0313307615,0.0188542516,0.024229933,0.0262175744,0.0470289722,0.0239991528,0.0261425207,0.0218655297,0.0187296095,0.0097297768,0.019219635,0.0263687418,0.0245026879,0.0335030821,0.0149874208,0.0460797187,0.0602784622,0.173812237,26.4947044,26.1465627,24.9692041,24.1028729,24.4754137,25.6279751,25.6129231,23.2957984,22.3895446,23.2885998,24.1966581,22.4030282,21.9294247,21.2481496,20.5402187,20.7383057,20.2332367,18.6189567,18.8545861,18.9094865,18.070911,18.5679824,17.6880094,16.7411572,17.4619838,18.0652999,17.5369019,17.1050731,16.1123096,13.1185002,10.251223,7.62902811
evaluation/after-dark_02/vbr_5ms_96k/master.wav,evaluation/after-dark_02/vbr_5ms_96k/c.wav,4.61201393,0.977030598,0.99678402,0.997705664,0.995452168,0.994764694,0.996970198,0.997909541,0.997976719,0.996863111,0.995955515,0.995780353,0.995736906,0.990643818,0.990110863,0.986798324,0.98733264,0.98890172,0.985114986,0.980186523,0.988064311,0.987453359,0.990824336,0.992367124,0.991894568,0.990555319,0.991282878,0.989332533,0.986192363,0.986109445,0.942637803,0.937299467,0.824222535,0.854998785,0.986070681,0.993100896,0.973533074,0.976062522,0.990354801,0.995847723,0.995449654,0.988251837,0.987611843,0.987722813,0.986990999,0.969493535,0.980587024,0.974708586,0.975231079,0.962189784,0.954091191,0.927459825,0.968849284,0.972164004,0.963626637,0.984004529,0.986677751,0.981751024,0.984234069,0.975895648,0.965911911,0.983187351,0.915234284,0.894097618,0.728551548,0.104089752,0.0112083861,0.00256029433,0.0166332925,0.0198586115,0.0082120823,0.00612371708,0.00336139473,0.00430048598,0.00912775879,0.00952100197,0.01066516,0.0311902037,0.0249847918,0.0224354725,0.0257767957,0.0198746685,0.0324977784,0.0685638622,0.0228771094,0.028761157,0.0389501082,0.016153385,0.0100976211,0.0132359881,0.0130384618,0.023170899,0.0329753342,0.0145996118,0.0455977813,0.0607221279,0.173073985,26.4920189,26.1318223,24.9669145,24.1106393,24.4809555,25.6390087,25.633484,23.3129052,22.4170685,23.3096882,24.2086934,22.4047976,21.9427417,21.2606623,20.532965,20.7496205,20.2450588,18.629306,18.870134,18.938078,18.0688785,18.5848897,17.7028159,16.7690468,17.4695357,18.1013788,17.5452017,17.1054391,16.1045846,13.1012802,10.2943222,7.64824636
evaluation/after-dark_02/vbr_5ms_128k/master.wav,evaluation/after-dark_02/vbr_5ms_128k/rust.wav,4.63999483,0.989555241,0.997217208,0.998895577,0.998480128,0.997313811,0.998230374,0.998611791,0.998952578,0.998411503,0.998270906,0.998386914,0.998282999,0.995295365,0.993734318,0.991218621,0.992392755,0.993849768,0.990807121,0.9910907,0.993638314,0.993671985,0.995831753,0.997387651,0.996555239,0.996040138,0.996795005,0.996475525,0.996224528,0.99219909,0.956795691,0.938952289,0.837380537,0.918904235,0.990723841,0.998098535,0.995383894,0.990222709,0.991393835,0.996079103,0.996748673,0.996174971,0.996036282,0.995444873,0.995854203,0.990319273,0.989873025,0.981875415,0.984439709,0.98767657,0.960597717,0.980377407,0.980931317,0.988060794,0.993857662,0.995692854,0.993065185,0.989557268,0.993581643,0.993528231,0.993539659,0.983073283,0.926595301,0.891092571,0.730008002,0.067037939,0.00905733277,0,0,0.00583811598,0.00580242039,0.00610531964,0.00245041748,0.00388608754,0.00228727427,0,0,0.00720535006,0.00616920101,0.0157013463,0.0131691564,0.0113414885,0.0290042653,0.0219121711,0.0188413782,0.0106479372,0.00505325715,0.00185241282,0.00689104616,0.0120147918,0.00519143174,0.00686403477,0.00633997197,0.00973562623,0.033684432,0.0551009444,0.231329849,26.7760986,26.4245224,25.2499661,24.3770146,24.7171195,25.8912433,25.9080014,23.5800461,22.6664123,23.5765664,24.5120965,22.6994961,22.2321062,21.5364039,20.7866508,20.9758905,20.4672942,18.8501938,19.0681363,19.134115,18.2685311,18.7786366,17.8605484,16.9455819,17.648056,18.2514436,17.7224176,17.2978288,16.3285406,13.5428706,10.6029515,7.51209891
evaluation/after-dark_02/vbr_5ms_128k/master.wav,evaluation/after-dark_02/vbr_5ms_128k/c.wav,4.64037516,0.992381452,0.997154574,0.998754327,0.997929394,0.997001169,0.998465186,0.998977003,0.998889695,0.998241929,0.998424696,0.998186198,0.997926261,0.995461181,0.994118562,0.990256155,0.991727565,0.994418232,0.992615495,0.991257111,0.99430694,0.993726069,0.995651475,0.997406207,0.997070151,0.996384303,0.996218358,0.996176705,0.996132968,0.99159377,0.956911726,0.938924638,0.840418932,0.956059735,0.991423057,0.997465917,0.99366499,0.990480412,0.994930544,0.997746134,0.99726474,0.994407352,0.996223582,0.994068469,0.990528275,0.987669183,0.989593188,0.977282759,0.98537514,0.986736422,0.979907492,0.978515324,0.985340104,0.990247124,0.99251783,0.99537261,0.995421296,0.98946759,0.990571546,0.990473354,0.99262984,0.982013404,0.933455221,0.904786932,0.717480616,0.0284198929,0.00778181177,0,0.00203283828,0.00733071464,0.00310953326,0.00280672121,0.00231774352,0.00739193701,0.00276307183,0,0.00828493893,0.00862825625,0.0077452914,0.0231762931,0.0123443336,0.00945150093,0.0167720802,0.0257287709,0.00852888058,0.00957469789,0.00787516722,0.00271920015,0.00315410242,0.00735277011,0.0118335836,0.0122334526,0.00736247285,0.0104234676,0.0342791092,0.0592151862,0.232725376,26.7220637,26.3840662,25.2158961,24.3369018,24.7203768,25.892925,25.8836143,23.5784528,22.6593824,23.5640431,24.5003369,22.6750196,22.2143866,21.5287699,20.7934215,20.9721019,20.478474,18.8623734,19.0716758,19.138833,18.2810831,18.8153558,17.8773396,16.96973,17.6849152,18.2982333,17.7851015,17.3705593,16.3877531,13.599141,10.6538026,7.51911469
evaluation/after-dark_02/vbr_5ms_192k/master.wav,evaluation/after-dark_02/vbr_5ms_192k/rust.wav,4.72836982,0.994304763,0.998825295,0.999388013,0.999266477,0.998850896,0.999291207,0.999427079,0.999315571,0.999306443,0.999323906,0.999287613,0.999192089,0.998015215,0.997507301,0.996983189,0.997469476,0.997933854,0.997571426,0.99672557,0.996871992,0.997720103,0.998354214,0.998716944,0.998570934,0.998578955,0.998652037,0.999187465,0.999356083,0.999659848,0.999779307,0.999449038,0.997467141,0.95691799,0.995842179,0.998985224,0.998515481,0.996688218,0.997773835,0.997804131,0.996326762,0.997877971,0.998323341,0.99784579,0.997371279,0.996190421,0.995723865,0.992890136,0.996091921,0.994739062,0.996079131,0.989776949,0.986093865,0.994113754,0.996723738,0.997401923,0.997590575,0.996357559,0.996101761,0.998193791,0.999012474,0.999447396,0.999658114,0.998895534,0.993448294,0.0333074386,0.00244667825,0,0,0,0.00228441056,0.00303456164,0.00355281747,0.00253202863,0.00147312751,0,0,0,0.00280279432,0.0035194898,0.00292943809,0,0.00334252017,0.00965592257,0.0163773688,0.00454438571,0.00374470361,0,0,0,0.00396173224,0.00120384035,0,0,0.000771359209,0,0.00954575797,26.3925939,26.0516363,24.8484858,23.9077331,24.282792,25.4607242,25.3883184,23.0887952,22.2668087,23.0717463,23.9869503,22.2048348,21.6906211,21.0456562,20.2865587,20.4687167,19.9826927,18.3876484,18.6197418,18.6405835,17.811986,18.3261123,17.4150456,16.478328,17.20608,17.7983083,17.2501026,16.8559794,15.8967664,13.5741747,8.73247241,5.07481876
evaluation/after-dark_02/vbr_5ms_192k/master.wav,evaluation/after-dark_02/vbr_5ms_192k/c.wav,4.72806512,0.996165533,0.999151398,0.999492892,0.99919021,0.9988043,0.999414382,0.999575583,0.99944565,0.999379151,0.999375072,0.999457951,0.999313715,0.998335264,0.997860666,0.997144108,0.997466943,0.998257106,0.997861646,0.997559869,0.996982904,0.99761072,0.998501776,0.998747901,0.998716542,0.998377285,0.998439349,0.999129941,0.999320238,0.9996646,0.999794849,0.999367855,0.996204024,0.973836911,0.997403391,0.999173939,0.997725714,0.995119647,0.998650406,0.998853397,0.998044916,0.99844733,0.998271322,0.997936664,0.997408704,0.996849811,0.995635596,0.992696773,0.99623336,0.997033355,0.995979283,0.996023153,0.985608349,0.992415477,0.997614891,0.996990274,0.997676285,0.994537176,0.994671692,0.997941453,0.998816434,0.999488843,0.999648299,0.997596515,0.979947542,0.0197302238,0,0,0,0,0.00168899908,0.00219415382,0.00232820695,0,0,0,0,0,0,0.00392259011,0.00418851726,0.00282911813,0.00357569465,0.0031106596,0.0168722278,0.00461936845,0.000958259122,0,0,0.00218257987,0.00471179514,0.00257370833,0,0,0.000953837308,0.00279373946,0.0250709212,26.4176052,26.0856817,24.8705635,23.8849953,24.2109765,25.3892159,25.4166939,23.1188762,22.177451,23.0289883,24.032889,22.155177,21.6542896,20.996899,20.2359859,20.438092,19.9861451,18.3579826,18.5799366,18.6551618,17.8003693,18.3137951,17.4198248,16.4707842,17.1978402,17.7732672,17.2541533,16.8686059,15.9014747,13.5855279,8.75965927,5.05638367
evaluation/after-dark_02/vbr_20ms_96k/master.wav,evaluation/after-dark_02/vbr_20ms_96k/rust.wav,4.65005181,0.983852767,0.997091827,0.998122175,0.997213745,0.995662313,0.997376045,0.997715151,0.997289884,0.995530783,0.994359246,0.995961985,0.996186401,0.990794622,0.99192206,0.991199462,0.992486261,0.994190746,0.991081565,0.992297518,0.995312458,0.99439319,0.99582399,0.996824639,0.996505728,0.996222405,0.996107016,0.995676225,0.995107733,0.993323528,0.970106907,0.952281796,0.841388383,0.882695165,0.99164472,0.99638687,0.991828503,0.987743284,0.992650826,0.994102213,0.99196033,0.984560769,0.985081924,0.990221303,0.989264882,0.972112602,0.98583107,0.984015347,0.988110707,0.979440466,0.977751577,0.978151422,0.991272484,0.982660899,0.983863094,0.990810348,0.993737603,0.989321072,0.990679038,0.990653094,0.988722088,0.988639806,0.955122364,0.914445968,0.736478276,0.0794722405,0.00394675535,0,0.00335139604,0.00912768255,0.00431520556,0.00544238134,0.00676466911,0.010652094,0.0198669094,0.00777666515,0.00678613505,0.0246445747,0.0123896193,0.0118021999,0.0132610822,0.0126265377,0.0163723691,0.0195393548,0.00829633565,0.0183592919,0.0167742121,0.00493428691,0.00309776362,0.00542345426,0.00956058097,0.00680707574,0.0100263822,0.00948785163,0.0273717581,0.0565903587,0.224479265,26.6567573,26.3233208,25.1476739,24.2477151,24.6593923,25.8112568,25.8229663,23.5418264,22.6551005,23.5167642,24.4277195,22.6096821,22.1260808,21.4243559,20.6984473,20.9071981,20.3893054,18.7705666,18.9994691,19.0568646,18.2168509,18.7580954,17.8368298,16.9038919,17.6266597,18.2282616,17.713693,17.2988751,16.3299131,13.6813359,10.3256179,7.21501353
evaluation/after-dark_02/vbr_20ms_96k/master.wav,evaluation/after-dark_02/vbr_20ms_96k/c.wav,4.64727369,0.988185923,0.997279264,0.997931832,0.996212109,0.995029634,0.997586288,0.997522515,0.996675715,0.995556974,0.995573925,0.996310541,0.99621868,0.991957492,0.992751479,0.991157829,0.994115865,0.995836447,0.99242472,0.992233019,0.995460891,0.994199401,0.996604134,0.996807208,0.996587977,0.996702136,0.99597698,0.995499801,0.99579782,0.993304523,0.966330543,0.948379894,0.839012087,0.932780168,0.992543223,0.993749453,0.987884291,0.984782937,0.993871711,0.993916158,0.985809522,0.987744082,0.988416175,0.99054698,0.987496101,0.973561628,0.987265627,0.983659661,0.987698262,0.989385877,0.983714067,0.982453872,0.991081407,0.980722665,0.98953398,0.991398452,0.994606762,0.992764527,0.988790922,0.990787294,0.99153077,0.987396029,0.947428559,0.90774915,0.708081606,0.0530589536,0.00763612348,0,0.00832811756,0.0128783496,0.00365803245,0.0067910026,0.0118257228,0.0135156712,0.0120302222,0.00764742981,0.0110944509,0.0235069617,0.0113603896,0.0162691678,0.0116934119,0.00688767396,0.0135875139,0.0201970228,0.00875560637,0.0194147924,0.0098890492,0.00441948787,0.00312077067,0.0045746248,0.0119568467,0.00958929214,0.00840439299,0.0103379301,0.0306002942,0.0603686023,0.234179955,26.6898036,26.3591421,25.1982211,24.277368,24.6603311,25.8309178,25.8133855,23.4953329,22.6392307,23.4895713,24.3905373,22.6005263,22.1110385,21.4280983,20.6961186,20.9161336,20.3993091,18.776711,19.0176483,19.0663493,18.2157003,18.7468942,17.8451104,16.9017096,17.6165896,18.2193078,17.6990288,17.2651695,16.2979636,13.5909579,10.3712718,7.25223461
evaluation/after-dark_02/vbr_20ms_128k/master.wav,evaluation/after-dark_02/vbr_20ms_128k/rust.wav,4.67675859,0.991747281,0.997399012,0.9988545,0.998379805,0.996876187,0.998376334,0.998449179,0.997568014,0.996620021,0.996803181,0.99783333,0.997742449,0.994051852,0.994768864,0.994538421,0.995639583,0.996636013,0.996283296,0.995010529,0.996276654,0.996441915,0.997536834,0.99836314,0.998147733,0.997839955,0.997861085,0.998047928,0.998133373,0.996535604,0.980751265,0.963754228,0.88722979,0.945920159,0.989760395,0.997768013,0.995940321,0.992040689,0.995771973,0.996390734,0.986844938,0.987111238,0.991147151,0.994149994,0.993333693,0.977888583,0.987807191,0.984624226,0.992955496,0.989194488,0.991072935,0.985654683,0.986880618,0.991570696,0.994909466,0.997119522,0.996816935,0.994991074,0.994629758,0.996819825,0.996954873,0.993743796,0.972623835,0.924174688,0.844087495,0.0343534349,0.00449093887,0,0,0.00600127766,0.00199339202,0.00464633589,0.00906108885,0.00997442718,0.00988572294,0.000985392576,0,0.0181550668,0.00828749662,0.0121373319,0.00839975054,0.0105085971,0.00644977867,0.0160415375,0.0137602172,0.00935603737,0.00645114008,0.00280377957,0.00337492259,0.00240771719,0.000606535499,0.00252196818,0.0035102207,0.00537880656,0.0255879756,0.0590362646,0.181789589,26.5708849,26.2525589,25.0850853,24.1825153,24.6132811,25.7314234,25.7725859,23.4791633,22.5125463,23.426041,24.2981933,22.5044983,22.0321635,21.3596179,20.593437,20.7933343,20.3009921,18.6952407,18.9076818,18.9703991,18.1342608,18.6783702,17.7712945,16.8622902,17.5387249,18.1512027,17.6501363,17.2281085,16.2615118,13.7392123,9.91609073,6.59334048
evaluation/after-dark_02/vbr_20ms_128k/master.wav,evaluation/after-dark_02/vbr_20ms_128k/c.wav,4.68867195,0.991695873,0.997605797,0.998749655,0.998031426,0.997082776,0.998461892,0.998497493,0.997898085,0.997474551,0.997798546,0.998243964,0.997788494,0.994351869,0.994916158,0.99339704,0.994229214,0.996456973,0.996285009,0.995465282,0.996073909,0.996566016,0.997799481,0.99818756,0.99824197,0.997785294,0.998090611,0.998060431,0.998416837,0.9978286,0.987341499,0.973358685,0.906547209,0.950114853,0.992746962,0.995585712,0.994064831,0.99267832,0.995962944,0.995745152,0.989933587,0.992862348,0.993854382,0.995740236,0.994204733,0.977296688,0.988015807,0.977426362,0.987515897,0.989988386,0.992313085,0.986459569,0.988860304,0.991828928,0.996385371,0.996938268,0.997274379,0.994551333,0.996547236,0.996857205,0.997659003,0.995942332,0.981451456,0.952312553,0.856533097,0.0383814499,0.00314872923,0,0,0.00413824107,0.00185654533,0.00688005551,0.00736318537,0.00476854288,0.00295952706,0,0,0.017401143,0.00623931863,0.0160511675,0.0164077943,0.00759218862,0.00519893132,0.00921672214,0.0111796343,0.00938925639,0.00469485249,0.0033528817,0.00206101071,0.00298911664,0.00226339152,0.0035622525,0.00295618785,0.00332720387,0.0212014844,0.0514096756,0.182159087,26.8769409,26.5253111,25.3675636,24.4781858,24.8706091,26.022288,26.0359041,23.7340381,22.8375569,23.7124369,24.6365491,22.8180376,22.3473467,21.6468186,20.9061474,21.0946723,20.5887133,18.9876691,19.1972195,19.2434293,18.4010008,18.9267152,18.0044679,17.0814239,17.8071584,18.4158418,17.8931122,17.4751553,16.5140775,14.0440624,9.90463179,6.50238335
evaluation/after-dark_02/vbr_20ms_192k/master.wav,evaluation/after-dark_02/vbr_20ms_192k/rust.wav,4.72913075,0.995322944,0.998471568,0.999304895,0.999049395,0.998642264,0.999032084,0.999250242,0.999101283,0.998890111,0.998798882,0.998937524,0.998886181,0.997367272,0.996778169,0.996790491,0.997569274,0.998501153,0.998154573,0.998045793,0.998459352,0.998432648,0.998659467,0.999110774,0.998982838,0.998896611,0.998995871,0.999297172,0.999444559,0.999758585,0.999891922,0.999716172,0.998241082,0.968131233,0.990166224,0.998816991,0.997339155,0.99663786,0.997645251,0.998310006,0.996197811,0.997402068,0.996677803,0.996886999,0.997144069,0.993509001,0.991098527,0.991700179,0.995145475,0.99739101,0.995639689,0.995790662,0.995569075,0.995673666,0.99589553,0.998116203,0.998064143,0.99743318,0.997743707,0.998313533,0.999057523,0.99968936,0.999800882,0.999551424,0.994619145,0.0214368266,0.0090967431,0,0,0,0,0,0.00359857652,0.000236921546,0,0,0,0,0.0039954159,0.00372062257,0.00626928374,0.00237676549,0.00390920247,0.00414583896,0.000991302903,0.00464779606,0.00395337731,0.00217593084,0.00153738408,0,0,0,0,0,0.000626920219,0.000788052801,0.00786611539,26.5265852,26.1590395,24.9444376,24.000908,24.3460784,25.4658184,25.4574977,23.1782075,22.2959373,23.0658466,24.0362702,22.2264795,21.7282487,21.0973003,20.3344394,20.5180769,20.0399241,18.4426916,18.6491523,18.7144966,17.8585952,18.363556,17.4782624,16.5306688,17.2708199,17.8626309,17.313316,16.8939919,15.9390983,13.6071594,8.76800861,5.13885687
evaluation/after-dark_02/vbr_20ms_192k/master.wav,evaluation/after-dark_02/vbr_20ms_192k/c.wav,4.72956588,0.997636711,0.998964082,0.999179995,0.99838185,0.998173086,0.999117798,0.999378813,0.999187528,0.998954987,0.99883173,0.999102196,0.998965708,0.997384691,0.997191089,0.997620898,0.998103286,0.998713403,0.998385681,0.99844544,0.998562098,0.998280436,0.999052237,0.999369716,0.999067006,0.998985533,0.99911897,0.999430838,0.999567511,0.999765987,0.999899347,0.999705931,0.998224965,0.98449679,0.996184698,0.997496886,0.991929569,0.993338323,0.997575773,0.998432312,0.996428674,0.99766175,0.996428722,0.998114693,0.997998066,0.990042658,0.991641694,0.993615258,0.997083121,0.997068972,0.997250599,0.997138431,0.996530481,0.994501888,0.997859855,0.998749196,0.997899257,0.996915033,0.998067883,0.999207908,0.999336038,0.999579884,0.999767327,0.999493079,0.996257153,0.00552158238,0,0,0.000886123539,0.00306497519,0,0,0.00307537162,0.00240017405,0,0,0,0,0.00593017538,0.00313987265,0.00388549953,0.0014165205,0,0.00180286808,0.00180743249,0.0062747186,0.00266945861,0.00188271024,0.00222679778,0,0,0.000425258659,0,0.000399680296,0.000836777008,0.000821028771,0.00525776502,26.5267716,26.1609678,24.9527556,23.9984754,24.3414617,25.4628104,25.4611613,23.1859761,22.2896722,23.0751799,24.043209,22.2309195,21.7342959,21.1062271,20.347566,20.5285503,20.0403567,18.449768,18.6551851,18.7164322,17.8641261,18.3697054,17.4798023,16.5293544,17.2766768,17.8688884,17.3155675,16.9017332,15.9477263,13.614051,8.77372554,5.14084631
evaluation/after-dark_03/cbr_5ms_96k/master.wav,evaluation/after-dark_03/cbr_5ms_96k/rust.wav,4.60016632,0.992965643,0.998703574,0.997833621,0.995894245,0.996099399,0.99625489,0.997473742,0.995559314,0.99500719,0.996605667,0.995841564,0.995289002,0.994822513,0.992503394,0.987297297,0.986453345,0.987441093,0.985025547,0.977221777,0.985639832,0.989182637,0.991736556,0.992852182,0.989187409,0.987826479,0.988635694,0.987336811,0.987197503,0.986228519,0.945221064,0.926588898,0.792797161,0.974176223,0.997164913,0.995280038,0.984898874,0.990164658,0.989304454,0.99571629,0.989670719,0.990935486,0.990739072,0.988737533,0.985631047,0.988218306,0.985448068,0.95662294,0.964670358,0.960447335,0.968718671,0.958231984,0.973615988,0.982059521,0.985854978,0.983096741,0.9766199,0.972948604,0.982391117,0.979937555,0.971439639,0.981465876,0.88671411,0.863814268,0.67513854,0.0188684664,0,0.00338597347,0.0129339606,0.00976527781,0.00863878958,0.00549222264,0.00865633934,0.00935255714,0.00840599793,0.011636336,0.0135153893,0.0105983007,0.0115568795,0.0312575404,0.0340627936,0.0245985287,0.0245997432,0.0357043733,0.0213391544,0.0173591492,0.0168424119,0.0166744012,0.0221408314,0.0274645155,0.0175277535,0.0200778495,0.0310749679,0.0150638475,0.0583587946,0.0734977702,0.293623425,30.4821446,28.4714858,27.0071239,25.6810404,24.7215248,25.7771735,24.5936443,23.2921098,22.9897094,22.8779187,24.9602813,22.7449887,22.7612953,21.3687478,22.0133344,21.6893931,21.4828691,19.8241139,20.2724677,19.8619611,18.8690972,18.9219881,17.5513809,16.0829577,16.3420493,17.3888452,17.1802122,16.5458027,15.1457995,12.3350355,9.23984983,6.95555959
evaluation/after-dark_03/cbr_5ms_96k/master.wav,evaluation/after-dark_03/cbr_5ms_96k/c.wav,4.59946679,0.991174822,0.998776275,0.997499646,0.995396399,0.995651587,0.996114111,0.997319578,0.996092581,0.995606181,0.9964266,0.996129963,0.995717632,0.994127663,0.991597762,0.98720144,0.986930669,0.986435571,0.984939976,0.977018878,0.984479461,0.987534992,0.991704438,0.993323164,0.989385195,0.987851835,0.987845502,0.987215062,0.986742684,0.986194453,0.945391825,0.92654846,0.792500516,0.956776573,0.997507874,0.993829241,0.984694488,0.984592212,0.987179559,0.994231709,0.989951389,0.989551726,0.989338945,0.989018936,0.98830088,0.988698744,0.985117512,0.960634971,0.965813781,0.952274086,0.967431094,0.954354338,0.972001655,0.977200813,0.98693143,0.98415724,0.974937635,0.97511083,0.981314439,0.979830804,0.967602508,0.981331243,0.88866043,0.865705422,0.672441571,0.0314838478,0,0.00491207088,0.0133383816,0.0116351813,0.00839970969,0.00439384555,0.00833920774,0.00894967009,0.00939436376,0.0111641611,0.0110722082,0.0129896815,0.0134198624,0.0321203634,0.0340003455,0.0269231106,0.0219313171,0.0376624822,0.0231823822,0.0221972817,0.014783647,0.0142174224,0.0186572537,0.0226259836,0.0188322029,0.0165640928,0.0346062875,0.0148223372,0.0582623624,0.0721476805,0.29553768,30.4769393,28.4665784,27.0068708,25.6795272,24.7261037,25.7647177,24.5961902,23.2851629,22.9775669,22.8680971,24.9499399,22.7356194,22.7592171,21.3663682,22.0046207,21.6834725,21.4857071,19.8141399,20.2719896,19.872355,18.8649273,18.915843,17.5570191,16.0843656,16.3438215,17.3879736,17.1733733,16.5353345,15.1402836,12.3466942,9.24944915,6.95734155
evaluation/after-dark_03/cbr_5ms_128k/master.wav,evaluation/after-dark_03/cbr_5ms_128k/rust.wav,4.62534205,0.995769515,0.999327225,0.998874146,0.997700685,0.997728361,0.99740074,0.998394407,0.997400681,0.997900214,0.998338719,0.998223712,0.998253645,0.996747938,0.993869214,0.990848026,0.992707507,0.992410273,0.992297653,0.989050268,0.993133791,0.993298952,0.993352949,0.997143817,0.99629072,0.996200762,0.996786607,0.996118247,0.995878568,0.991609967,0.957830461,0.928486801,0.79238155,0.984661062,0.997977956,0.997842491,0.992873272,0.99407768,0.991815936,0.997009985,0.995114635,0.995496408,0.994225298,0.993554608,0.99640457,0.992138553,0.986648473,0.972566331,0.989377313,0.972765791,0.985794627,0.980226653,0.988460598,0.985774784,0.972616131,0.994956234,0.992279887,0.991871664,0.995164511,0.990254622,0.988822681,0.98504904,0.927838275,0.894132091,0.598068009,0.0148707659,0,0.00159143881,0.00647748882,0.00611496665,0.00729542331,0.0047771593,0.00703281568,0.00508428444,0.00523230363,0.00620530955,0.00405252988,0.00674652868,0.0124269252,0.0225995604,0.011983421,0.0174376547,0.0107899953,0.0195360138,0.0132646089,0.0137616941,0.0319615805,0.00684792657,0.0081194231,0.00781174063,0.00588160862,0.00857916832,0.011020284,0.011542784,0.0360500589,0.0556008105,0.312271092,30.4841433,28.4764539,27.0193283,25.6964248,24.7309802,25.7766108,24.5904011,23.3023851,22.9771184,22.8665601,24.9671273,22.7487002,22.7525437,21.3649251,21.9832631,21.6485444,21.4654949,19.7595975,20.2204283,19.8268284,18.8139886,18.8918493,17.5036156,16.0318249,16.2727964,17.307975,17.1529168,16.5328243,15.1907223,12.4991584,9.3209517,6.79095706
evaluation/after-dark_03/cbr_5ms_128k/master.wav,evaluation/after-dark_03/cbr_5ms_128k/c.wav,4.62542357,0.99485904,0.999140005,0.998746105,0.997526745,0.997830877,0.997815667,0.998630924,0.997742543,0.997808352,0.998199652,0.998218783,0.99825479,0.997036552,0.994098051,0.990588285,0.992162449,0.992524928,0.992560564,0.989825584,0.993030045,0.993571438,0.993776782,0.997202661,0.996280021,0.996234396,0.996914081,0.996256593,0.996232616,0.991553664,0.95722362,0.927651633,0.793896036,0.983577021,0.996814549,0.997438845,0.992181683,0.99505641,0.994314908,0.997240338,0.995831193,0.995181266,0.994180319,0.993537731,0.996404094,0.992387831,0.986737183,0.968454438,0.988069802,0.973910861,0.986382648,0.984347717,0.98795978,0.985982161,0.97260022,0.994450503,0.991970552,0.991392773,0.994759163,0.990510042,0.990237667,0.98500126,0.926796403,0.893702689,0.598890217,0.0185552733,0.00125765858,0.00232158556,0.00700244129,0.00572909387,0.00589818282,0.00384053207,0.00580414822,0.00483959077,0.00554371583,0.00579927129,0.00408494837,0.00646474525,0.0115168906,0.0255087608,0.0126938008,0.0169389899,0.0102980571,0.018218464,0.014037467,0.0138105208,0.0317871793,0.00659201295,0.00701227962,0.00757103024,0.00529826684,0.00815655349,0.00982122728,0.0114898232,0.0367876379,0.0573483645,0.312468873,30.4824894,28.4774155,27.0170539,25.6980431,24.7309798,25.7750439,24.5879825,23.3031585,22.9797923,22.8723831,24.970377,22.7502744,22.7622069,21.3756014,21.9864567,21.6526615,21.4722121,19.7611614,20.2167645,19.8328645,18.8073093,18.8935846,17.5060181,16.0357873,16.2767545,17.3135932,17.1560596,16.537587,15.1885317,12.4929536,9.32813929,6.78958049
evaluation/after-dark_03/cbr_5ms_192k/master.wav,evaluation/after-dark_03/cbr_5ms_192k/rust.wav,4.72816742,0.997937853,0.999711369,0.99943334,0.998793398,0.998768387,0.998800773,0.999244425,0.998850514,0.998940531,0.999238043,0.999264506,0.999181328,0.998732933,0.998112339,0.996558005,0.997635652,0.997801812,0.99773343,0.996365429,0.996522241,0.997264051,0.998569007,0.998996629,0.998681954,0.99861409,0.998819124,0.999138721,0.999438792,0.99962424,0.99978051,0.999160375,0.995826863,0.988689923,0.999334769,0.998810622,0.996628377,0.996728168,0.996117708,0.998693668,0.99728819,0.997580737,0.997500387,0.997909792,0.997925179,0.994962599,0.995163175,0.982555936,0.993700429,0.994519642,0.994671232,0.994719355,0.993105555,0.994918429,0.996455238,0.998033402,0.997455895,0.997820518,0.997908801,0.998139029,0.998877879,0.99929829,0.999647066,0.997745647,0.989840321,0,0,0,0.00375360199,0.00478613889,0.00418087681,0.00207013598,0.0034556589,0.00255537036,0.00302751364,0.00304847316,0.00315673181,0.0041731612,0.00496188765,0.017298132,0.00531472982,0.00385083712,0.00298469828,0.00565610332,0.00788165907,0.00650182229,0.00444511415,0.00349068256,0.000954772049,0.00187580567,0.00217740432,0.00215275659,0.00201786732,0.0015168809,0.000993375451,0.00261364021,0.0111842591,29.9355063,27.9331642,26.4850185,25.1218277,24.1629247,25.2061111,23.9996777,22.7474386,22.4353249,22.2683762,24.4234252,22.1426972,22.1768507,20.7706013,21.4053065,21.044252,20.8995869,19.1907735,19.6563691,19.2644128,18.2894229,18.3493655,16.9721235,15.4803176,15.753414,16.81723,16.6466414,16.0402791,14.6670942,12.4161044,7.22249813,4.36256801
evaluation/after-dark_03/cbr_5ms_192k/master.wav,evaluation/after-dark_03/cbr_5ms_192k/c.wav,4.72820896,0.997849955,0.999685944,0.999371344,0.99877588,0.998850377,0.998953769,0.999284868,0.998861432,0.99889637,0.999228286,0.99927666,0.999148915,0.998722819,0.998066642,0.996851393,0.997616634,0.997983556,0.997778189,0.996449628,0.997099827,0.997059177,0.998359778,0.998848943,0.998738446,0.998674514,0.998757017,0.999086299,0.999458987,0.999623478,0.999787501,0.999140027,0.996072584,0.989860483,0.99920981,0.998428411,0.996805762,0.996633962,0.996389187,0.998881479,0.99734254,0.997427649,0.997452316,0.997906504,0.998140892,0.995848139,0.995018917,0.985623261,0.993706628,0.995837123,0.995661389,0.993819109,0.995226294,0.991682492,0.996746335,0.997016107,0.997902392,0.998095898,0.997835875,0.9979927,0.998833294,0.999342614,0.999667735,0.997854643,0.990887629,0,0,0.000949339429,0.00403282744,0.00470294788,0.00437104406,0.00227753272,0.00379540435,0.00231214137,0.00306702041,0.00314484186,0.00321252744,0.00422450355,0.0061653971,0.0131613642,0.005613105,0.00247479322,0.00395687691,0.00615481166,0.00501068302,0.00825517218,0.00514992613,0.00430606182,0.00152003518,0.00220694876,0.00283337399,0.00190032805,0.00181140387,0.00161203617,0.00101519766,0.00294167373,0.0115991698,29.8091817,27.7917453,26.3544172,24.9771651,24.0263706,25.0503606,23.8465692,22.5978019,22.2796009,22.1202375,24.272634,22.0081921,22.0224522,20.6217122,21.2559384,20.906354,20.7432968,19.0369042,19.5042849,19.1200149,18.1264548,18.1822163,16.8067921,15.3572836,15.6383611,16.714402,16.5149115,15.9202795,14.5656866,12.3202472,7.11526293,4.24013875
evaluation/after-dark_03/cbr_20ms_96k/master.wav,evaluation/after-dark_03/cbr_20ms_96k/rust.wav,4.62582008,0.994833259,0.998933501,0.998473379,0.997434258,0.996838438,0.995518063,0.996517484,0.995415892,0.994515738,0.99602446,0.996039245,0.995610187,0.994170874,0.993608257,0.991825402,0.990161432,0.991959442,0.993299525,0.989039719,0.994243081,0.99476952,0.996521903,0.997234694,0.99566966,0.996839744,0.99674895,0.996507773,0.99729857,0.991857711,0.957920692,0.926946694,0.793797775,0.976615623,0.997286068,0.996038657,0.991152959,0.990515391,0.987016341,0.993949125,0.991484624,0.985943752,0.989363587,0.991648965,0.987884369,0.984675082,0.986409742,0.980266406,0.976434405,0.986896289,0.987694113,0.977277359,0.989923946,0.988335896,0.992984096,0.990877262,0.982658809,0.993574027,0.994989044,0.994013305,0.99536567,0.986806328,0.90922167,0.871210771,0.614502942,0.0144235322,0.00260179096,0.00406193732,0.00621810221,0.0107724809,0.0123642273,0.00762777252,0.00910166229,0.0141044528,0.0105619353,0.00849087086,0.0118599209,0.0139994714,0.013084717,0.0186483368,0.0219893014,0.0160939623,0.0101138887,0.0217915646,0.0101820985,0.00924378788,0.00904446306,0.00798843157,0.00944993415,0.00655598744,0.00746347653,0.00654876437,0.00538996556,0.0109821219,0.0375621657,0.0639077135,0.305237119,30.4730408,28.465165,26.9958707,25.6782056,24.7245912,25.7586642,24.5849239,23.2904236,22.982784,22.8606979,24.9817588,22.7701151,22.7318156,21.3869155,21.9734689,21.6557906,21.4773888,19.7547624,20.2161907,19.8305882,18.8205429,18.8879225,17.5135075,16.0370612,16.282326,17.3220005,17.1592501,16.5559494,15.1920951,12.5220975,9.34649081,6.86302911
evaluation/after-dark_03/cbr_20ms_96k/master.wav,evaluation/after-dark_03/cbr_20ms_96k/c.wav,4.62557618,0.994936806,0.998942051,0.99846541,0.997423974,0.996875963,0.995622938,0.996610759,0.995406635,0.994543287,0.995910594,0.996153177,0.995664207,0.994242887,0.993570708,0.991942003,0.990555347,0.992006325,0.993174436,0.988974294,0.994251947,0.994663615,0.996481948,0.997249514,0.99571629,0.996831901,0.996621617,0.996478768,0.997306804,0.99186669,0.957583496,0.926709203,0.793857606,0.976521419,0.997323437,0.996110268,0.991162071,0.99083665,0.987145067,0.993952658,0.991501152,0.985974805,0.989364363,0.991660166,0.987879998,0.984822794,0.986409518,0.980300698,0.976423608,0.986910472,0.987774283,0.975997376,0.989889057,0.988339023,0.992735604,0.990770654,0.982652126,0.993574148,0.994780359,0.994021485,0.995279837,0.986794481,0.909417238,0.8714814,0.617683602,0.0145215553,0.00254227935,0.00392722727,0.00621540779,0.0106790084,0.0113591297,0.00740911448,0.00929587908,0.0141279024,0.010920505,0.00862497333,0.0118636389,0.013921178,0.0131529033,0.0185375008,0.0213786002,0.0161627521,0.01027343,0.0218546396,0.0101626043,0.00942596983,0.00911098272,0.00806765113,0.00929859152,0.00642135159,0.00772573883,0.00666537821,0.00535132952,0.0107553576,0.0377247358,0.0643069412,0.305639909,30.4748881,28.4665302,26.9958189,25.6778613,24.7247681,25.7621592,24.5821988,23.2878155,22.9820052,22.8623197,24.9793471,22.7681916,22.7302943,21.3855315,21.9707347,21.652489,21.4745425,19.7523373,20.2136282,19.8291326,18.821481,18.8867135,17.5117202,16.0357812,16.2833458,17.3210551,17.1593925,16.5537209,15.1893761,12.5171671,9.34667926,6.8599945
evaluation/after-dark_03/cbr_20ms_128k/master.wav,evaluation/after-dark_03/cbr_20ms_128k/rust.wav,4.72000628,0.993608899,0.99933321,0.998884221,0.997283149,0.997636361,0.99665072,0.998117704,0.997158646,0.996369671,0.997395655,0.997578198,0.997091045,0.996576754,0.995784604,0.994483653,0.995508078,0.995537489,0.996560372,0.993958452,0.996253056,0.99639081,0.997400169,0.998218031,0.997487727,0.998016876,0.998224952,0.998022521,0.998587058,0.999199364,0.999209976,0.996656303,0.977398448,0.961336968,0.99849457,0.996971675,0.986104685,0.991161057,0.98848088,0.996523597,0.995220976,0.994015777,0.993504476,0.993630851,0.993368801,0.992287576,0.984518578,0.984543012,0.991395866,0.985319391,0.99290269,0.989866625,0.994063828,0.993778847,0.995193628,0.994423567,0.993412288,0.995670881,0.996708058,0.996121422,0.996542937,0.998534239,0.997685792,0.989918367,0.890705829,0.0247289359,0,0.000862905123,0.0105832666,0.00946001588,0.0109812056,0.00473668975,0.00646619806,0.00837152306,0.00650851676,0.00744837462,0.00821470571,0.00740575786,0.0108751296,0.0150883685,0.00856725061,0.0150913085,0.0069630423,0.0118131023,0.00648065072,0.0059658639,0.00723779109,0.00543058402,0.00497228518,0.00438898552,0.00459075534,0.00423346173,0.00466681415,0.0022701871,0.00245896909,0.0113221849,0.115970011,30.2492535,28.2644979,26.8191327,25.5009485,24.5609828,25.5884635,24.3909243,23.115489,22.8180216,22.6942117,24.8261884,22.5840769,22.6276201,21.233133,21.8222792,21.4817652,21.2880902,19.5782369,20.0203118,19.6159686,18.6260384,18.6697004,17.2744634,15.796749,16.0476783,17.0982457,16.9160988,16.3225766,14.9677583,12.7664201,7.56077771,4.89741674
evaluation/after-dark_03/cbr_20ms_128k/master.wav,evaluation/after-dark_03/cbr_20ms_128k/c.wav,4.71973628,0.993614483,0.999322866,0.998903056,0.997261977,0.997613161,0.996985249,0.99819489,0.99708906,0.996372512,0.997376202,0.997546153,0.997103439,0.996528261,0.995824024,0.994627181,0.995671915,0.995527719,0.996555242,0.994004483,0.996266212,0.996497919,0.997543896,0.998225868,0.99748635,0.997987836,0.998176664,0.998042911,0.99857697,0.999204008,0.999211148,0.996578402,0.976417306,0.961420347,0.998495871,0.99736903,0.986048748,0.991186902,0.990687782,0.996924627,0.995213617,0.994069413,0.993462281,0.993626192,0.993352533,0.992287561,0.984510971,0.984533918,0.991384205,0.985328168,0.992833814,0.989791255,0.994124722,0.994668558,0.995303902,0.994468931,0.9933994,0.995657194,0.996700464,0.99613916,0.996207929,0.99861962,0.99774131,0.989606675,0.888877307,0.0248977092,0,0,0.0105132027,0.00953340862,0.00971858919,0.00460677158,0.00663741985,0.00847933965,0.00638926186,0.00736898901,0.00819717164,0.00747689813,0.0109447307,0.014309973,0.00848752004,0.0151510564,0.00697338186,0.0117367322,0.00650412431,0.00564011935,0.00712165561,0.00553921616,0.00493011087,0.00438236962,0.00461464227,0.00420616093,0.00487011968,0.0024660592,0.00252327501,0.0115929064,0.119749219,30.2505072,28.2654882,26.8211943,25.5025461,24.5650636,25.5940773,24.3982776,23.1192171,22.8244494,22.7014874,24.8330947,22.5877461,22.6291024,21.2316289,21.827167,21.4863893,21.2955152,19.5814631,20.023392,19.6187891,18.6295948,18.6718289,17.2783913,15.8011887,16.0520775,17.1006353,16.9209748,16.3256883,14.9725493,12.7677461,7.56988623,4.90014613
evaluation/after-dark_03/cbr_20ms_192k/master.wav,evaluation/after-dark_03/cbr_20ms_192k/rust.wav,4.72946584,0.998134769,0.999607009,0.999205607,0.998957554,0.998681397,0.998519627,0.998573595,0.997886317,0.998052866,0.998862715,0.998776301,0.99889175,0.998552185,0.998252451,0.997478729,0.998161574,0.998392546,0.998284249,0.997403066,0.998059475,0.998267225,0.999058446,0.999287438,0.999043362,0.999007869,0.999225635,0.999270997,0.999563787,0.999730846,0.999886223,0.999710147,0.99831252,0.993259694,0.9989909,0.99752355,0.997581341,0.994829051,0.996252968,0.996386696,0.994783413,0.996691276,0.997552758,0.996488972,0.996792445,0.995848392,0.996442504,0.989446719,0.996330571,0.996461008,0.995706551,0.995135089,0.995099979,0.996850367,0.998267203,0.996971969,0.998079471,0.997739056,0.998680571,0.998581512,0.999253546,0.999590417,0.999840962,0.999392928,0.995970386,0,0.00120620828,0.00272209916,0.00298831268,0.00520583657,0.00475979003,0.00448246642,0.00678089778,0.00441771164,0.00276717818,0.00454360826,0.00424081899,0.00496868655,0.00449061852,0.00923338264,0.0037016027,0.00238789097,0.00120171747,0.00486680706,0.00572689669,0.00312919944,0.00322846775,0.00351190907,0,0.0030570689,0.00256825706,0.0019857632,0.0016522093,0.00104448488,0.000619624956,0.000511799768,0.00560967327,29.9707457,28.0244838,26.5444259,25.2239201,24.2785692,25.2947142,24.1488561,22.8617092,22.5292387,22.4315257,24.5822072,22.3251045,22.3493731,20.9332718,21.548937,21.1963701,21.0482882,19.3126538,19.7379305,19.3505631,18.3680987,18.4041449,16.9892112,15.5017461,15.7715509,16.8345339,16.6685176,16.0704705,14.7010125,12.4898755,7.29232738,4.46219444
evaluation/after-dark_03/cbr_20ms_192k/master.wav,evaluation/after-dark_03/cbr_20ms_192k/c.wav,4.72947907,0.998068827,0.999620217,0.999196896,0.998944517,0.998631812,0.99850016,0.998596934,0.99800794,0.998207601,0.998866722,0.998784583,0.998905599,0.998640529,0.998257134,0.99752709,0.998122957,0.998369069,0.998257146,0.997274222,0.998073752,0.998273971,0.999090644,0.999295607,0.999036161,0.999018051,0.999226567,0.999243397,0.999575118,0.999742127,0.999888638,0.999707984,0.998329976,0.993155719,0.998980104,0.997188599,0.997506128,0.994806266,0.996150781,0.996383561,0.995368413,0.996943277,0.997544836,0.996520186,0.996850277,0.996511519,0.996438336,0.989424153,0.996156894,0.996688247,0.99544777,0.994168473,0.995047288,0.996893106,0.99843589,0.996987984,0.998073941,0.998008757,0.998525363,0.998437338,0.999258747,0.999643898,0.999853757,0.999404341,0.996237485,0.00274364843,0.0012751748,0.00311495903,0.00297685842,0.00519922402,0.00475270315,0.0044504087,0.00604415577,0.00428876562,0.00273454606,0.00446350501,0.00411604355,0.00436536126,0.00458383186,0.00925720212,0.00370470702,0.00255058562,0.00113763465,0.00557417014,0.00558230967,0.00326636541,0.00313869488,0.00349702567,0,0.00266714698,0.00247776136,0.00210572221,0.00153698194,0.000883331317,0.000560486075,0.000533740552,0.00553241983,29.9688571,28.0212449,26.5409261,25.222297,24.2739725,25.2939756,24.1496895,22.8609188,22.5328322,22.4315114,24.5824704,22.3249577,22.3490033,20.9305962,21.547643,21.1968169,21.0497065,19.3113716,19.7359784,19.3490283,18.3659342,18.4015023,16.9886045,15.5015829,15.7711538,16.8345535,16.6687527,16.070635,14.7006396,12.4905667,7.29235018,4.46159689
evaluation/after-dark_03/vbr_5ms_96k/master.wav,evaluation/after-dark_03/vbr_5ms_96k/rust.wav,4.60768279,0.994372856,0.998564399,0.997996893,0.996124836,0.995995625,0.996029962,0.997220798,0.995993193,0.995670864,0.996688275,0.996250759,0.996035383,0.99386846,0.991436112,0.989256572,0.98834378,0.987932129,0.985728774,0.978477222,0.984345486,0.986348363,0.991810278,0.993065942,0.989391684,0.989159766,0.989292892,0.988325249,0.988206373,0.986027867,0.949501617,0.931393425,0.801836074,0.980324034,0.995667335,0.996100801,0.989022233,0.98979382,0.989587894,0.99542075,0.993434655,0.990750047,0.990869296,0.990563117,0.987317121,0.984593538,0.981005196,0.970655452,0.980238291,0.965247258,0.967858806,0.960731588,0.973881193,0.980204611,0.98714249,0.978974056,0.979262917,0.977966574,0.982628766,0.979265738,0.974114675,0.973841447,0.8944592,0.872551484,0.68540924,0.013334365,0.00453347812,0.00374555917,0.00869072992,0.0108692139,0.0094525673,0.00644552859,0.00849105205,0.00925956841,0.00748180993,0.00916516187,0.00968370446,0.0125091671,0.0156692721,0.0191802658,0.0207781272,0.0246521473,0.0263278017,0.0320344559,0.0304989736,0.0206882263,0.0138537216,0.0172523716,0.0187042045,0.0246022863,0.0193055665,0.0162578801,0.0278827382,0.019948979,0.0563145965,0.0687813375,0.287265682,30.4693175,28.4676358,27.012545,25.6663391,24.7015054,25.7616886,24.5750774,23.2825583,22.9791735,22.8561694,24.9565565,22.7413727,22.7687156,21.354577,21.9886886,21.6972836,21.4849883,19.7846225,20.256819,19.834432,18.8612143,18.915648,17.5415869,16.0712461,16.3225029,17.3671167,17.1674402,16.5323324,15.1481572,12.371208,9.18492251,6.83926326
evaluation/after-dark_03/vbr_5ms_96k/master.wav,evaluation/after-dark_03/vbr_5ms_96k/c.wav,4.604536,0.991687604,0.998293616,0.997903026,0.996205988,0.995692724,0.995179889,0.996995486,0.99546097,0.995111539,0.996966951,0.996116055,0.995647266,0.994188963,0.992334278,0.990109504,0.987804195,0.988242575,0.987263475,0.975544271,0.983529217,0.988297379,0.9920607,0.993579905,0.989493932,0.987894345,0.989810801,0.989567015,0.987997201,0.987151874,0.94749588,0.927997457,0.79466803,0.952472351,0.993008783,0.993516674,0.987556271,0.986108923,0.983641297,0.994217684,0.99148125,0.990765546,0.99387065,0.986323714,0.986970487,0.987455907,0.984754258,0.980443539,0.978650398,0.962886018,0.975711121,0.955867472,0.964146798,0.977209204,0.986009862,0.983588752,0.978526522,0.971097611,0.984968556,0.98090754,0.96419097,0.977897191,0.891057536,0.869552639,0.647835724,0.0203600298,0.00396944875,0.00425009702,0.0104176796,0.0116048085,0.0131874122,0.00628182306,0.00974634716,0.0100289234,0.00644290506,0.01264576,0.011821661,0.010072414,0.0135962088,0.0151430474,0.0236672901,0.0251412029,0.0234992623,0.0469737929,0.0333737518,0.0170783979,0.0140346656,0.0142603205,0.0188769423,0.0301069088,0.0176842991,0.0131160522,0.0410792073,0.0150753109,0.0568431145,0.0725460271,0.301680996,30.4769327,28.4816761,27.0036934,25.6771647,24.7125135,25.7556981,24.5670521,23.281779,22.9875177,22.8645608,24.9545125,22.7334121,22.7766267,21.3871314,22.0084426,21.6865665,21.4730047,19.7948585,20.2613382,19.857319,18.8950958,18.9333803,17.5595103,16.1024475,16.3397287,17.374755,17.1686818,16.5483586,15.1673416,12.357932,9.23794767,6.89772287
evaluation/after-dark_03/vbr_5ms_128k/master.wav,evaluation/after-dark_03/vbr_5ms_128k/rust.wav,4.63230141,0.996212201,0.999321509,0.998841679,0.997440982,0.997729285,0.997379639,0.998402993,0.99775587,0.99762141,0.99848961,0.998270428,0.997515213,0.996686105,0.99471345,0.990207674,0.992191824,0.992956447,0.993060768,0.990274753,0.993478103,0.993521685,0.994855595,0.997356946,0.996328616,0.995912579,0.996539071,0.996354209,0.996539835,0.992367278,0.963406483,0.934204577,0.799423326,0.986114403,0.99814976,0.998004592,0.988493509,0.993811994,0.98699153,0.997151014,0.996153173,0.996287892,0.996734191,0.995286244,0.993728316,0.990963527,0.990488406,0.958493784,0.986472317,0.969957952,0.986500429,0.982440819,0.98967927,0.986268848,0.981575886,0.992111528,0.992717236,0.991973901,0.994870624,0.994372439,0.991988585,0.987389709,0.936,0.904361834,0.613568178,0.00935498056,0.00155026206,0.00189308204,0.00881888034,0.00649625664,0.00831107158,0.00422853439,0.0051373787,0.0051177892,0.00469664335,0.00472612579,0.00702823868,0.00701429257,0.00945203868,0.0328078876,0.016251725,0.0186468311,0.0113613256,0.0156087901,0.0140144694,0.0128455029,0.0213280589,0.00693615721,0.00711180658,0.00886218527,0.00739076841,0.00664635557,0.00909169293,0.0112309676,0.0333885051,0.0526300519,0.310250023,30.4798512,28.4730959,27.013438,25.6772194,24.7100115,25.7506332,24.5799309,23.2758777,22.9753716,22.8795978,24.9647828,22.7457627,22.7433034,21.3519097,21.9859784,21.6506212,21.4685173,19.755229,20.190082,19.8267628,18.8149938,18.8848587,17.4997813,16.0198001,16.2680132,17.3030501,17.1379779,16.5184912,15.166607,12.5267977,9.20993428,6.69247597
evaluation/after-dark_03/vbr_5ms_128k/master.wav,evaluation/after-dark_03/vbr_5ms_128k/c.wav,4.63137684,0.993285061,0.999369272,0.998807117,0.997560048,0.998048647,0.997409581,0.998463953,0.997746616,0.997016244,0.998067926,0.998198014,0.998060181,0.996481449,0.993907272,0.990356133,0.992955516,0.993630236,0.99222527,0.98935511,0.993516367,0.99375316,0.995025339,0.997520647,0.996880729,0.996957542,0.996873636,0.996288386,0.996352042,0.991953427,0.962284221,0.93188904,0.801326215,0.973938392,0.998363757,0.997936524,0.993357071,0.994326284,0.990686627,0.996268929,0.99571006,0.995308836,0.995220434,0.995626987,0.995470449,0.990349087,0.986657536,0.967129789,0.988197811,0.98825906,0.977137757,0.97999492,0.984188398,0.988859403,0.980334932,0.995218301,0.99336194,0.993314054,0.994732863,0.993698716,0.993253626,0.986567015,0.932777505,0.898398895,0.609822347,0.0225189343,0,0.000268875933,0.00656116455,0.00549907856,0.00759105492,0.00406164637,0.00559783571,0.00642027826,0.00484684094,0.00554722975,0.00407525823,0.00771418772,0.0115656144,0.0246841024,0.00964105389,0.011066262,0.0153337457,0.0189771508,0.0122834862,0.0111158574,0.0212847329,0.00604254415,0.00582947019,0.00614772296,0.0069215838,0.00690910848,0.00867401174,0.0117811402,0.0326877614,0.0563055656,0.302237434,30.4774576,28.4693315,27.0087818,25.6814263,24.7200555,25.7731314,24.5855435,23.2853767,22.9788187,22.8637172,24.96067,22.7473679,22.7538373,21.3787771,21.9900279,21.6672454,21.4840177,19.77124,20.2095577,19.8235829,18.8123271,18.8825283,17.503659,16.0322337,16.2681675,17.3154763,17.1395508,16.5235904,15.1732916,12.5260662,9.24555009,6.70312032
evaluation/after-dark_03/vbr_5ms_192k/master.wav,evaluation/after-dark_03/vbr_5ms_192k/rust.wav,4.72796254,0.997215277,0.999524373,0.999386242,0.998939024,0.998818808,0.998845771,0.999316797,0.998889461,0.998869727,0.999334392,0.999219504,0.999020786,0.998745341,0.998022777,0.996816031,0.997547168,0.997599929,0.997325008,0.995855598,0.997026392,0.997519162,0.998306238,0.998960027,0.998643184,0.998333259,0.9986966,0.99902204,0.999482755,0.999625731,0.999779948,0.999073839,0.99606662,0.985199199,0.998711644,0.998636559,0.997466683,0.996981479,0.996355712,0.99891618,0.997721186,0.998366887,0.998410223,0.998044132,0.997033426,0.994815951,0.995186219,0.98716398,0.99521842,0.995029488,0.994377749,0.992549185,0.993474486,0.996223486,0.996251638,0.997829952,0.997606975,0.994127162,0.996849476,0.99792024,0.999120747,0.99928425,0.999636665,0.997476069,0.991150978,0.000598221566,0.000805634379,0.00154039384,0.00353492312,0.00458093558,0.00143456851,0.00223369066,0.00363229179,0.00186925924,0.00285230165,0.0025275056,0.00288059416,0.00462629392,0.00648129016,0.0133414307,0.00514903595,0.00427247954,0.00504263708,0.00751281463,0.00745465478,0.00295755172,0.00533368835,0.0031746195,0.00273951767,0.00596381709,0.00403192305,0.0030178876,0.00177340275,0.00157345683,0.000736918168,0.00373202799,0.0111068486,29.6868739,27.6797781,26.2287755,24.8718525,23.9079115,24.9267005,23.7867785,22.4989543,22.1414899,22.046842,24.1579442,21.9296793,21.9386657,20.5253836,21.1614925,20.8258306,20.6530539,18.9502034,19.3927389,19.0191115,18.0434166,18.084243,16.7320603,15.2585757,15.5498247,16.6242809,16.4342426,15.8330458,14.4726834,12.2290782,7.01773634,4.15121022
evaluation/after-dark_03/vbr_5ms_192k/master.wav,evaluation/after-dark_03/vbr_5ms_192k/c.wav,4.72782542,0.997577068,0.999582389,0.999474798,0.998984053,0.998622251,0.998736502,0.999131651,0.998903996,0.99896503,0.999291508,0.999098196,0.999001805,0.998773908,0.99830713,0.996802072,0.996937784,0.997463874,0.997278513,0.995647897,0.996907677,0.997711884,0.998086035,0.998707957,0.998455975,0.998178294,0.998517096,0.999013577,0.999362163,0.999605933,0.999795626,0.999171031,0.996233694,0.984663975,0.998363264,0.998654415,0.996568215,0.994270281,0.99640325,0.998269948,0.997464611,0.99826337,0.998366042,0.997732293,0.997197572,0.996643749,0.995504266,0.985226906,0.988392756,0.99250237,0.992471921,0.988598976,0.993465837,0.996227331,0.995291694,0.996150268,0.995703627,0.994806868,0.997244967,0.997244263,0.99803608,0.999087311,0.999570128,0.997994453,0.99364598,0.00159715635,0,0,0.00330531117,0.00591463494,0.00328132073,0.00257489397,0.0032944346,0.00233221258,0.00278668681,0.00350134371,0.00352111846,0.00423045497,0.00537871878,0.0138322078,0.0106673246,0.00587406792,0.00314458103,0.0126472082,0.00638489439,0.00245235006,0.00651591041,0.00449261241,0.00405468786,0.00637553712,0.00474501548,0.00346590055,0.00288552059,0.00203680027,0.000928637838,0.00276264101,0.0100547653,29.9446384,27.9323867,26.4648401,25.1323839,24.1574395,25.217265,24.0784761,22.7539892,22.3963166,22.3304539,24.4081113,22.2160862,22.2021864,20.7723134,21.4254109,21.0861406,20.8974825,19.1972231,19.6517924,19.2778934,18.2718041,18.3291693,16.9517949,15.4942836,15.7700995,16.8448453,16.6400555,16.0478886,14.7018627,12.4627246,7.24656325,4.38594
evaluation/after-dark_03/vbr_20ms_96k/master.wav,evaluation/after-dark_03/vbr_20ms_96k/rust.wav,4.63109915,0.991824788,0.998577948,0.998089744,0.997112984,0.996423075,0.994693674,0.996937833,0.995845742,0.99458389,0.995194763,0.995060379,0.995311354,0.993482156,0.992779213,0.991282017,0.991017471,0.992162569,0.992803891,0.988115261,0.992182266,0.994060461,0.995669638,0.996629544,0.993795136,0.99583088,0.996101717,0.995491863,0.996235413,0.992115382,0.963263025,0.933895991,0.803557911,0.960140715,0.993689328,0.994199484,0.990046632,0.989215112,0.982133347,0.994298308,0.992139393,0.991589054,0.990284509,0.987922709,0.988780972,0.980184161,0.983269257,0.972918633,0.97861624,0.984185171,0.986750957,0.972809961,0.982151299,0.989977911,0.985370753,0.988267043,0.979562612,0.992895402,0.993094198,0.993209413,0.992834875,0.985309864,0.905032335,0.865719729,0.622504415,0.0247263534,0.00455086162,0.00573323134,0.00906848917,0.0115430282,0.0190283637,0.00668904665,0.00869600445,0.0110852733,0.011470441,0.0107084522,0.0114769577,0.019096745,0.0147178868,0.0262063888,0.0216656916,0.0170573176,0.0108742051,0.0264726281,0.0161894816,0.0132084874,0.0188996505,0.0123785293,0.016055758,0.00847240943,0.00890051325,0.00663261253,0.00813999075,0.01296847,0.0372843507,0.0649283093,0.310945743,30.4786265,28.4725943,27.0109721,25.6876666,24.7372464,25.7640354,24.5840946,23.2798867,22.9850672,22.8720965,24.9673619,22.7699787,22.7465191,21.3710413,21.9755481,21.6503749,21.4864485,19.7528003,20.2156908,19.8178505,18.8285607,18.9003628,17.4984022,16.0239088,16.2960085,17.3215826,17.1623719,16.5581672,15.1868301,12.5798672,9.15414593,6.58840713
evaluation/after-dark_03/vbr_20ms_96k/master.wav,evaluation/after-dark_03/vbr_20ms_96k/c.wav,4.62902721,0.993473443,0.998899515,0.998120906,0.997731301,0.996667643,0.99474179,0.996615174,0.996015624,0.994676871,0.995743999,0.995836189,0.995677887,0.993693802,0.992842851,0.992766138,0.991839301,0.992008774,0.992750939,0.987167882,0.993579859,0.994333166,0.99561154,0.996739445,0.994252102,0.995904367,0.996184194,0.995603832,0.995938922,0.991997457,0.962040398,0.932022278,0.799597573,0.971469349,0.997489406,0.994180516,0.994482729,0.99209149,0.980004347,0.993356906,0.991532399,0.988714203,0.988715449,0.990861107,0.990163551,0.97757741,0.982350738,0.985951076,0.984026445,0.984488575,0.9861137,0.974820091,0.986827756,0.990937789,0.985547829,0.990332557,0.978570322,0.993480674,0.993076104,0.99140964,0.989774711,0.983830251,0.902557455,0.867307773,0.589979825,0.0253018724,0.00125061493,0.00526300821,0.00414415468,0.00944146724,0.0178484613,0.0081070735,0.00813241701,0.0127458733,0.00934439005,0.00856037873,0.0108614126,0.0196601356,0.0183434727,0.0112104119,0.0173722259,0.0161508205,0.0111695777,0.0279284794,0.012561211,0.0104836374,0.0196814353,0.0110261725,0.0154378309,0.00981691683,0.00963206506,0.00714853349,0.00978363551,0.0118897073,0.0379005237,0.0654874941,0.318818239,30.4750278,28.463016,26.9964956,25.6778359,24.7240912,25.7494678,24.5730517,23.2672102,22.9861536,22.8781206,24.9766122,22.7637082,22.7334352,21.3707885,21.9838783,21.6511769,21.4840593,19.7584754,20.2153046,19.8152397,18.8205586,18.8992783,17.4904983,16.0185007,16.2865755,17.3128513,17.1546139,16.543161,15.1810614,12.5701161,9.18024525,6.60580941
evaluation/after-dark_03/vbr_20ms_128k/master.wav,evaluation/after-dark_03/vbr_20ms_128k/rust.wav,4.67031411,0.995623903,0.999301528,0.998972819,0.997584833,0.997662145,0.997520879,0.998239301,0.996897888,0.99609207,0.997838323,0.997320176,0.996971394,0.996336649,0.994934449,0.993609793,0.994890495,0.995860606,0.99653531,0.99396094,0.996091278,0.996443301,0.997280495,0.997993451,0.997140503,0.997500575,0.997905596,0.997986651,0.9983992,0.996253517,0.980159828,0.960613759,0.866331946,0.976404631,0.998476762,0.996473683,0.986901357,0.99230716,0.990596996,0.997066873,0.994500581,0.99219264,0.995490507,0.991498673,0.993541422,0.991895346,0.987136557,0.979426882,0.991525817,0.986890547,0.993379021,0.987716562,0.992687481,0.994156251,0.994460727,0.99333119,0.992478711,0.9932266,0.995883213,0.995898169,0.997138825,0.992131422,0.950319022,0.911526344,0.713661502,0.011104602,0,0.00327956469,0.0107959023,0.00880279927,0.00767089659,0.00389060724,0.00688700521,0.0101105699,0.006158986,0.00822286386,0.00905131437,0.00856626281,0.0110819391,0.0195757606,0.0125645324,0.0117398621,0.00582926286,0.0129726182,0.00836797315,0.0063567411,0.00866538257,0.0066158362,0.00642472845,0.00519111319,0.00525743007,0.00473439892,0.00498645098,0.00873461953,0.0270310828,0.0595755236,0.256839477,30.4819276,28.4769618,27.0152782,25.6952819,24.733444,25.778334,24.5936851,23.2866368,22.9977054,22.8728575,24.9724371,22.7521911,22.781212,21.3876365,21.9684648,21.6237694,21.4567989,19.7438271,20.1979932,19.8069188,18.8104582,18.8719995,17.4966349,16.0137119,16.254671,17.3022453,17.1287763,16.5278627,15.1751254,12.7370798,8.54790334,5.90634231
evaluation/after-dark_03/vbr_20ms_128k/master.wav,evaluation/after-dark_03/vbr_20ms_128k/c.wav,4.68263847,0.995442401,0.999290732,0.99881891,0.997146651,0.997145705,0.997319938,0.998003613,0.99706225,0.996563558,0.997975772,0.997321511,0.996880089,0.996210981,0.99540658,0.994525202,0.995196144,0.996083116,0.996420475,0.994533803,0.996347859,0.996150261,0.997389494,0.998255732,0.997543567,0.997712343,0.997900594,0.997950499,0.998451427,0.997133895,0.984743893,0.969302934,0.89368029,0.977183758,0.998223384,0.997340738,0.983943227,0.991597715,0.992002751,0.994659819,0.992945494,0.992433829,0.995213613,0.992718904,0.992303302,0.992070532,0.987977098,0.985721969,0.990636735,0.990627389,0.992454048,0.988079601,0.99421249,0.993093146,0.994818004,0.994551729,0.995496429,0.996010446,0.996539355,0.996217224,0.996445365,0.993125402,0.958526458,0.925194092,0.76908917,0.0125489324,0.00178153235,0.00341748288,0.0121485091,0.0113707147,0.00713553699,0.00317567292,0.00703604038,0.0086464798,0.00471070494,0.00913781462,0.00964305942,0.00834599767,0.0101047196,0.0154000595,0.0116159487,0.00846883252,0.00764209749,0.0115485902,0.00601097834,0.00757088612,0.00894844099,0.00572200509,0.00513991695,0.00523463937,0.00529106293,0.00445660174,0.0050535586,0.00609536512,0.0247944485,0.0579644823,0.240489697,30.2558906,28.2706685,26.8309974,25.5041057,24.5739042,25.6020148,24.3960798,23.1107249,22.8363612,22.7029811,24.8345393,22.5866468,22.6291221,21.2365829,21.8213563,21.4848123,21.3102236,19.5871789,20.0307336,19.6231462,18.626372,18.6703016,17.2902556,15.8049279,16.056045,17.0979419,16.9296274,16.3300552,14.9840236,12.6174295,8.15462132,5.51506262
evaluation/after-dark_03/vbr_20ms_192k/master.wav,evaluation/after-dark_03/vbr_20ms_192k/rust.wav,4.72922434,0.997962354,0.999670991,0.999206355,0.998995543,0.998715614,0.998728171,0.99876756,0.99766155,0.998047254,0.99861386,0.998576278,0.998630945,0.998586709,0.998391959,0.997425505,0.997724976,0.99827391,0.998131013,0.997409207,0.998053638,0.998181689,0.998844657,0.999068567,0.99874652,0.998884804,0.998956663,0.999215725,0.99958853,0.999786557,0.999883336,0.9996711,0.998157513,0.990052791,0.999358821,0.996094402,0.996747192,0.996612143,0.996523934,0.997920318,0.993307315,0.996368366,0.996742703,0.995229536,0.996837011,0.996257332,0.996446552,0.992119587,0.991575517,0.995976455,0.993913514,0.995122117,0.995383053,0.996640893,0.99771409,0.995948634,0.997242862,0.997522688,0.99845214,0.998735853,0.999300304,0.999653086,0.999790314,0.999253304,0.994046134,0.00234182632,0,0.00330104805,0.00350577147,0.00466407186,0.00358345501,0.00348010849,0.00726060325,0.00494423785,0.00417653154,0.00474421635,0.00494673647,0.00496651184,0.00413704256,0.0079695592,0.0083852493,0.00365157162,0.00131051066,0.0043913908,0.00491656336,0.0038786808,0.00400080713,0.00390281171,0,0.00248016528,0.0026495359,0.00164874099,0.0017355195,0.0011560103,0.000656858973,0.000880183631,0.00676125099,30.0558424,28.0581324,26.5763367,25.2726271,24.2823115,25.3563419,24.2156571,22.8880753,22.5444839,22.476682,24.5513466,22.3267425,22.3408397,20.9279009,21.567134,21.2093499,21.0441971,19.3432781,19.7771971,19.4156854,18.4182261,18.4926467,17.1065905,15.5954788,15.8632896,16.9190027,16.7621965,16.1515166,14.7819198,12.5296513,7.32635988,4.52347695
evaluation/after-dark_03/vbr_20ms_192k/master.wav,evaluation/after-dark_03/vbr_20ms_192k/c.wav,4.72918398,0.996769387,0.999599129,0.99929164,0.998918746,0.998680142,0.998745309,0.998608706,0.99783048,0.99818904,0.99874459,0.998589202,0.99876144,0.998744097,0.998493549,0.997363287,0.997791719,0.997947727,0.998061921,0.996842048,0.998051897,0.997809598,0.999001218,0.999218637,0.998862113,0.998936065,0.998951196,0.999170642,0.999588386,0.999755349,0.999872039,0.999691041,0.998327315,0.977454594,0.998921931,0.997457617,0.996020072,0.996525715,0.996832027,0.996417687,0.993987557,0.996285033,0.997396035,0.994975481,0.996044145,0.997365447,0.996556516,0.989143865,0.994459703,0.995110077,0.993879033,0.992299266,0.996766228,0.995621702,0.997887944,0.99696563,0.996872891,0.998084805,0.998258928,0.998444886,0.99923656,0.999628077,0.999815361,0.999479067,0.996253026,0.0122829247,0.00100734168,0.00223935942,0.00363132692,0.00498486793,0.00395247615,0.00504419538,0.00659527961,0.0048317578,0.00425643837,0.00615979459,0.00465208129,0.00416265895,0.00366234957,0.0112477166,0.00583530732,0.00384137023,0.00230950765,0.00673748437,0.00405347696,0.00530514451,0.00334062939,0.00308915542,0.00170007403,0.00195108387,0.00273193616,0.00280824692,0.0019448243,0.00127411908,0.00033887939,0.00102175239,0.00592845529,30.2097606,28.2416229,26.7419096,25.4384904,24.4590938,25.4913165,24.3660607,23.0651328,22.7178896,22.6243202,24.7427009,22.5165636,22.4872323,21.095219,21.7194384,21.3701844,21.221779,19.5065269,19.9336286,19.5603864,18.5732204,18.6229935,17.2303385,15.7324511,16.002831,17.0595238,16.8993392,16.2961316,14.9163878,12.6947533,7.48414365,4.67503561
evaluation/after-dark_04/cbr_5ms_96k/master.wav,evaluation/after-dark_04/cbr_5ms_96k/rust.wav,4.57408048,0.990507826,0.999181552,0.997202405,0.995734729,0.995813015,0.994598626,0.995934856,0.997442914,0.995840335,0.994965562,0.995236045,0.995626198,0.992127077,0.990564699,0.985536173,0.984539481,0.982982037,0.977815662,0.979581272,0.983568877,0.986976942,0.985434482,0.985297493,0.987401728,0.983077199,0.972685856,0.966362919,0.972091449,0.972767791,0.942595544,0.93301497,0.817143994,0.937456036,0.998293223,0.993045095,0.98258105,0.990846408,0.991538313,0.988815697,0.99413236,0.988994039,0.986801113,0.984137276,0.989713579,0.966886357,0.974546618,0.96109899,0.96773898,0.969242417,0.952455699,0.937051837,0.959757047,0.968690754,0.972573751,0.978819481,0.977324676,0.960407742,0.942321169,0.893827406,0.923185843,0.941116483,0.900785646,0.856310914,0.559845939,0.0354117473,0.00160027243,0.00625985217,0.00876637367,0.00810636577,0.0105394686,0.0108162769,0.00515921419,0.00831082749,0.0201430227,0.0131451236,0.00973347635,0.0434231656,0.0242285786,0.0304215439,0.0295008257,0.0299961447,0.03211782,0.0518300857,0.0288240124,0.0232065234,0.0287720402,0.0225753986,0.0163710933,0.0359359343,0.065858773,0.102596184,0.0919541961,0.0554000485,0.0647171092,0.0748535797,0.28082417,31.7981556,29.627173,28.2007876,27.4996918,25.6355217,25.567955,26.1397271,25.2211065,23.8714485,23.8762424,25.5746739,23.864609,23.4260548,23.1233251,22.2518956,21.1761205,20.2264983,19.3533687,19.2372956,19.5586322,18.9193623,18.3338707,18.2421731,17.7795968,17.7159956,17.6957468,17.5652629,17.0050147,15.8701234,13.5584505,10.5544742,8.41969071
evaluation/after-dark_04/cbr_5ms_96k/master.wav,evaluation/after-dark_04/cbr_5ms_96k/c.wav,4.57121675,0.98933487,0.999230107,0.997511857,0.996850708,0.995502032,0.994411721,0.995496191,0.997309658,0.995681787,0.994970345,0.995414116,0.995709302,0.993030954,0.991416017,0.987736922,0.986694123,0.984426782,0.976431917,0.979186063,0.983304087,0.986433701,0.985110476,0.983617913,0.986520223,0.983688356,0.973361939,0.965318854,0.970754077,0.972563014,0.941058223,0.932112212,0.813401494,0.938956895,0.998203789,0.994306529,0.99247746,0.989234532,0.991877427,0.98793911,0.99422897,0.989099391,0.984986931,0.985935807,0.990540023,0.986348976,0.984228955,0.972668706,0.972171063,0.967715834,0.95058276,0.946310651,0.961212496,0.965673071,0.968721985,0.967010408,0.969262842,0.960777422,0.943801164,0.893695926,0.923319154,0.937526086,0.895130887,0.849977837,0.572856872,0.0370064357,0,0.00633170883,0.00571797277,0.00955119535,0.0128276431,0.0121439427,0.00513910643,0.0105447466,0.0207187601,0.0145148529,0.0104242246,0.0150495281,0.0195720308,0.0255529731,0.0271685114,0.0284506949,0.0354733283,0.0461954827,0.027973338,0.0233895315,0.0278469125,0.0269098317,0.0191933054,0.0332727874,0.0614387524,0.107895735,0.0998054389,0.0568248959,0.0706800863,0.0784804383,0.300202153,31.797506,29.6324383,28.1996298,27.4964803,25.6323829,25.5767247,26.1456076,25.2334629,23.8700634,23.8743436,25.5707264,23.8656648,23.4290135,23.1253617,22.2365216,21.1667493,20.2471995,19.3594783,19.2349412,19.5545749,18.918579,18.3479405,18.2196922,17.7765892,17.70951,17.6880376,17.5575245,16.9973663,15.8735447,13.5567853,10.5587448,8.41029956
evaluation/after-dark_04/cbr_5ms_128k/master.wav,evaluation/after-dark_04/cbr_5ms_128k/rust.wav,4.62308439,0.99336748,0.99952591,0.998315771,0.998111813,0.997846979,0.996863758,0.997000391,0.99804346,0.997855548,0.998227655,0.998430418,0.998277182,0.996197603,0.991060424,0.990450632,0.991470402,0.990226016,0.985986774,0.988570736,0.992814678,0.992901793,0.992473288,0.993589557,0.994767345,0.995392496,0.992872406,0.993133651,0.994074141,0.987815992,0.955086405,0.929050409,0.814616218,0.960157385,0.998516752,0.993129093,0.992056891,0.995386445,0.992043825,0.993265638,0.99552376,0.994854312,0.995014561,0.993284135,0.99459386,0.991407738,0.97802979,0.976184383,0.983372992,0.983099096,0.969731141,0.96046892,0.977787206,0.980941351,0.985016203,0.980996571,0.983624431,0.990345085,0.975077958,0.978515614,0.988371494,0.975147658,0.936371174,0.878331087,0.568881244,0.0194153058,0.00105842103,0.00606860037,0,0.0042969684,0.00904115857,0.00906605509,0.00472964337,0.00377976147,0.0061257042,0.00603065698,0.00524831692,0.00969078831,0.0248161274,0.0219685252,0.0135573523,0.0196416252,0.0276086222,0.0332200546,0.0187281537,0.0148627369,0.0162385537,0.0165790517,0.0149734742,0.00913480976,0.0214918788,0.0190248154,0.0131586569,0.0155277183,0.0393623581,0.0714568037,0.30701903,31.7085951,29.574103,28.1008212,27.4196916,25.5656715,25.4816129,26.0535038,25.1341463,23.7887982,23.7790515,25.4720862,23.7809672,23.3822761,23.0425205,22.1848557,21.0898212,20.1423036,19.2188099,19.0984506,19.477177,18.8229699,18.2944373,18.132347,17.7149744,17.605509,17.6099051,17.5079693,16.962892,15.8269564,13.5726587,10.6131189,8.23291846
evaluation/after-dark_04/cbr_5ms_128k/master.wav,evaluation/after-dark_04/cbr_5ms_128k/c.wav,4.62147067,0.992909114,0.999575154,0.998541758,0.998085167,0.997795474,0.996882448,0.997025603,0.998089795,0.997870471,0.99783501,0.998504836,0.998359004,0.996728995,0.992544633,0.991965923,0.99124031,0.990510534,0.986137389,0.988585087,0.992930808,0.99337227,0.992903376,0.99402681,0.994864717,0.994988774,0.991556753,0.993349818,0.993785214,0.987691355,0.954383522,0.92792082,0.813592343,0.960043393,0.999134392,0.996232792,0.992687258,0.994970957,0.992688459,0.99349154,0.995899484,0.994881167,0.992443812,0.993718824,0.995621637,0.992095916,0.976484652,0.977216083,0.979103496,0.982142315,0.977367232,0.958893687,0.978545323,0.985040461,0.986588211,0.98542243,0.985488109,0.987778678,0.975038242,0.980624003,0.988105258,0.974982267,0.939472699,0.880152965,0.567023049,0.0216107441,0,0.00440451894,0.0018123638,0.00431542351,0.0085957129,0.00896007344,0.00497160226,0.0042499848,0.0124191539,0.00592598562,0.00516153681,0.00798027952,0.0199367048,0.0183515775,0.0158142867,0.0165956434,0.0209101096,0.0306410502,0.0178208888,0.0132235804,0.0154439567,0.0125573202,0.0142970396,0.012915506,0.0299300418,0.0193739314,0.0132653821,0.0149221107,0.0404851052,0.074648234,0.311812135,31.7079416,29.5771335,28.1045196,27.4127325,25.5561658,25.474149,26.0491233,25.1291286,23.7834744,23.7847972,25.4743727,23.7845308,23.3847208,23.0536422,22.1809231,21.0915826,20.1492871,19.2195958,19.0946788,19.4757276,18.8245981,18.2857466,18.1309919,17.7167885,17.6074148,17.5982174,17.5072135,16.9611789,15.8351512,13.5663238,10.6145031,8.23147045
evaluation/after-dark_04/cbr_5ms_192k/master.wav,evaluation/after-dark_04/cbr_5ms_192k/rust.wav,4.72570077,0.99748081,0.999757276,0.998933588,0.999136213,0.998950974,0.998720661,0.999008351,0.999248408,0.999013104,0.99938996,0.999224891,0.999085212,0.998128235,0.997756981,0.996240908,0.996873597,0.996573561,0.995369824,0.996693447,0.996129893,0.995445904,0.996345776,0.997149585,0.998002598,0.997870019,0.997389321,0.997694693,0.998338412,0.999090209,0.999617786,0.999207503,0.996306085,0.989619422,0.999407581,0.99566853,0.998305135,0.997646806,0.997215429,0.997710604,0.997870787,0.997245955,0.998546156,0.997303983,0.99725336,0.993032291,0.992192166,0.985549132,0.99000042,0.992893219,0.991926768,0.993330707,0.992713677,0.982901321,0.991295571,0.992268465,0.995636106,0.996116037,0.992996786,0.995509364,0.996557232,0.998137401,0.999093251,0.998358925,0.989554173,0.00920958777,0,0.00594754362,0.00209795935,0.00321707931,0.00322123112,0.00373260754,0.00253266702,0.00210068673,0.00276732486,0.00389131503,0.00381425973,0.00909190248,0.00751897103,0.0197422699,0.0086427501,0.00700634819,0.00761791885,0.005013312,0.00807343102,0.016002567,0.0103027388,0.00774524257,0.00485276865,0.00249333847,0.0069370793,0.00740344169,0.00529778232,0.00321910023,0.00186414317,0.00183687678,0.0115121002,31.6320549,29.4897972,28.0353519,27.3379734,25.4793806,25.4142825,26.0059615,25.0737805,23.7191814,23.7501732,25.4599324,23.7174767,23.2704354,22.9545843,22.0180132,20.9767136,20.035545,19.1278507,18.984086,19.3361026,18.694805,18.1676649,18.0290388,17.6166228,17.4877065,17.4889518,17.3786411,16.8280241,15.7172588,13.8921579,8.83329299,6.12691562
evaluation/after-dark_04/cbr_5ms_192k/master.wav,evaluation/after-dark_04/cbr_5ms_192k/c.wav,4.72580608,0.997216258,0.999769845,0.998948284,0.999188082,0.998935765,0.998816896,0.99908309,0.999288708,0.999051578,0.999329958,0.999292925,0.999103131,0.998146961,0.997615436,0.996204407,0.99708453,0.996697751,0.995835835,0.996838969,0.996237186,0.995641052,0.996483894,0.997228712,0.997870718,0.997933965,0.997510556,0.997723894,0.99835216,0.999097583,0.999593464,0.999148927,0.996509439,0.989611242,0.999417812,0.995011718,0.998494809,0.99803087,0.997335019,0.998076781,0.998109146,0.997690528,0.998346575,0.997355513,0.997585485,0.991782399,0.991238141,0.986064312,0.991684285,0.993247059,0.992497857,0.994480872,0.99277436,0.984218926,0.991388064,0.992123842,0.994751363,0.99662437,0.993197628,0.995200102,0.99621207,0.998494217,0.998768337,0.997823341,0.991216124,0.00961953533,0,0.00622750965,0.00179650322,0.00327561015,0.00350525119,0.00367227936,0.00265879007,0.00197929706,0.00299704211,0.0035794677,0.00350293729,0.00985110644,0.00782503154,0.0198540711,0.00840893733,0.00737312317,0.00585207174,0.00444615925,0.00855339733,0.0153609464,0.0101648838,0.00784661509,0.00573191324,0.00318988821,0.00725216575,0.00740560898,0.00567186963,0.00309003596,0.00229683425,0.00294063614,0.0107912063,31.1875292,29.0281649,27.6089296,26.9419863,25.077212,25.0506306,25.646062,24.6843504,23.3236205,23.3888429,25.0837052,23.3455263,22.9030895,22.5778422,21.6323268,20.5611821,19.6287957,18.7059215,18.5600938,18.9035117,18.2519577,17.7172027,17.5807898,17.1626735,17.037684,17.0359357,16.9160338,16.369681,15.2639701,13.4364181,8.38070799,5.6840795
evaluation/after-dark_04/cbr_20ms_96k/master.wav,evaluation/after-dark_04/cbr_20ms_96k/rust.wav,4.6010415,0.990264198,0.999155767,0.996499515,0.996243099,0.996448112,0.994286017,0.994867992,0.996768986,0.995855469,0.995163798,0.995391394,0.99456705,0.99141852,0.990245684,0.99213863,0.989775168,0.991931497,0.987479812,0.991297661,0.992216789,0.990639415,0.990461983,0.993030143,0.994450888,0.993440848,0.992392887,0.990257026,0.986901075,0.974769765,0.940651528,0.929301517,0.805926205,0.967368563,0.998486328,0.98562407,0.986831818,0.993381024,0.984735576,0.984835106,0.991984416,0.990924571,0.98099435,0.981866864,0.981905882,0.977677619,0.9730777,0.977954047,0.950994791,0.984419787,0.979852005,0.979426952,0.980899363,0.970791028,0.974106307,0.985251389,0.984288302,0.985332098,0.982902975,0.968871948,0.959333814,0.927616318,0.851646148,0.855533998,0.576409269,0.0248009988,0.00185668238,0.011686795,0.00712893893,0.00694390172,0.0160886828,0.0132515907,0.00803587141,0.0077083011,0.0171164663,0.0140642857,0.0129556099,0.0182295887,0.0247674277,0.018919262,0.0414370493,0.0135410352,0.0230881303,0.0174144268,0.0176207247,0.0274438925,0.0289285565,0.0142138282,0.0113837092,0.0161019314,0.0207733496,0.0289151315,0.0309805311,0.0684523681,0.132103644,0.089553013,0.311221212,32.0101289,29.8722117,28.4219226,27.7101443,25.8468881,25.7843384,26.350031,25.439802,24.1032816,24.0799474,25.7911759,24.0634357,23.6678207,23.3485291,22.4408638,21.4114232,20.4418394,19.5452621,19.3787719,19.7707884,19.101744,18.5736662,18.4071234,18.0037418,17.8817628,17.8838127,17.7543187,17.22132,16.1071382,13.9282407,10.9275706,8.66682238
evaluation/after-dark_04/cbr_20ms_96k/master.wav,evaluation/after-dark_04/cbr_20ms_96k/c.wav,4.60093088,0.989682421,0.999158455,0.996526177,0.996239493,0.996419246,0.994257685,0.994879691,0.996555665,0.99581198,0.995161085,0.995325988,0.994620962,0.991449678,0.99015084,0.991995506,0.98984435,0.992126448,0.987529699,0.991323546,0.992195488,0.990612884,0.990461351,0.993022187,0.994453825,0.993356217,0.992328624,0.99028454,0.987046488,0.974972761,0.940847386,0.928808377,0.805386391,0.960453254,0.99848754,0.985639551,0.986791917,0.993217115,0.98460713,0.984827543,0.991820507,0.99089658,0.981011627,0.981749823,0.981908111,0.977680293,0.972509722,0.977325392,0.950963137,0.984271917,0.979838989,0.979646438,0.980976077,0.970820578,0.974082426,0.985297989,0.984296412,0.985285456,0.982916199,0.968876391,0.959320053,0.927610059,0.851646617,0.856775733,0.573864405,0.0287450508,0.0018467474,0.0116641376,0.00717988776,0.00680685586,0.0164649484,0.0131470444,0.00893912314,0.00763944562,0.0171179484,0.0142069816,0.0130307399,0.018192017,0.0247262787,0.018933656,0.0414588043,0.0135366684,0.0231924439,0.0174738031,0.0175337911,0.0274187569,0.0289585596,0.0141860528,0.0113363938,0.0160517158,0.0207484282,0.0288579477,0.0307905951,0.0682378889,0.131658855,0.0895367147,0.312410668,32.0100954,29.8716519,28.4209761,27.7094883,25.8461422,25.7871293,26.3536536,25.441137,24.1019836,24.0797671,25.7927391,24.0655922,23.6678732,23.3480477,22.4370953,21.408568,20.442079,19.5468598,19.3788753,19.7699586,19.102066,18.5735939,18.4070374,18.0022307,17.880882,17.8847066,17.7544498,17.2233197,16.1079358,13.9305585,10.9274178,8.66625589
evaluation/after-dark_04/cbr_20ms_128k/master.wav,evaluation/after-dark_04/cbr_20ms_128k/rust.wav,4.69192407,0.992551022,0.999584802,0.998100338,0.997970263,0.997738761,0.99677855,0.996666356,0.997482957,0.997348489,0.997626841,0.997331347,0.996994627,0.994402829,0.993747573,0.995368124,0.994503863,0.994259329,0.992346504,0.992798408,0.994983671,0.994749204,0.995112976,0.996092898,0.997471134,0.996757824,0.994722023,0.994154741,0.996913212,0.997091905,0.9935301,0.980511214,0.918653412,0.96491795,0.998656119,0.993084345,0.99450226,0.995570857,0.993293186,0.991194794,0.993249004,0.992944638,0.991527518,0.987856863,0.991467785,0.98627638,0.981958425,0.990306963,0.984491519,0.98601706,0.98246819,0.984678527,0.989941319,0.983636059,0.987538877,0.990985357,0.996343067,0.990117132,0.977672635,0.966977169,0.993212853,0.993103414,0.975635436,0.930880803,0.620300754,0.0233828731,0,0.0063972153,0.00384776806,0.00548268112,0.00730942785,0.0106761288,0.00786471615,0.00636104259,0.00775129015,0.0102898734,0.00883148857,0.0145719291,0.016081932,0.011612451,0.0144100623,0.0152076907,0.0107297899,0.0156109603,0.00989952185,0.0153183632,0.0123731315,0.00919893721,0.00514361469,0.00763426228,0.0172555692,0.0244448588,0.00919555372,0.00722274036,0.0170215268,0.0530522759,0.280287604,31.8388525,29.7063517,28.2311962,27.5381345,25.6862485,25.6276642,26.1761345,25.2764106,23.9385201,23.9417431,25.6401938,23.8917901,23.4670077,23.1502722,22.2340581,21.2053161,20.233685,19.3416148,19.1770227,19.5513462,18.8767124,18.3597956,18.2045228,17.7756607,17.6671581,17.6603437,17.5423495,16.9983954,15.8831223,14.0540668,9.29384958,6.72025346
evaluation/after-dark_04/cbr_20ms_128k/master.wav,evaluation/after-dark_04/cbr_20ms_128k/c.wav,4.69209932,0.99245953,0.999578777,0.998157871,0.997986928,0.997684895,0.996782142,0.996670503,0.997447734,0.997249695,0.997609247,0.997127678,0.996911633,0.994435333,0.993751499,0.995500045,0.994502217,0.994266744,0.99230153,0.992714503,0.994925902,0.994707955,0.995098585,0.996094906,0.99742375,0.996668399,0.994702979,0.994165243,0.996972847,0.997133593,0.993609579,0.980552033,0.919168874,0.965211591,0.998727788,0.993801056,0.994512999,0.995505508,0.993298186,0.991200663,0.993253592,0.992406984,0.991527242,0.987855566,0.990982003,0.986343715,0.981977722,0.990308595,0.984482077,0.986015684,0.982897974,0.984552229,0.989935384,0.98362445,0.987531614,0.991014235,0.996386824,0.989938839,0.97767532,0.966994836,0.993394414,0.993107995,0.975639153,0.931004989,0.620095715,0.0244336039,0,0.00605019808,0.00372433101,0.00561150177,0.00729680822,0.0106484822,0.00790720587,0.00661585615,0.00777678555,0.0107239378,0.00888661151,0.0143799086,0.0161128015,0.0113424711,0.0143796555,0.0151980934,0.0109886927,0.0158771371,0.009701742,0.0152697239,0.0123559758,0.00917227087,0.00524381225,0.00756459482,0.0172331661,0.0244289305,0.00906191813,0.00709403287,0.0169509133,0.0528683565,0.279466724,31.8382177,29.7055022,28.2299698,27.5377145,25.6855257,25.6263746,26.1780903,25.2781109,23.9397531,23.9392054,25.639082,23.8898295,23.4660956,23.1510904,22.2347522,21.2037439,20.2323746,19.3418418,19.1776087,19.5529831,18.8765755,18.3587248,18.205236,17.7724445,17.6644075,17.6598141,17.5419083,16.9982808,15.881927,14.0539738,9.29269325,6.71949626
evaluation/after-dark_04/cbr_20ms_192k/master.wav,evaluation/after-dark_04/cbr_20ms_192k/rust.wav,4.72771292,0.994418445,0.999758595,0.998804267,0.998767804,0.998818112,0.998240128,0.998200925,0.998881246,0.998360361,0.998450503,0.998800855,0.998925075,0.998030036,0.997936591,0.997125828,0.99754234,0.997640066,0.996760222,0.997576993,0.997957121,0.997973161,0.998068271,0.998706248,0.998898556,0.998659594,0.998084527,0.998752942,0.999067127,0.999431073,0.999696111,0.999584709,0.997683023,0.972295776,0.999499713,0.996525043,0.997055905,0.99629625,0.996669046,0.995666275,0.997028245,0.99588065,0.994060664,0.994386377,0.997617024,0.99116048,0.993078389,0.988496753,0.993808516,0.996337372,0.993930117,0.990820592,0.995204737,0.994630446,0.99615541,0.997740865,0.998281308,0.997712246,0.995704182,0.997287616,0.998082386,0.998808428,0.998530163,0.99921732,0.990734792,0.0214694874,0,0.00480430119,0.00364169548,0.00408973051,0.00523363198,0.00640827325,0.00425018406,0.00432490433,0.00624044171,0.00555774652,0.00391506746,0.0107010422,0.00664914047,0.0111370207,0.00755487671,0.00586225972,0.00476411881,0.00665510715,0.00484784072,0.00575449559,0.00647554589,0.00299207826,0.00265931898,0.00172688332,0.00661127014,0.00407794292,0.00364929491,0.00254960715,0.00208605264,0.000333341385,0.00842550104,31.3953234,29.2465858,27.8125549,27.1445726,25.266453,25.2629282,25.8102024,24.8765652,23.543596,23.5883664,25.2595536,23.5194037,23.0961158,22.7708199,21.8414814,20.7678864,19.8182477,18.8974729,18.7384635,19.1048915,18.4268323,17.883535,17.731183,17.3193071,17.18945,17.1955674,17.0738639,16.5196509,15.4001568,13.584613,8.52556863,5.87890268
evaluation/after-dark_04/cbr_20ms_192k/master.wav,evaluation/after-dark_04/cbr_20ms_192k/c.wav,4.7277042,0.994754798,0.999760811,0.998810684,0.998804193,0.998836493,0.998259155,0.998186789,0.998900451,0.998403812,0.998488667,0.998795812,0.998931902,0.998173759,0.997989137,0.997127134,0.997537094,0.997593362,0.99676977,0.997575076,0.997936414,0.997965854,0.998092578,0.99874681,0.998900172,0.998615148,0.998032658,0.998750858,0.999064846,0.999424262,0.999694453,0.999591443,0.997688507,0.976056792,0.999495948,0.996646083,0.997157149,0.996541352,0.996714948,0.995746115,0.99721453,0.995956373,0.994432363,0.994380177,0.997672033,0.992149344,0.993343089,0.988758334,0.993252461,0.99632582,0.99392832,0.990840121,0.995326519,0.994587004,0.996128192,0.998124045,0.99833051,0.997452323,0.995398124,0.997270106,0.998121142,0.998799588,0.998491701,0.999251016,0.990791216,0.0204270074,0,0.00490243757,0.00372217499,0.0039689366,0.00520612608,0.00643586781,0.00421867556,0.00414208387,0.00613312732,0.00568217927,0.00395113818,0.00916815924,0.00632383957,0.0112691285,0.00779514543,0.00585412106,0.00473131029,0.00666127198,0.00486107592,0.00584771553,0.00636817554,0.00275121413,0.00244439941,0.00147490126,0.00669718611,0.00396032451,0.003600224,0.002636312,0.00213857066,0.000368760468,0.00843834568,31.3946344,29.2456872,27.8123626,27.1459739,25.2678953,25.2650007,25.812768,24.8774317,23.5418798,23.5870813,25.2596106,23.517899,23.0948297,22.7706405,21.8425789,20.7680363,19.8168405,18.8969269,18.7388117,19.1056809,18.4272943,17.8842441,17.7317672,17.3185597,17.1876393,17.1956343,17.0720186,16.5182494,15.3996829,13.5836677,8.52459916,5.87844638
evaluation/after-dark_04/vbr_5ms_96k/master.wav,evaluation/after-dark_04/vbr_5ms_96k/rust.wav,4.58095676,0.990014677,0.999166959,0.996898362,0.996568581,0.996143377,0.994276284,0.99551643,0.997275856,0.996975293,0.996725669,0.996015155,0.996277058,0.992421431,0.988317068,0.987014877,0.985035004,0.986560583,0.979170646,0.976813941,0.986297062,0.988067958,0.98502381,0.985606973,0.988875099,0.985600523,0.973657868,0.967499189,0.97295072,0.97297471,0.946484307,0.936247692,0.823660125,0.936968245,0.998048854,0.988853852,0.987950298,0.98912646,0.988956374,0.983725606,0.993766301,0.99208511,0.98887959,0.985305968,0.989429065,0.979719824,0.97747614,0.955590564,0.967425497,0.970781874,0.962222128,0.913366978,0.962796772,0.971242629,0.966527584,0.972567539,0.979415944,0.972521237,0.933714691,0.906782704,0.931644649,0.93470248,0.905149491,0.887891356,0.615864631,0.0370134573,0,0.00955341626,0.00512570572,0.00833751463,0.0127190911,0.0147610963,0.00562087848,0.003712037,0.00962272742,0.0118596947,0.00813624794,0.0208207683,0.0368226161,0.0271458246,0.0308779784,0.0219948751,0.0308913756,0.0527562877,0.024770381,0.0219100251,0.0315825789,0.0251936834,0.0170638508,0.0261890595,0.0652171629,0.100654055,0.0852744387,0.0582153402,0.0622012846,0.0692219519,0.273150674,31.7937326,29.6384804,28.2067539,27.5070233,25.6414937,25.5765618,26.1445454,25.2292358,23.88106,23.8701863,25.5658258,23.8632638,23.4520875,23.1091296,22.2546668,21.1845413,20.2423636,19.3628325,19.2282083,19.5251861,18.8983338,18.3452172,18.2272049,17.8081253,17.7115084,17.6875485,17.5826834,16.9964092,15.8825696,13.5979973,10.5210761,8.34725373
evaluation/after-dark_04/vbr_5ms_96k/master.wav,evaluation/after-dark_04/vbr_5ms_96k/c.wav,4.58536852,0.985909251,0.999261972,0.997408979,0.996793797,0.996404377,0.994834808,0.996144277,0.996787719,0.99636523,0.996381223,0.995497237,0.99523102,0.992530151,0.990318053,0.987626236,0.985863969,0.985411748,0.976439183,0.977195969,0.985489326,0.986141902,0.985235279,0.985777098,0.988204635,0.98381898,0.974081844,0.969738237,0.975566853,0.975059051,0.946361263,0.937740909,0.828148231,0.922835624,0.998459961,0.99150144,0.988738888,0.993877123,0.988718796,0.989530481,0.989526817,0.98977559,0.989335698,0.9858249,0.986769293,0.984924388,0.974547007,0.968205753,0.973224595,0.974003248,0.964269772,0.930042888,0.965067239,0.965421709,0.971160944,0.974131315,0.970516665,0.946534774,0.924982232,0.897443831,0.926491394,0.940433183,0.909724978,0.880058248,0.639796168,0.0570340353,0.00135119292,0.0065518032,0.00683241167,0.00730527852,0.012985286,0.0114484038,0.00702471008,0.0047318435,0.0112496789,0.013329604,0.0106542071,0.0152943715,0.0228634909,0.0231959854,0.0258323192,0.0226790121,0.0384729519,0.0544929561,0.0264412462,0.0252579098,0.0322255645,0.0257701752,0.0187572052,0.0415071539,0.0716857472,0.0975721421,0.0821459314,0.0545248695,0.0595399218,0.063450427,0.256038332,31.7955547,29.6294435,28.1906013,27.4896087,25.644034,25.5740908,26.1543294,25.2279313,23.8758194,23.8865705,25.5909249,23.8794854,23.4543396,23.129052,22.2777029,21.1986859,20.2405717,19.3319876,19.2281141,19.5519736,18.9174588,18.3574689,18.2220948,17.8093497,17.7037271,17.7046383,17.5882087,17.0258943,15.8962621,13.6014358,10.5485777,8.37663445
evaluation/after-dark_04/vbr_5ms_128k/master.wav,evaluation/after-dark_04/vbr_5ms_128k/rust.wav,4.62638088,0.994249043,0.999556422,0.9985704,0.998232193,0.99784613,0.996567686,0.996990032,0.998183533,0.998186666,0.998155597,0.99778228,0.99797808,0.99632197,0.993431687,0.992686931,0.993003378,0.989542286,0.98566265,0.988081858,0.991688274,0.992709858,0.992964884,0.993832453,0.994766754,0.994944252,0.991762591,0.992692834,0.993974118,0.988366174,0.957142965,0.932060959,0.821583831,0.963934601,0.999004466,0.995746939,0.995464191,0.996403631,0.994136644,0.990384886,0.995611404,0.996249438,0.994412679,0.992764188,0.994777785,0.988247202,0.98273969,0.980693178,0.990774621,0.984166298,0.975695762,0.961506808,0.981989088,0.982363583,0.983590039,0.982721144,0.98531061,0.992105039,0.980628295,0.984354191,0.98877749,0.980066877,0.940410244,0.885741718,0.570784028,0.0197017824,0,0.00435490485,0.00246932853,0.00439984315,0.00830749356,0.0102636209,0.004702612,0.00395832446,0.00612964822,0.008157193,0.00599201151,0.00928188853,0.0167798123,0.0171535337,0.00924410999,0.0178637535,0.019840445,0.0302609583,0.0251667266,0.0155958824,0.0160458629,0.0146621633,0.0105520069,0.00880770675,0.0249406475,0.0228210826,0.0131371854,0.0141468929,0.0379607128,0.0708487516,0.308595225,31.7934267,29.6641859,28.1838585,27.4875598,25.6462965,25.5669031,26.1319394,25.2162186,23.8818495,23.872666,25.5631671,23.873066,23.4679277,23.119644,22.2421067,21.1851434,20.2380441,19.3089209,19.189256,19.5718897,18.9090029,18.38837,18.2207023,17.7985756,17.7067194,17.6949806,17.5808481,17.038439,15.9235862,13.6812629,10.6431561,8.25841241
evaluation/after-dark_04/vbr_5ms_128k/master.wav,evaluation/after-dark_04/vbr_5ms_128k/c.wav,4.62850702,0.993529723,0.999568463,0.99847569,0.997925369,0.99749813,0.996503997,0.99719161,0.998161127,0.998293515,0.997952291,0.997745604,0.997735399,0.994800697,0.99331594,0.992357008,0.992260439,0.989426535,0.986313297,0.988569794,0.991182131,0.992927193,0.992214625,0.993507329,0.995536278,0.995203734,0.993135321,0.993950864,0.994135788,0.989137388,0.958641842,0.932786046,0.819943013,0.960119438,0.998653493,0.995049877,0.99137558,0.995622453,0.992956258,0.99148683,0.994698853,0.996138561,0.993278724,0.993146212,0.994268885,0.977063011,0.983758241,0.978146491,0.985115624,0.979893183,0.975003323,0.960550225,0.980344731,0.979656938,0.985832732,0.983509686,0.988877173,0.991451157,0.985804604,0.987908771,0.989958218,0.980359457,0.940902367,0.881468702,0.574116114,0.0212705593,0,0.0051803294,0.0025053565,0.00477188122,0.00805250999,0.0095852467,0.00712832418,0.00378263983,0.00715303157,0.00779017711,0.00710061431,0.0308374018,0.017380184,0.0191383355,0.0142486555,0.0178704635,0.0205427702,0.0296286085,0.0251874342,0.0150576056,0.0155087145,0.0144225678,0.00838500117,0.0109440538,0.0208875896,0.0126289306,0.0113381388,0.0137240775,0.038553206,0.0709546454,0.304646412,31.7952114,29.6640103,28.18943,27.4863484,25.6567768,25.5709253,26.1350952,25.2206926,23.8758415,23.8682298,25.555487,23.880808,23.45963,23.1211985,22.2390914,21.1928864,20.2496234,19.3206196,19.1793354,19.5657786,18.907562,18.3780187,18.2143256,17.8032731,17.7026164,17.6901258,17.5989979,17.0500827,15.919682,13.707535,10.6365983,8.26086519
evaluation/after-dark_04/vbr_5ms_192k/master.wav,evaluation/after-dark_04/vbr_5ms_192k/rust.wav,4.7254654,0.996269528,0.999752364,0.999095563,0.999090504,0.998986634,0.998709143,0.998991788,0.999335553,0.999053103,0.999186853,0.999195476,0.999137756,0.99823375,0.997742089,0.99666644,0.996473852,0.996704304,0.995473867,0.996642972,0.996564206,0.996188749,0.996775324,0.99732058,0.997953593,0.998030188,0.996882546,0.997398035,0.998520901,0.999070659,0.999537334,0.999270173,0.996360159,0.978215583,0.999138726,0.995578561,0.997401817,0.997699285,0.997805795,0.996938034,0.998258266,0.996880535,0.997453671,0.997799651,0.997874828,0.994289685,0.994356303,0.992891791,0.993133104,0.994472038,0.991125626,0.99112318,0.99397387,0.9872191,0.992876027,0.993964006,0.995832528,0.996374259,0.990847211,0.994265276,0.995928158,0.998060592,0.998508549,0.998763398,0.993202463,0.0211103229,0.000493286445,0.00414075025,0,0.00255081852,0.00363200573,0.00413375489,0.00218763844,0.00233684905,0.00370142837,0.00386507,0.00334123795,0.00792834332,0.00702215102,0.0104358778,0.0090750362,0.00657450012,0.00530407074,0.00634799298,0.00677419676,0.0122598922,0.00909109452,0.00744806452,0.00476275383,0.00359819205,0.0100969433,0.00818399384,0.0049921047,0.00315850667,0.00245723744,0.00218342332,0.00824474145,31.6527486,29.523521,28.0743476,27.4229257,25.5369812,25.4832127,26.0790055,25.1403238,23.7981833,23.7970724,25.5135526,23.7806619,23.3527169,23.0090888,22.1321439,21.0837124,20.1150423,19.2128291,19.0588974,19.4433933,18.7351677,18.171387,18.0012513,17.5812529,17.4454887,17.4417493,17.3225934,16.7830442,15.663219,13.8408545,8.82535945,6.16156691
evaluation/after-dark_04/vbr_5ms_192k/master.wav,evaluation/after-dark_04/vbr_5ms_192k/c.wav,4.72577105,0.996298295,0.999769051,0.999085182,0.999181107,0.998927982,0.998849044,0.999030392,0.999321199,0.999277962,0.999369339,0.999382879,0.999173509,0.998145214,0.998094538,0.9972142,0.997086726,0.99684057,0.995446607,0.997036405,0.996471628,0.996256926,0.996952536,0.996748273,0.99790205,0.997973479,0.997703211,0.997666126,0.998264205,0.999047008,0.9996294,0.999294734,0.996178578,0.981578853,0.999382337,0.995625203,0.997850043,0.997010929,0.997570615,0.99762973,0.998308446,0.998228021,0.998546559,0.998306834,0.99821457,0.991931409,0.996072955,0.993043549,0.994127436,0.993805837,0.99285487,0.995285073,0.992943981,0.98841818,0.993956441,0.993905268,0.995896716,0.99683734,0.995359455,0.99427373,0.994944712,0.997738819,0.998997793,0.998534157,0.985566716,0.0129882403,0.000253523449,0.00434677645,0.0012875113,0.00354689055,0.00410328364,0.00397848221,0.00194797963,0.00160709271,0.00312876305,0.00317863058,0.00271684322,0.0102249479,0.00512132992,0.00908988452,0.00714052887,0.00665907441,0.00630382449,0.00445695684,0.00494091056,0.0132018698,0.00802574386,0.00861495664,0.00401503482,0.00290315959,0.00529859179,0.00720352964,0.00614012007,0.00358474797,0.00184075108,0.00150285278,0.0125563378,31.849224,29.7147199,28.2547323,27.5616175,25.6873115,25.6259683,26.1824806,25.2786231,23.9355254,23.9430848,25.6368203,23.899303,23.4703685,23.1519066,22.2198749,21.1887411,20.2339196,19.3297214,19.1741931,19.5511849,18.8862164,18.3471027,18.1884557,17.7862199,17.6550188,17.6663795,17.5492194,17.0069988,15.8957418,14.0686514,9.00871483,6.34573337
evaluation/after-dark_04/vbr_20ms_96k/master.wav,evaluation/after-dark_04/vbr_20ms_96k/rust.wav,4.6054674,0.985826814,0.99911617,0.997089266,0.99665788,0.996233429,0.993782631,0.994276584,0.995719188,0.995425753,0.995585895,0.995697254,0.994528546,0.991280022,0.987420029,0.988304912,0.989268305,0.991235444,0.986297042,0.988253206,0.991784455,0.98965277,0.989368759,0.992306018,0.994250929,0.993332377,0.989345855,0.989039599,0.986852449,0.976539771,0.947135464,0.933906292,0.811491136,0.947491422,0.998046229,0.991849115,0.985930226,0.992831803,0.984508971,0.979220361,0.982044357,0.990022229,0.980805232,0.987589148,0.982988058,0.969641158,0.965970148,0.963631404,0.966712058,0.983534241,0.974889109,0.97371667,0.982751984,0.96979172,0.971167473,0.984170142,0.984115875,0.98242304,0.961452944,0.965138352,0.964864312,0.933914985,0.858118045,0.853589326,0.57058134,0.0488428454,0.00188347031,0.00806588244,0.00538906633,0.00728948851,0.0230779076,0.0155465933,0.0163250442,0.0102491519,0.0135825371,0.0122888238,0.0144327958,0.0243708531,0.0355772723,0.0344475087,0.0259827915,0.0141300778,0.0194367908,0.0199548623,0.0146902911,0.0230876405,0.0250385507,0.0145932628,0.0115990875,0.0154548258,0.0396722062,0.0289688011,0.0282013426,0.0644951393,0.133415111,0.0921242967,0.31963998,31.7989007,29.6577353,28.1912654,27.4785047,25.6571969,25.5881649,26.1279134,25.2076873,23.9128711,23.9096183,25.5744586,23.8748636,23.4853022,23.1582761,22.2523155,21.1931824,20.2424415,19.3491066,19.1835888,19.5539291,18.9102734,18.3597408,18.2148055,17.8017735,17.6770692,17.6807681,17.5751135,17.0442686,15.9349519,13.8279879,10.5470146,8.17020134
evaluation/after-dark_04/vbr_20ms_96k/master.wav,evaluation/after-dark_04/vbr_20ms_96k/c.wav,4.60583878,0.985097629,0.999166088,0.997201832,0.99667255,0.995538408,0.992817408,0.994222756,0.995452332,0.995443765,0.995231433,0.99532512,0.994712247,0.992375995,0.988759463,0.989773356,0.988251936,0.989296786,0.985697511,0.989351468,0.992257067,0.990994763,0.990634977,0.99169282,0.993881467,0.993671901,0.991843317,0.988617755,0.987264819,0.97630394,0.946042509,0.933017928,0.812733723,0.908195068,0.998105085,0.992330242,0.988177665,0.990384127,0.983004021,0.978495138,0.988870213,0.989086708,0.983619211,0.981970758,0.982293458,0.975886249,0.972446756,0.976366867,0.958829035,0.972963871,0.976313722,0.974870027,0.985247561,0.972607982,0.979094267,0.983948499,0.989042252,0.987355474,0.981477309,0.963838878,0.964402164,0.932057238,0.852490334,0.858161324,0.580256815,0.0676788575,0.00136622082,0.00803262422,0.00490978619,0.0111588677,0.0253798347,0.0146037373,0.0114677508,0.00873056567,0.0162824282,0.0146369072,0.0153768479,0.0186204081,0.029087898,0.0244415062,0.0271169786,0.0223369072,0.0200045028,0.0166879433,0.0137435012,0.0224627874,0.0219033546,0.0164612388,0.0117094524,0.0135513846,0.0216897079,0.0346683009,0.0290706599,0.0658688313,0.132450918,0.0915655888,0.322004246,31.7972003,29.6637065,28.1992144,27.4820171,25.6595919,25.5861635,26.1335765,25.2193033,23.917426,23.9136384,25.582237,23.8780957,23.4841756,23.1643632,22.2492674,21.2018266,20.2503912,19.3387838,19.1796128,19.547239,18.9095648,18.3743871,18.2234745,17.8110292,17.6935623,17.6940268,17.5939016,17.0529835,15.9340268,13.8193139,10.5736368,8.20793378
evaluation/after-dark_04/vbr_20ms_128k/master.wav,evaluation/after-dark_04/vbr_20ms_128k/rust.wav,4.65046366,0.991459466,0.999579248,0.998374776,0.997509495,0.99732968,0.996834327,0.996825805,0.997331724,0.996880568,0.997776129,0.997652192,0.997714444,0.995686552,0.994397298,0.99434727,0.995118678,0.994387469,0.992969744,0.994071254,0.995324989,0.994964839,0.994461944,0.995319269,0.996806324,0.996166906,0.994901091,0.994487485,0.99661472,0.993285235,0.973388817,0.950967452,0.835760508,0.949836233,0.998606747,0.994884394,0.99158567,0.993310442,0.992220372,0.990953472,0.992203358,0.99336071,0.99387306,0.991996383,0.993683872,0.989849348,0.986188503,0.98754493,0.989730106,0.987050782,0.986007692,0.986826466,0.989822158,0.978657929,0.988195345,0.991145192,0.993540711,0.986010659,0.983937776,0.976078741,0.994293099,0.985445484,0.951714128,0.901402917,0.569778506,0.024618408,0,0.00512964965,0.0036858506,0.00727769578,0.00831138306,0.0110875485,0.0087684821,0.00755378321,0.00694369059,0.00882748986,0.00663758649,0.0110319924,0.0141567352,0.0155154616,0.0109466867,0.0150220681,0.0116503795,0.0110163581,0.00989306075,0.0193284944,0.0142354938,0.0101452389,0.00736628016,0.00943146272,0.0149032679,0.0188312249,0.00875302662,0.0115818057,0.0326664465,0.0642732089,0.318880931,31.6187509,29.4895532,28.0143882,27.3206047,25.468819,25.4086293,25.9602269,25.0465756,23.7198049,23.756345,25.4001809,23.69834,23.2871791,22.9530417,22.0337834,20.9889861,20.0326014,19.1260599,18.958535,19.3456788,18.6732327,18.1583234,17.9985266,17.5640141,17.4571029,17.4527781,17.3460439,16.8067801,15.7006521,13.6701213,9.89513102,7.43220455
evaluation/after-dark_04/vbr_20ms_128k/master.wav,evaluation/after-dark_04/vbr_20ms_128k/c.wav,4.66301196,0.991042808,0.999562112,0.998290237,0.997932286,0.99751923,0.996128529,0.996187428,0.997426417,0.996856196,0.997242014,0.997484154,0.997362372,0.994649703,0.993992147,0.993987414,0.994888514,0.994525187,0.992192638,0.993607149,0.995414365,0.994769316,0.994770574,0.995595565,0.997022242,0.996310778,0.994790933,0.994238306,0.996570656,0.994972932,0.982346291,0.957599313,0.859162664,0.941320721,0.998737884,0.994774031,0.99374341,0.994509309,0.989905045,0.986671398,0.991040384,0.991413251,0.990340144,0.989398037,0.992300651,0.985748557,0.983387642,0.982582932,0.992064571,0.988266448,0.980251911,0.986325665,0.990879676,0.981971044,0.990016141,0.990795308,0.994266618,0.988656403,0.982351091,0.975733258,0.988950803,0.989895407,0.966922779,0.887416163,0.628884259,0.0341043974,0,0.00529712875,0.00348596379,0.00629952451,0.00953319341,0.0122205779,0.00818152509,0.00725213341,0.00924202695,0.00893325166,0.00780396031,0.0148733854,0.0152161941,0.0194917422,0.0100731042,0.0117450187,0.013183799,0.0119543398,0.00998349664,0.0172917626,0.0134983175,0.0110086112,0.00785980937,0.00971077387,0.0172641386,0.0208648485,0.00996051391,0.0100021711,0.0273102606,0.0698064116,0.300320424,31.580764,29.4414258,27.9811703,27.2961214,25.4496661,25.3373437,25.9664028,25.0253254,23.6877035,23.703416,25.4030928,23.712351,23.2887986,22.9357813,22.0350837,20.9754951,20.0286636,19.1247269,18.9952862,19.3488453,18.6730303,18.1588032,18.0074452,17.5686308,17.4360914,17.4064478,17.2837822,16.7292899,15.6196069,13.6587658,9.55510478,6.96961597
evaluation/after-dark_04/vbr_20ms_192k/master.wav,evaluation/after-dark_04/vbr_20ms_192k/rust.wav,4.72711076,0.994445868,0.999696647,0.998955001,0.998779563,0.998390127,0.998135053,0.997885528,0.998752093,0.998542297,0.998629392,0.998581921,0.998623345,0.997726523,0.996759491,0.996783865,0.997398077,0.997527062,0.996523713,0.99686945,0.997779626,0.998019002,0.997837107,0.998421476,0.998616299,0.998074913,0.997587785,0.998491574,0.998974226,0.999317614,0.999733079,0.999549238,0.998084259,0.972082253,0.999363787,0.996984914,0.995696252,0.995593635,0.996680292,0.99470542,0.995698544,0.996510295,0.99514806,0.994820579,0.993240822,0.993882744,0.991838363,0.992223721,0.995513153,0.996120626,0.992956534,0.994166668,0.996636422,0.996298651,0.996152978,0.99731264,0.997299258,0.995083604,0.994273587,0.996323145,0.997443935,0.998460597,0.999270448,0.999349061,0.996082595,0.0191101376,0,0.00414170875,0.00157119172,0.00556001169,0.00440906451,0.00760832539,0.00467190362,0.00363821041,0.00552178933,0.00605966745,0.00614453566,0.0077227618,0.0103600665,0.0108301645,0.00688506253,0.00539480777,0.00540681783,0.00684355292,0.00454094034,0.00531489709,0.00671798633,0.00400786116,0.00344808356,0.00500596228,0.00722954014,0.00495416953,0.00398516743,0.00299953382,0.00156546464,0.00163428361,0.0068594619,31.3566929,29.205521,27.7572387,27.0393479,25.1877296,25.1367719,25.7105499,24.7774987,23.4503187,23.4668548,25.1726831,23.4286782,22.9994294,22.6811073,21.7431639,20.6840352,19.7558548,18.8456028,18.6983122,19.061589,18.3885111,17.850038,17.7086295,17.2907761,17.1630686,17.1610118,17.0372866,16.4868758,15.3571175,13.5484019,8.48344417,5.85422666
evaluation/after-dark_04/vbr_20ms_192k/master.wav,evaluation/after-dark_04/vbr_20ms_192k/c.wav,4.72736675,0.996543594,0.999730411,0.998930572,0.998771255,0.998297739,0.997956788,0.997498874,0.998701145,0.99859259,0.998561546,0.998777196,0.99886683,0.99774499,0.997253441,0.996679778,0.997207377,0.99780609,0.996939906,0.997502579,0.997987339,0.997790011,0.997980017,0.998323852,0.998606388,0.998243511,0.997719274,0.99875028,0.998940937,0.999292119,0.99970679,0.999551075,0.997827977,0.981897124,0.999426127,0.99659831,0.995978489,0.993021642,0.995790927,0.993815884,0.996855883,0.996444137,0.995347255,0.99645182,0.997140498,0.99487653,0.993812456,0.992175261,0.993828643,0.996728068,0.994847568,0.994804546,0.995402045,0.993354455,0.996240842,0.996186027,0.996717401,0.996434526,0.994334861,0.997199554,0.997963943,0.998123903,0.998705679,0.999173374,0.992907793,0.00683510083,0.000745432424,0.0042858556,0.00232283824,0.00778669818,0.00612171085,0.00919794963,0.00457129114,0.00429283468,0.00670057363,0.00506768106,0.0039404593,0.00683069927,0.00820002028,0.0112717415,0.00902049353,0.00429538398,0.00426281001,0.00500961714,0.00485434008,0.00683891807,0.00559519359,0.00544201304,0.00404725566,0.00308024154,0.00735951799,0.00400116553,0.00429665404,0.00339067886,0.0019215351,0.0010961159,0.00599161378,31.0861416,28.9566545,27.4960351,26.8273204,24.979059,24.9453935,25.5197658,24.5665014,23.2380544,23.2944579,24.9785392,23.2542042,22.8267421,22.4881084,21.5540197,20.4784493,19.5334418,18.6243916,18.4786612,18.8634567,18.1747514,17.6437234,17.5129247,17.0910203,16.9701392,16.969046,16.8658376,16.3195657,15.1999513,13.3924114,8.33143277,5.6406833
evaluation/after-dark_05/cbr_5ms_96k/master.wav,evaluation/after-dark_05/cbr_5ms_96k/rust.wav,4.54951257,0.988572737,0.998610598,0.995880444,0.995951813,0.994425126,0.992508742,0.996523541,0.996798033,0.996532105,0.996463625,0.995339851,0.994731896,0.994028788,0.992078968,0.987940455,0.985082395,0.989205955,0.98375881,0.973338642,0.97836277,0.985552527,0.986502977,0.985429198,0.980421649,0.981903239,0.973855192,0.960196493,0.969269709,0.973280258,0.931764923,0.909807944,0.788000267,0.944112068,0.995860903,0.97869876,0.99189269,0.987773338,0.984018561,0.992365354,0.992036733,0.992983906,0.985229184,0.984537375,0.980372746,0.987998005,0.975288365,0.977839292,0.960570408,0.981393023,0.966611454,0.950459978,0.949134001,0.969252296,0.967533121,0.96629721,0.947277088,0.969139067,0.957655298,0.886271885,0.913814727,0.926203349,0.872012716,0.850515715,0.563898737,0.0529758188,0.0036779269,0.0172201259,0.007208368,0.00898078315,0.0173209983,0.00382065108,0.0107702325,0.00766176341,0.00991881009,0.012597915,0.013072091,0.0114475221,0.0145394148,0.0265348044,0.0335902048,0.0190407518,0.0313722446,0.0442500632,0.03322755,0.0229815033,0.0332753842,0.0279158785,0.0411455162,0.0330509649,0.0505720622,0.0995288427,0.0657257071,0.0534390426,0.0789747567,0.102778503,0.31393663,31.275967,29.6179561,27.7232453,26.7809646,25.2044588,24.7658971,25.3279652,24.8085194,23.3396336,23.8405635,25.6661457,23.7394211,23.861084,23.5249494,22.7369328,21.622201,21.1104166,19.6129527,19.1844141,19.5306229,18.75677,18.2465682,17.5538764,17.3295448,17.4381928,17.7397826,17.3061903,16.7577549,15.7263021,13.1643847,10.3475962,7.97899587
evaluation/after-dark_05/cbr_5ms_96k/master.wav,evaluation/after-dark_05/cbr_5ms_96k/c.wav,4.55277139,0.990332078,0.998467552,0.996190906,0.995997689,0.994135389,0.993229034,0.996320025,0.996481764,0.996401743,0.996137515,0.995696364,0.995197305,0.994360329,0.992156904,0.988012392,0.985238078,0.989410604,0.984660101,0.976125188,0.98063295,0.984359268,0.986673585,0.985323897,0.9816144,0.982692346,0.975084925,0.961406127,0.969319882,0.973288236,0.930761509,0.91044691,0.795795137,0.949807914,0.996117992,0.982295654,0.991363867,0.983545394,0.986419137,0.992248074,0.991299328,0.99288823,0.984205663,0.984823843,0.980474412,0.990054492,0.976297398,0.978131548,0.960722012,0.981273301,0.966527635,0.950748159,0.962877847,0.959441226,0.967202804,0.966246413,0.948433355,0.969427036,0.961572588,0.911319305,0.910259901,0.92853474,0.873125527,0.853353346,0.561238107,0.0317397401,0.00369192055,0.0122760724,0.00650370945,0.00936994674,0.0153368096,0.00420767288,0.0109909706,0.00713541859,0.0105481732,0.0127661464,0.0125637441,0.0108183887,0.0149176022,0.0267013652,0.0344571012,0.0196680956,0.0303437807,0.0370813862,0.0233398886,0.0334408233,0.0331878381,0.027982896,0.0425626881,0.0291388385,0.0472975161,0.0963971413,0.0673578285,0.0537496223,0.0801111085,0.101462154,0.300823847,31.2718473,29.6187185,27.7227032,26.7697205,25.2019791,24.7611203,25.3281866,24.8001912,23.3271136,23.8446181,25.6629931,23.7380162,23.8509769,23.5225888,22.7278921,21.6136626,21.1054142,19.6013202,19.1626321,19.5171891,18.7520778,18.2396701,17.5521085,17.3340357,17.4283259,17.7390929,17.3015356,16.7546669,15.7171369,13.1519484,10.3386396,7.97902268
evaluation/after-dark_05/cbr_5ms_128k/master.wav,evaluation/after-dark_05/cbr_5ms_128k/rust.wav,4.59986245,0.992526394,0.999089381,0.99815536,0.997835459,0.996876165,0.996188941,0.998120935,0.998367506,0.998230105,0.997928401,0.998055278,0.997834191,0.996507348,0.994963847,0.992546537,0.991422507,0.993408239,0.990647579,0.985970027,0.991537761,0.993018623,0.992562797,0.993738556,0.99330767,0.993378603,0.991259903,0.985810976,0.992132848,0.989535787,0.946583821,0.900711743,0.79492086,0.958633128,0.997291416,0.993651762,0.996587109,0.991588416,0.986383263,0.995773442,0.995307012,0.995449005,0.989937589,0.989245536,0.991275147,0.991243664,0.990757511,0.983312642,0.980428653,0.986974194,0.974085766,0.962342348,0.987184339,0.987226183,0.985689782,0.988187745,0.985873801,0.985046615,0.978693653,0.955659334,0.982663896,0.981785524,0.898012212,0.735836454,0.642914633,0.0357079313,0.00291120851,0.00314378997,0.00346272057,0.00511021421,0.00893944651,0.00086625966,0.0055795959,0.00522771967,0.00787384091,0.00670079154,0.00570902717,0.00810163757,0.00715073134,0.0133425596,0.0174646033,0.0107776867,0.0280254565,0.0353614776,0.0109884776,0.00879823759,0.0127597165,0.0132314649,0.0144627295,0.0114140249,0.0210654177,0.0587065121,0.0130466624,0.0129597557,0.0592585158,0.119990755,0.296241589,31.3030717,29.6496124,27.7700413,26.75921,25.2221343,24.7751376,25.3493356,24.8348439,23.3386026,23.8404928,25.6753236,23.8185848,23.8870697,23.5756216,22.7591445,21.673948,21.1623116,19.5916955,19.1354366,19.5087825,18.7363516,18.2703403,17.5838988,17.3678187,17.4407484,17.7006864,17.2855963,16.8253385,15.7920823,13.3413004,10.5350801,7.81188379
evaluation/after-dark_05/cbr_5ms_128k/master.wav,evaluation/after-dark_05/cbr_5ms_128k/c.wav,4.59915669,0.994170692,0.999090024,0.998192589,0.997707,0.996911919,0.996457259,0.998027796,0.998416097,0.998265179,0.998034598,0.997877604,0.997899524,0.996416882,0.995007975,0.992578668,0.990041045,0.993294391,0.991659209,0.987436156,0.991427768,0.992800374,0.992469341,0.99395695,0.993198327,0.993032744,0.990592338,0.985007428,0.992058981,0.98945809,0.94603729,0.901405377,0.794771037,0.958641157,0.997814255,0.993710823,0.995026776,0.991976097,0.992136255,0.995941791,0.996352738,0.995627658,0.990363103,0.986510475,0.990752914,0.991156832,0.989273244,0.986418327,0.970440568,0.989899689,0.978633693,0.974467405,0.986214758,0.985634583,0.984779248,0.988447853,0.988339292,0.984556211,0.977531942,0.948528401,0.982624861,0.980874895,0.895132773,0.743615733,0.642714161,0.02334494,0.0022618312,0.00298775756,0.00370147459,0.00441546304,0.00613823193,0,0.00527557477,0.00475612259,0.0076003911,0.00819270593,0.00587228913,0.00907307511,0.00744367503,0.0117394456,0.0261183638,0.0109000001,0.0216685067,0.027529169,0.0117114175,0.00986564102,0.0139807919,0.013209117,0.0138598925,0.011747405,0.0216202767,0.0685714732,0.0135174008,0.0132591031,0.0602244677,0.11874044,0.300126994,31.3074699,29.6529729,27.7732611,26.7628156,25.2236275,24.7771283,25.3428354,24.8221331,23.3312043,23.8442152,25.6763229,23.816193,23.8939673,23.5793749,22.7566194,21.6752992,21.1602439,19.5902108,19.1301033,19.5137843,18.7430688,18.2664136,17.5792075,17.3653647,17.4447905,17.7037314,17.2761313,16.8221418,15.7916789,13.3351857,10.5388981,7.81519528
evaluation/after-dark_05/cbr_5ms_192k/master.wav,evaluation/after-dark_05/cbr_5ms_192k/rust.wav,4.72396348,0.996162186,0.99957957,0.999229382,0.99893498,0.99851781,0.998455013,0.999152285,0.999245802,0.999056342,0.999179714,0.999077334,0.998889439,0.998639359,0.998433512,0.997691922,0.997034092,0.997975208,0.997353069,0.995135925,0.995456791,0.997073628,0.997670277,0.99745585,0.996701118,0.996918189,0.995777909,0.996415906,0.998382471,0.999064707,0.99960433,0.998861644,0.995940553,0.971878283,0.998828428,0.99800683,0.996760287,0.99540158,0.996032629,0.99730952,0.997983858,0.998110919,0.997832842,0.996971671,0.994803067,0.99744016,0.997427293,0.99493399,0.991731235,0.996822468,0.995170506,0.990981612,0.992103985,0.995203531,0.995086033,0.995648086,0.993077158,0.993170592,0.984526121,0.990346125,0.996587263,0.998002084,0.999370587,0.99702492,0.990580647,0.0173040099,0.000714966906,0.000925119027,0,0,0.00174572487,0,0.00300490274,0.00220111001,0.00301072194,0.000186727027,0.004047292,0.00459384501,0.00287072137,0.00241128431,0.00663781265,0.00435903197,0.00409138504,0.00642955646,0.00730581745,0.00440730652,0.00457157646,0.00568397489,0.00971465212,0.00483067362,0.0145265333,0.0100636718,0,0,0,0.00262440258,0.0125565928,30.9428667,29.3354607,27.4654872,26.4481836,24.8783292,24.452742,24.9861786,24.4871727,23.014569,23.4707833,25.2744614,23.380768,23.4820572,23.1594337,22.3599328,21.2522691,20.733048,19.20509,18.7438506,19.1319496,18.3308886,17.8486059,17.147916,16.9193066,16.9784761,17.2630572,16.8148464,16.3322117,15.3065683,13.2366364,8.24360732,5.35920357
evaluation/after-dark_05/cbr_5ms_192k/master.wav,evaluation/after-dark_05/cbr_5ms_192k/c.wav,4.72397299,0.995776435,0.999558961,0.999184345,0.998890062,0.998503096,0.998475735,0.999099347,0.999274509,0.999145436,0.999210688,0.999181011,0.999145471,0.998667159,0.998396119,0.997764445,0.997132818,0.997831138,0.997189819,0.994614412,0.995332679,0.996908683,0.997521782,0.997402916,0.996760303,0.996870699,0.995783458,0.996698696,0.998300539,0.998988253,0.999592916,0.998859302,0.995975376,0.96805533,0.998338811,0.996967945,0.997363694,0.996610101,0.996417854,0.997366176,0.99790136,0.998437203,0.997758748,0.997168677,0.997109438,0.99738873,0.997197013,0.994582479,0.991438272,0.996238579,0.995174363,0.988713931,0.99034305,0.994868446,0.994312542,0.995501661,0.993205652,0.992969434,0.985619383,0.99317182,0.996422437,0.997402273,0.999331041,0.997091053,0.990163381,0.0192544763,0.00175799219,0,0,0,0.00206869582,0,0.0027582262,0.00221182799,0.00314154242,0.0021447319,0.00259565314,0.0044189166,0.0033382164,0.00290397313,0.00657544414,0.00471629678,0.00400863085,0.00972206685,0.00659743787,0.00420656254,0.00460923684,0.00543270301,0.00952287495,0.00456048349,0.0143524883,0.00625123845,0,0,0,0.00254416229,0.0122196084,31.1522882,29.5337646,27.6484819,26.649032,25.0888429,24.6663421,25.209485,24.6801202,23.2019814,23.6938016,25.4860035,23.5669167,23.7071239,23.3607691,22.5625609,21.4405733,20.921165,19.3968774,18.9277482,19.3128029,18.5020718,18.0135691,17.3032584,17.0721709,17.1296039,17.4146434,16.9720433,16.480366,15.4665384,13.4019808,8.41023109,5.54695456
evaluation/after-dark_05/cbr_20ms_96k/master.wav,evaluation/after-dark_05/cbr_20ms_96k/rust.wav,4.55224862,0.983280697,0.998769054,0.996270345,0.996278902,0.99488126,0.991055046,0.994592984,0.996563479,0.996538225,0.99639662,0.995533397,0.995822013,0.994261392,0.99348526,0.994110043,0.993082578,0.994291045,0.992689874,0.987757851,0.989751186,0.994551363,0.994682231,0.992250712,0.99125286,0.991531063,0.9893578,0.98563311,0.966328883,0.962150068,0.914126195,0.891626742,0.798973655,0.920646763,0.996494294,0.982725855,0.988892586,0.991443148,0.969856628,0.988323818,0.994110913,0.993690841,0.989712226,0.985045681,0.985877596,0.989025483,0.988130586,0.988836357,0.985557592,0.991760955,0.986373162,0.961780985,0.974661715,0.984925634,0.991538416,0.980691582,0.98203685,0.982794025,0.974770235,0.968179958,0.77831127,0.808853194,0.622614983,0.650860404,0.658437273,0.0685124977,0.00378465252,0.0187062811,0.00730833062,0.00894635806,0.0239448339,0.00607582293,0.00705122745,0.00713948738,0.00919521531,0.0112278509,0.00927023797,0.0121314103,0.00816973397,0.00873993756,0.0143092303,0.00880189815,0.0149175119,0.0219944312,0.0190130165,0.00530976451,0.0103691147,0.0222072678,0.0205044631,0.0187543281,0.0244909901,0.031964936,0.111579257,0.0940137834,0.179576926,0.167046832,0.313201795,31.7709962,30.1474957,28.2359025,27.2425047,25.7007361,25.2574328,25.866934,25.3192086,23.8059411,24.3212125,26.1462985,24.2494128,24.3954224,24.0318616,23.2421693,22.1184043,21.5900619,20.0617669,19.61833,20.0201969,19.2010322,18.6971508,17.9992605,17.7881407,17.8433801,18.1300973,17.6887963,17.244941,16.1089633,13.7164628,10.9893361,8.35771594
evaluation/after-dark_05/cbr_20ms_96k/master.wav,evaluation/after-dark_05/cbr_20ms_96k/c.wav,4.55212582,0.983318842,0.998764464,0.996224389,0.996518205,0.995016369,0.990623778,0.994552595,0.996626542,0.996615621,0.996449832,0.995608765,0.995875001,0.994296207,0.993309137,0.993835502,0.992943149,0.994241544,0.992592169,0.98782107,0.989777815,0.994619623,0.994712806,0.992221014,0.991276012,0.99148618,0.989273999,0.985722775,0.966319665,0.96208053,0.913828019,0.891442095,0.799479225,0.920631984,0.996555538,0.982731222,0.991056103,0.991434813,0.971292674,0.988323345,0.994262607,0.994029501,0.989706541,0.984881241,0.985784709,0.98904951,0.986684135,0.986254904,0.985178373,0.991800972,0.986465868,0.961649266,0.975976348,0.985536775,0.9916586,0.980693555,0.982042351,0.982794778,0.973302436,0.970607231,0.778305065,0.808773218,0.622600499,0.650943266,0.651501008,0.0685215043,0.00375339329,0.0186291339,0.00604589745,0.0088028377,0.0240100752,0.00631708036,0.00684737998,0.00684882389,0.00903893581,0.0108461644,0.00924763933,0.0121829797,0.00875233854,0.0101432692,0.0142883567,0.00885845764,0.0150118858,0.0221909662,0.0188065822,0.00560368448,0.0103592039,0.0222234764,0.020530547,0.0190326602,0.0246606104,0.0315711629,0.111608283,0.093985604,0.179793328,0.168070887,0.31299755,31.7709116,30.1458376,28.234389,27.2422447,25.7001287,25.2561799,25.8652249,25.3189863,23.8082582,24.3208132,26.1456516,24.2487911,24.3946866,24.0310842,23.2402723,22.1147497,21.5859183,20.0628715,19.6179376,20.0192971,19.2036322,18.6960662,18.0000405,17.7876902,17.842464,18.1289181,17.6881034,17.2441476,16.1099101,13.7146989,10.9857488,8.35638546
evaluation/after-dark_05/cbr_20ms_128k/master.wav,evaluation/after-dark_05/cbr_20ms_128k/rust.wav,4.69055229,0.990404728,0.999327391,0.997543234,0.997605938,0.996735653,0.995398993,0.996406633,0.997477481,0.997444064,0.997584295,0.996812297,0.9971873,0.996286986,0.996303743,0.996749678,0.995772747,0.996940418,0.996652634,0.993383655,0.994481635,0.995988289,0.996106293,0.994665633,0.995148665,0.995801755,0.994424591,0.99283439,0.99590288,0.997560347,0.993469188,0.975337899,0.92632597,0.954308553,0.998603595,0.987275406,0.993442491,0.993074717,0.986636655,0.990753363,0.99597437,0.994376493,0.992453847,0.985509177,0.988828391,0.992255897,0.991751125,0.993493546,0.991168997,0.995787954,0.994451244,0.981823026,0.985640519,0.991283635,0.992985752,0.986455582,0.992486726,0.991302098,0.988940154,0.982510299,0.988192549,0.994116033,0.961481941,0.880378661,0.800110712,0.0455166264,0.00184261089,0.0096943691,0.00416544069,0.00646747207,0.00718343767,0,0.00450601297,0.00705871865,0.00737046809,0.00963171929,0.00770818018,0.00875554329,0.00378877735,0.00346201147,0.00917768866,0.00562003654,0.00112931962,0.0148542197,0.00980761988,0.00752487167,0.0084829448,0.0204010414,0.00955643343,0.00574841952,0.00974991785,0.0140393866,0.0056200177,0,0.0196299071,0.0713065558,0.24892212,31.6508998,30.0563343,28.1686356,27.1691855,25.6176801,25.1784965,25.7683048,25.2385567,23.7286835,24.211631,26.0359441,24.1773151,24.2863245,23.9489448,23.1207171,21.989056,21.4752732,19.9464815,19.4962979,19.8900124,19.0741521,18.577558,17.9027145,17.7039158,17.7336372,18.0253618,17.604756,17.1231273,16.0665052,13.9883151,9.23346079,6.3743101
evaluation/after-dark_05/cbr_20ms_128k/master.wav,evaluation/after-dark_05/cbr_20ms_128k/c.wav,4.69072234,0.990161401,0.999344534,0.997571076,0.997603332,0.99681348,0.995575165,0.996426363,0.997495862,0.997444094,0.997542346,0.996802317,0.997220074,0.996462953,0.996161807,0.996630191,0.995806905,0.996973327,0.996714792,0.993354705,0.994390179,0.995985704,0.996112543,0.994678406,0.995173126,0.995843094,0.994520022,0.992937724,0.995861775,0.99753416,0.993488291,0.975674398,0.926292526,0.950027946,0.998605627,0.98727767,0.993380578,0.992729968,0.986700085,0.990820742,0.995975102,0.994297941,0.992216769,0.985753399,0.989261031,0.992260311,0.991753586,0.993307162,0.990396548,0.99599527,0.994483674,0.981817598,0.985647153,0.991283496,0.992988932,0.986556733,0.992595727,0.991285666,0.988926504,0.982782557,0.988169872,0.994134712,0.961390225,0.880345249,0.803730434,0.0481746608,0.00171209419,0.00970106107,0.00422286741,0.0059865781,0.00715810862,0,0.00449474586,0.00711078263,0.00741327984,0.00962496259,0.0076153271,0.008081355,0.00354925717,0.00421096063,0.00921619834,0.0055567905,0.00165614915,0.014940044,0.00986273014,0.00746349134,0.00853738473,0.0203694766,0.00958000128,0.00625915645,0.00979902088,0.0138318877,0.00567030727,0,0.0195532702,0.0707165446,0.248653305,31.650337,30.0559842,28.1668291,27.1717594,25.6241594,25.1812028,25.7724283,25.2415488,23.7330823,24.2134237,26.0362574,24.1771999,24.286134,23.9491843,23.1199971,21.9881703,21.4745169,19.9465248,19.4959416,19.8882481,19.0734409,18.5768919,17.9036877,17.704917,17.7339527,18.0263382,17.6059807,17.1218742,16.0664848,13.9874155,9.2362669,6.37779705
evaluation/after-dark_05/cbr_20ms_192k/master.wav,evaluation/after-dark_05/cbr_20ms_192k/rust.wav,4.72628744,0.994420554,0.999593266,0.998969012,0.998761516,0.998115149,0.996951432,0.998224674,0.99868249,0.998784985,0.998849727,0.998394487,0.998701402,0.998304935,0.998282964,0.998145425,0.997899622,0.998559247,0.99824509,0.997042969,0.99758055,0.998189971,0.998324198,0.998643745,0.998264179,0.998529074,0.997598155,0.99771625,0.998670663,0.999222519,0.999761757,0.999463258,0.995987394,0.956484837,0.999300612,0.995241759,0.997876878,0.995109257,0.989093938,0.996669194,0.996725889,0.997580546,0.996283204,0.988929262,0.993826848,0.996801873,0.996387425,0.996420651,0.995011865,0.997289797,0.997182908,0.994586685,0.994576197,0.997254306,0.997503656,0.99718799,0.994316533,0.996916832,0.993635749,0.995061886,0.997687971,0.998206404,0.999635029,0.998992812,0.970798054,0.0417785883,0.00129323904,0.00336092676,0,0.00414820491,0.00731377433,0,0.00397258777,0.0037686247,0.00394935726,0.00876930583,0.00568635314,0.00584057395,0.00185008028,0.00184399481,0.00538124922,0.00373562614,0.00277029433,0.00199645725,0.00426397518,0.00312334533,0.00452320567,0.00350778385,0.00734681312,0.00210117203,0.00597070423,0.00506722843,0,0,0,0.000217979065,0.0380999085,31.4197077,29.7600407,27.8496067,26.8867809,25.3553479,24.8609708,25.5200167,24.9508983,23.3979924,23.9635175,25.8446258,23.8366366,23.9957352,23.6494673,22.8589709,21.6713339,21.1357154,19.6097603,19.1813468,19.5968483,18.7742183,18.2945084,17.6159955,17.4016888,17.4982798,17.7877096,17.3521407,16.8389816,15.8076391,13.753944,8.75027149,5.87046997
evaluation/after-dark_05/cbr_20ms_192k/master.wav,evaluation/after-dark_05/cbr_20ms_192k/c.wav,4.7265068,0.994432013,0.99959044,0.998994918,0.998779418,0.998135512,0.997124262,0.998251943,0.998656884,0.998757894,0.998874947,0.998435679,0.998712414,0.998253521,0.998224463,0.998131489,0.997872767,0.998520154,0.99825469,0.996981745,0.997387737,0.998173792,0.998370857,0.998652094,0.998346876,0.998561124,0.99758251,0.997729345,0.998657148,0.999229358,0.999763642,0.99950763,0.996787656,0.956433958,0.999295071,0.995250178,0.997878731,0.995418815,0.989093336,0.996678129,0.996773791,0.997553561,0.996288099,0.989582951,0.994327784,0.996801816,0.996405387,0.99651906,0.995176875,0.997199224,0.997110704,0.994563105,0.994586896,0.997184557,0.997488262,0.997190252,0.994409949,0.9970805,0.993464363,0.995145241,0.997676792,0.998246941,0.999632393,0.998987826,0.979640483,0.0417996655,0.00132907687,0.00318298288,0,0.00406711473,0.00687093043,0,0.00409717295,0.00384495431,0.00376411663,0.00844723829,0.00548114527,0.00599699881,0.00143948964,0.00172691305,0.0053171313,0.00363198837,0.00255390919,0.00093360303,0.00432528952,0.00299794815,0.00415631227,0.00372850912,0.00766269328,0.00238137407,0.00622598259,0.00502474167,0,0,0,0,0.0274326486,31.4196756,29.7604911,27.8503519,26.8876799,25.3554175,24.8610144,25.5226748,24.9528103,23.4002273,23.9668385,25.8453512,23.8359374,23.9967864,23.6515808,22.8598752,21.6724419,21.1380418,19.6118827,19.1834304,19.5994287,18.7738289,18.2925809,17.6160948,17.4010585,17.4999816,17.7883083,17.353968,16.8419064,15.810167,13.7560164,8.75254932,5.87206701
evaluation/after-dark_05/vbr_5ms_96k/master.wav,evaluation/after-dark_05/vbr_5ms_96k/rust.wav,4.56309616,0.989678704,0.998270836,0.996656288,0.995650729,0.9935707,0.993462274,0.996131529,0.996397974,0.996345054,0.996411404,0.995550944,0.995003574,0.993640631,0.992063106,0.989277993,0.98407414,0.989468745,0.984527214,0.976708102,0.980957434,0.985945478,0.986100457,0.98504206,0.981955588,0.981002408,0.976676197,0.967418922,0.9727913,0.973899115,0.932912503,0.912836006,0.810360881,0.945555459,0.991945818,0.980960735,0.98725577,0.977397178,0.985159955,0.990182232,0.989546966,0.990843538,0.98746102,0.982013649,0.983672347,0.988764052,0.973763344,0.974701828,0.950051925,0.982220968,0.957724267,0.952187106,0.966494219,0.974337579,0.966515064,0.973335237,0.95683408,0.96439738,0.961069984,0.928532769,0.91969123,0.933553213,0.86989203,0.847705892,0.661124722,0.0411737684,0.00808242493,0.0180413803,0.00589452194,0.0116934847,0.0108155578,0.00578629899,0.0124601908,0.00809764476,0.00948162039,0.0135010241,0.0156351943,0.013544766,0.0140031946,0.0166313627,0.049002254,0.0152577272,0.0336580122,0.0367814022,0.0272226109,0.0221039391,0.0299108228,0.028306894,0.0430154318,0.0425767535,0.0416000445,0.0808513809,0.0595722611,0.0481779126,0.0806908985,0.100252112,0.270164535,31.0993115,29.4472709,27.5332767,26.5898032,25.0305719,24.5915628,25.1763113,24.6218348,23.1267027,23.6795581,25.5090265,23.547301,23.7022023,23.3554266,22.595286,21.4699292,20.9026275,19.4315632,19.0066407,19.3812871,18.6249076,18.1097067,17.4334397,17.2032208,17.3098627,17.6050162,17.158003,16.6439225,15.5787912,13.0191971,10.1374297,7.71253522
evaluation/after-dark_05/vbr_5ms_96k/master.wav,evaluation/after-dark_05/vbr_5ms_96k/c.wav,4.55754013,0.988392413,0.998445765,0.996998691,0.996165653,0.994811564,0.993498875,0.996619359,0.997440831,0.996234386,0.996261833,0.996640229,0.995707935,0.994030321,0.992111224,0.988710532,0.98705935,0.989797025,0.986422443,0.978746399,0.981506512,0.988110522,0.98792953,0.985232661,0.982691093,0.98146667,0.972807909,0.964077926,0.97434071,0.974857759,0.931648315,0.912374209,0.795168341,0.913700853,0.99500911,0.988204524,0.986927972,0.986478132,0.984015421,0.993295731,0.994170262,0.994068482,0.987918971,0.988600891,0.985729339,0.989567341,0.975807134,0.973965335,0.971323951,0.984971117,0.972828455,0.938354459,0.96786673,0.980894211,0.97042922,0.971437664,0.952261523,0.967187504,0.953448949,0.91290449,0.919280094,0.931315973,0.879467399,0.857467485,0.663160459,0.0438520856,0.00624843309,0.00773767491,0.00429474956,0.00721544821,0.0123149378,0.00333353269,0.00746697282,0.00700104391,0.00887156739,0.00636443367,0.0110291786,0.011868231,0.0170132573,0.0220104125,0.0261248477,0.0161435056,0.0212116395,0.0325507874,0.0257754985,0.0169108183,0.0247414425,0.025592499,0.0382465167,0.0381590433,0.0577259878,0.0925800734,0.0517178278,0.0515582649,0.0872296682,0.105694164,0.295978722,31.2584139,29.6066433,27.7103551,26.7483847,25.1912012,24.7677306,25.3078027,24.7747675,23.3110328,23.8246251,25.6411699,23.7136457,23.8426991,23.4996006,22.7254343,21.6226944,21.0665223,19.57303,19.1522323,19.511041,18.7416374,18.2056822,17.5658727,17.3130128,17.417189,17.6984768,17.2701116,16.7391514,15.6967523,13.1519284,10.3085236,7.91542352
evaluation/after-dark_05/vbr_5ms_128k/master.wav,evaluation/after-dark_05/vbr_5ms_128k/rust.wav,4.60724079,0.992794708,0.999125457,0.998256355,0.99774583,0.997392096,0.996379355,0.997935639,0.998390988,0.998411124,0.998393234,0.998248075,0.997857565,0.996254443,0.994523111,0.99307629,0.990993196,0.993325814,0.991588525,0.98840422,0.990427735,0.993253371,0.993769086,0.993260056,0.993230633,0.994366167,0.990381992,0.98733102,0.992132486,0.990474924,0.949488832,0.90623786,0.806622722,0.955669969,0.997248652,0.993557317,0.993902478,0.994525341,0.991665923,0.995909236,0.995708691,0.996807986,0.994070622,0.993890347,0.992553786,0.991695306,0.988423833,0.985040253,0.981506049,0.98886659,0.979373836,0.972679158,0.980855385,0.987750153,0.990584595,0.988702411,0.987262107,0.988916141,0.971881496,0.969705379,0.981072139,0.984954133,0.895597171,0.740267685,0.65451131,0.0334170254,0.00266681514,0.00366325619,0.0040837503,0.0056186295,0.00735585626,0,0.00559647534,0.00418005992,0.00480400846,0.00403301388,0.00543643855,0.00910029781,0.00895489138,0.0117789552,0.0168722172,0.0101801336,0.0195951869,0.0236920699,0.015158769,0.0102031579,0.0118335463,0.0140637871,0.013467738,0.00735663941,0.0211656635,0.0323006817,0.0117234917,0.00956104274,0.0540274029,0.117308717,0.293929783,31.3344337,29.6789051,27.796687,26.7943387,25.2465342,24.8066238,25.3812357,24.8585679,23.3675578,23.8634455,25.6972566,23.8398849,23.9010667,23.5978996,22.7684449,21.6772039,21.1642368,19.6007241,19.1705593,19.5400689,18.7680769,18.2880777,17.5864105,17.381613,17.4630873,17.721464,17.2865972,16.839338,15.8157108,13.3592935,10.4440264,7.71023351
evaluation/after-dark_05/vbr_5ms_128k/master.wav,evaluation/after-dark_05/vbr_5ms_128k/c.wav,4.60780338,0.990096119,0.999120188,0.998204313,0.997384599,0.996374829,0.996234332,0.998085731,0.998368521,0.998182755,0.998140623,0.998263424,0.998073911,0.996275878,0.994814876,0.993216762,0.992194228,0.993326423,0.989941756,0.986861221,0.991400558,0.993801363,0.993569748,0.994174373,0.993209771,0.99377137,0.99069364,0.98904995,0.993631279,0.991470726,0.948345189,0.902819487,0.808216981,0.940017224,0.996779847,0.992326929,0.995275224,0.993512277,0.990952245,0.99530677,0.994851988,0.995472176,0.993119875,0.995204444,0.994504036,0.992446328,0.9913342,0.980788441,0.984287986,0.990528905,0.975295348,0.973167398,0.986593925,0.987054542,0.988959842,0.990213751,0.987849064,0.98748078,0.975184642,0.972304203,0.985395195,0.988068,0.886635732,0.740768576,0.651930451,0.045991775,0.00332714981,0.00473911293,0.0041168734,0.0089683264,0.00566583136,0,0.00572552913,0.00452854597,0.00599686751,0.00392105711,0.00436132645,0.00903167803,0.00659719697,0.00811277507,0.0123573577,0.00876970095,0.0217579292,0.0301175536,0.0137752767,0.00923628146,0.0144216633,0.013054893,0.0129018606,0.00955218612,0.0209272144,0.0246051475,0.0104482477,0.00929253135,0.0591920955,0.121910312,0.281592909,31.1605914,29.5008756,27.6184866,26.6210585,25.0721956,24.6126301,25.2097081,24.6635088,23.1900204,23.7272667,25.5706795,23.6611781,23.766633,23.4259013,22.6052412,21.5113149,20.9816753,19.4366637,18.9942705,19.3974132,18.6318916,18.150719,17.4572718,17.2478313,17.3379938,17.598454,17.1756436,16.7214445,15.6672984,13.2232659,10.3147637,7.53371144
evaluation/after-dark_05/vbr_5ms_192k/master.wav,evaluation/after-dark_05/vbr_5ms_192k/rust.wav,4.72367942,0.996173068,0.999503307,0.99894695,0.998849023,0.998050975,0.998285738,0.999135659,0.999145991,0.999200586,0.999217297,0.999215138,0.999038052,0.998533067,0.998381176,0.997843329,0.997002703,0.997519255,0.997177655,0.995079423,0.994882443,0.996990984,0.997829385,0.997871315,0.99706717,0.99745007,0.996387408,0.996248334,0.998296068,0.998783819,0.999446352,0.998813677,0.994511123,0.980579932,0.998910232,0.996205286,0.996845056,0.992232672,0.995120129,0.997712543,0.997537549,0.998126361,0.997381346,0.997300508,0.997078909,0.996741287,0.996480315,0.996113455,0.993740129,0.996173347,0.993562137,0.991278577,0.989998179,0.99577895,0.996389954,0.996957029,0.995413049,0.9934979,0.988275963,0.989298507,0.995674031,0.996551989,0.998552989,0.997672436,0.985893336,0.0156910111,0.000657137344,0.00201770106,0,0.00282974482,0.00320634215,0,0.00417860287,0.00291745305,0.00354724656,0.00164035527,0.0032007395,0.0049850704,0.00319545126,0.00323877554,0.00665076689,0.00530744735,0.00694623763,0.00787438831,0.00908475976,0.00423083264,0.00363272383,0.00389990379,0.00702889412,0.00357756927,0.00865975917,0.00967386372,0.00256189218,0.00142593777,0,0.00122414871,0.021787193,31.3537192,29.753465,27.8545286,26.8427645,25.2766649,24.8555456,25.4300855,24.8937405,23.430626,23.9171798,25.7307152,23.8541277,23.979161,23.6239311,22.8015589,21.6968234,21.1875219,19.6275179,19.176411,19.5683568,18.7547916,18.2609439,17.5654973,17.3470044,17.407098,17.6913914,17.2593242,16.7872554,15.7431012,13.6683769,8.70015549,5.80453047
evaluation/after-dark_05/vbr_5ms_192k/master.wav,evaluation/after-dark_05/vbr_5ms_192k/c.wav,4.72390483,0.995677332,0.999595358,0.999221084,0.998857638,0.998347032,0.998600229,0.999165635,0.999244754,0.999166936,0.99923148,0.999298098,0.999289851,0.998629041,0.998290086,0.997689142,0.99697877,0.99742684,0.996578972,0.995052835,0.996153626,0.997137935,0.997416357,0.997515884,0.997264208,0.99767245,0.996203997,0.996238911,0.998352581,0.998949719,0.999538592,0.998743321,0.995002165,0.965765315,0.999043705,0.997484415,0.997424926,0.995550792,0.997230181,0.997729519,0.99820273,0.998181688,0.99710619,0.997952946,0.998639207,0.997564468,0.996546767,0.995700568,0.990427547,0.995571114,0.992757289,0.990975461,0.993613622,0.993950491,0.995084811,0.99559483,0.994554666,0.994980313,0.990214583,0.990144868,0.995279258,0.99690395,0.999104794,0.995779018,0.989340743,0.0177803824,0,0,0,0,0.00215190746,0,0.00329026592,0.00285470348,0.00328009665,0.00220529432,0.0021654801,0.00406878177,0.00229712916,0.00331346494,0.00706421532,0.00537845339,0.00871812581,0.00848297628,0.00454242043,0.00353662552,0.0053998424,0.0054737283,0.00683410485,0.00258470252,0.00843870969,0.00902059287,0.00350465973,0,0,0,0.0168832354,31.2471678,29.5780213,27.7124237,26.7173054,25.1914933,24.7395041,25.2913017,24.7786835,23.2725183,23.7803293,25.5992747,23.6829305,23.7793389,23.4709903,22.6369742,21.5384174,21.014732,19.4824436,19.0412128,19.4326237,18.62625,18.152935,17.4648022,17.2508705,17.3302157,17.6121192,17.1632724,16.679298,15.6841454,13.621305,8.64278409,5.69841119
evaluation/after-dark_05/vbr_20ms_96k/master.wav,evaluation/after-dark_05/vbr_20ms_96k/rust.wav,4.5614423,0.983406339,0.998760449,0.996251316,0.996706227,0.995826618,0.994027939,0.995303137,0.996428431,0.996226898,0.99579965,0.994942354,0.995812165,0.993143085,0.992789228,0.993697736,0.993177142,0.994030266,0.992647535,0.986088649,0.989006517,0.993850492,0.993855632,0.992246197,0.990609071,0.991868033,0.989447503,0.980242582,0.96561848,0.963059421,0.92279469,0.901873604,0.815887434,0.91836526,0.997589723,0.979564217,0.992912098,0.992405122,0.987695052,0.99082552,0.98806704,0.991978514,0.986723161,0.976658465,0.987745483,0.984887353,0.988546881,0.988012655,0.987441959,0.987891846,0.985891313,0.959347691,0.97320056,0.985305813,0.989367293,0.977852316,0.969858892,0.96652571,0.979133326,0.93594297,0.769328186,0.79933716,0.628286469,0.663423928,0.678485089,0.0740382,0.00376771718,0.0193688498,0.00341209615,0.00449304553,0.00790573722,0.00263730551,0.0121800147,0.00826163732,0.0108479579,0.0156447297,0.00964574648,0.0185195019,0.0105181381,0.00821237631,0.0132826557,0.0111977255,0.0145650096,0.0393497649,0.0221282195,0.0104563384,0.0117519458,0.026382953,0.0284175757,0.0283710064,0.0220892145,0.0718755825,0.119192013,0.098068094,0.177614002,0.163155848,0.315314733,31.8031857,30.1802047,28.2609588,27.2677277,25.7188096,25.2892301,25.8732829,25.3513338,23.8350355,24.3412776,26.1883427,24.2967557,24.4235636,24.0662412,23.2800004,22.1550694,21.6309789,20.1119784,19.6653364,20.0531165,19.2483742,18.7351701,18.041858,17.8339762,17.8962889,18.1709761,17.7442201,17.3052137,16.1441927,13.8199804,10.7556699,7.93105981
evaluation/after-dark_05/vbr_20ms_96k/master.wav,evaluation/after-dark_05/vbr_20ms_96k/c.wav,4.56143503,0.985912533,0.998854272,0.995928858,0.996422579,0.995351386,0.992905021,0.995368395,0.996547803,0.996337384,0.995790446,0.995243144,0.995779326,0.993913595,0.993515142,0.9940911,0.993551484,0.99480973,0.994218309,0.987144086,0.989609803,0.993839432,0.993490418,0.991255526,0.990986934,0.992707267,0.9890885,0.982764664,0.967266084,0.963175497,0.921029669,0.898250337,0.814060929,0.917387612,0.997524026,0.978509031,0.992826066,0.991988181,0.98101093,0.991523271,0.986895599,0.992176435,0.986759207,0.981524456,0.986583384,0.989088246,0.990481053,0.986782867,0.985053024,0.991922604,0.99185114,0.961124938,0.976741544,0.986032307,0.989463046,0.973439902,0.976014957,0.973998512,0.975029861,0.933206223,0.777377285,0.807384548,0.619517465,0.648790643,0.667372249,0.065850305,0.00186161339,0.0203210554,0.00283328536,0.00585723266,0.0139643284,0.00492442236,0.0137011817,0.00864900779,0.0111569683,0.0129458138,0.0100298024,0.014815009,0.00867918005,0.00859588341,0.0142499286,0.00723081664,0.00629904583,0.0398213545,0.020218394,0.0109328777,0.0131368286,0.0320598838,0.0238765523,0.022189554,0.0282877083,0.0631309835,0.111143015,0.0957778829,0.180325314,0.170750033,0.316186469,31.8004058,30.1757316,28.2659398,27.2704306,25.714492,25.2782371,25.8807327,25.346877,23.8414129,24.3413195,26.1802789,24.2821072,24.4264729,24.066076,23.2708972,22.1465668,21.6261922,20.1039283,19.6564049,20.0447599,19.2512001,18.7308898,18.0303882,17.8263676,17.8946906,18.1648022,17.735041,17.291834,16.1387516,13.7970257,10.7607331,7.95382866
evaluation/after-dark_05/vbr_20ms_128k/master.wav,evaluation/after-dark_05/vbr_20ms_128k/rust.wav,4.64870582,0.991786912,0.999328689,0.997636413,0.997601041,0.99713825,0.995186284,0.997191014,0.997985561,0.997685418,0.99794561,0.997182768,0.997553079,0.99648124,0.996752529,0.996513153,0.995872198,0.996660128,0.996658551,0.993178,0.994394143,0.995691339,0.99638077,0.996233568,0.995209511,0.995636605,0.994332547,0.992840136,0.995186678,0.996395995,0.978900424,0.94016832,0.834803965,0.9467661,0.99876364,0.985964078,0.994242253,0.995138701,0.985787889,0.992921997,0.996548574,0.994419614,0.993311867,0.98761023,0.991453103,0.992240767,0.993670014,0.994488788,0.988438246,0.994671056,0.99469542,0.984488473,0.987078694,0.990541665,0.992653052,0.992174748,0.991417269,0.991920132,0.988802637,0.98732069,0.987852142,0.993591509,0.957779945,0.812101495,0.74261927,0.0454254899,0.0021077558,0.0114281481,0.00264570805,0.00432591484,0.0100819556,0,0.00536670132,0.00642539744,0.00604789691,0.00979179549,0.00665604912,0.00853468524,0.00338493952,0.00583335346,0.00901214164,0.00578186684,0.00362441292,0.0133584179,0.00697092797,0.0074934629,0.0061040775,0.00822657657,0.0108367656,0.00751845121,0.00951022369,0.0138083275,0.0143799654,0.00520572115,0.0305558199,0.104954179,0.341160967,31.120657,29.508858,27.6394526,26.6444474,25.097379,24.6499959,25.1998235,24.707928,23.2176688,23.6949357,25.4795005,23.6764304,23.7126692,23.4163416,22.5652296,21.4885235,20.9802359,19.4584563,18.9891087,19.3650524,18.5815764,18.1074247,17.4427617,17.2655969,17.2983003,17.5535914,17.1288259,16.648095,15.6131766,13.4098848,9.44380115,6.57273494
evaluation/after-dark_05/vbr_20ms_128k/master.wav,evaluation/after-dark_05/vbr_20ms_128k/c.wav,4.67546283,0.989695356,0.999334102,0.99776146,0.997808662,0.99725393,0.995711299,0.997306043,0.997874152,0.997625821,0.997809594,0.997185018,0.99745412,0.996480342,0.996447157,0.996557863,0.995879406,0.997017364,0.996773124,0.993459933,0.994099877,0.995974541,0.995968341,0.995248562,0.995310907,0.996035589,0.995116298,0.993102218,0.995395141,0.996783513,0.986631944,0.963716602,0.893847964,0.936712661,0.99835573,0.985350659,0.993925502,0.99510732,0.988416697,0.994344418,0.996437628,0.995024553,0.993601145,0.989259809,0.992770038,0.991654488,0.99346124,0.994439197,0.99179977,0.994834137,0.994399062,0.987832977,0.982975451,0.993323443,0.992356422,0.986417557,0.99019102,0.991250979,0.990259719,0.983644629,0.98704772,0.994651879,0.960716504,0.882897529,0.789990388,0.0605400593,0.00203010326,0.0112078743,0.0022598465,0.00406405078,0.00632685012,0,0.00468840809,0.00634606482,0.00633974657,0.00868399938,0.00696047432,0.00776145755,0.00310620322,0.00535293324,0.00972397983,0.00537605624,0,0.0106249737,0.0106173661,0.00543057133,0.0075427792,0.0142476939,0.0107223544,0.00779888105,0.00862712722,0.014339974,0.0113438053,0.00415802013,0.0246009896,0.0739191788,0.261677106,31.4783928,29.8805171,27.9818972,27.0076277,25.4543128,25.0235932,25.5794096,25.0620161,23.5731273,24.0568705,25.8323884,24.0166608,24.1101263,23.7753422,22.9564866,21.833873,21.3286659,19.79033,19.3496476,19.724257,18.9290521,18.4417408,17.7791424,17.5764983,17.5985889,17.8773993,17.4551472,16.9654207,15.9269904,13.7725397,9.42175192,6.66706517
evaluation/after-dark_05/vbr_20ms_192k/master.wav,evaluation/after-dark_05/vbr_20ms_192k/rust.wav,4.72481954,0.993845711,0.999569435,0.998842976,0.998883505,0.998280283,0.996981941,0.998302321,0.998464512,0.998651904,0.998909988,0.998902562,0.998920778,0.99840509,0.998002829,0.998057502,0.998093854,0.998414,0.998298043,0.996799466,0.997491734,0.998015701,0.997802843,0.997985256,0.997466375,0.997784095,0.99654791,0.997048262,0.99844595,0.998994211,0.999733476,0.999455762,0.995202531,0.961077419,0.999130922,0.99569907,0.997740685,0.996822021,0.988306072,0.99636737,0.995919505,0.997011109,0.996364077,0.994686794,0.996815818,0.996357199,0.996154729,0.995823228,0.996437923,0.996050391,0.996820486,0.992267603,0.99620603,0.996658638,0.994595182,0.994533511,0.992576014,0.994756573,0.990365582,0.99255717,0.996318634,0.995904759,0.99958949,0.99890295,0.969620334,0.0383264847,0.00116629618,0.00293138952,0,0.00140439749,0.00721485855,0,0.00293238057,0.00382671623,0.00411195456,0.00415792804,0.00397637692,0.00489190549,0.00248754899,0,0.00428541802,0.00457850293,0.00409156104,0.00811472712,0.00387354859,0.00325071499,0.00564782959,0.00481494233,0.00862204951,0.0045828388,0.00973032983,0.00768661685,0,0,0,0.00137141493,0.0407573204,31.917151,30.2901215,28.3774591,27.3837164,25.8374982,25.3962033,26.0060316,25.4550897,23.9409677,24.4433309,26.3190652,24.4060066,24.5325578,24.1740506,23.3578172,22.2200217,21.7036654,20.1489397,19.7072262,20.1067377,19.2602229,18.7691244,18.0763037,17.846777,17.9218975,18.1902598,17.7770905,17.3012938,16.2427082,14.1752579,9.19177192,6.35454976
evaluation/after-dark_05/vbr_20ms_192k/master.wav,evaluation/after-dark_05/vbr_20ms_192k/c.wav,4.72519744,0.992716368,0.999571406,0.998826006,0.998797762,0.998429949,0.997185871,0.998296218,0.998660904,0.998653457,0.998974215,0.998963828,0.999007533,0.998492843,0.998412555,0.998504074,0.998135563,0.998418002,0.998209746,0.996963054,0.99726205,0.997826197,0.998012631,0.998365822,0.997839993,0.997985146,0.997333013,0.996870425,0.998531123,0.999204325,0.999742902,0.999327429,0.995114641,0.950267083,0.999114481,0.994668346,0.998051919,0.997212884,0.989221085,0.996425517,0.997293391,0.996705868,0.997768931,0.997116842,0.997365174,0.996409071,0.997489941,0.997037368,0.996328758,0.996081501,0.996757222,0.994162408,0.995033807,0.995730443,0.996085024,0.994796182,0.991917055,0.994870304,0.992698093,0.988308403,0.99687207,0.997356591,0.999586866,0.998361953,0.970044755,0.0484804237,0.00144420201,0.00400357902,0,0.00169615767,0.00777336541,0,0.00335721775,0.00393319419,0.00318615499,0.00231015787,0.00329898552,0.00531593139,0.00213548141,0.00172721823,0.00433009171,0.00392923296,0.00257304901,0.00574287021,0.00454036257,0.00366408076,0.00504910583,0.00425490188,0.00902741365,0.00476831934,0.00652674797,0.0126215179,0,0,0,0.00122355149,0.0402725035,31.4092643,29.7728796,27.8623217,26.8821939,25.3272025,24.8881638,25.4845677,24.8934739,23.4158903,23.9650746,25.8032429,23.8763777,24.0313434,23.6301399,22.8627896,21.7082363,21.1784871,19.649501,19.2078178,19.586534,18.7552985,18.2880673,17.5791536,17.3572604,17.420331,17.6912231,17.2618821,16.7768403,15.7161511,13.6587454,8.64310417,5.79470821
