reference,degraded,moslqo,fvnsim0,fvnsim1,fvnsim2,fvnsim3,fvnsim4,fvnsim5,fvnsim6,fvnsim7,fvnsim8,fvnsim9,fvnsim10,fvnsim11,fvnsim12,fvnsim13,fvnsim14,fvnsim15,fvnsim16,fvnsim17,fvnsim18,fvnsim19,fvnsim20,fvnsim21,fvnsim22,fvnsim23,fvnsim24,fvnsim25,fvnsim26,fvnsim27,fvnsim28,fvnsim29,fvnsim30,fvnsim31,fvnsim10_0,fvnsim10_1,fvnsim10_2,fvnsim10_3,fvnsim10_4,fvnsim10_5,fvnsim10_6,fvnsim10_7,fvnsim10_8,fvnsim10_9,fvnsim10_10,fvnsim10_11,fvnsim10_12,fvnsim10_13,fvnsim10_14,fvnsim10_15,fvnsim10_16,fvnsim10_17,fvnsim10_18,fvnsim10_19,fvnsim10_20,fvnsim10_21,fvnsim10_22,fvnsim10_23,fvnsim10_24,fvnsim10_25,fvnsim10_26,fvnsim10_27,fvnsim10_28,fvnsim10_29,fvnsim10_30,fvnsim10_31,fstdnsim0,fstdnsim1,fstdnsim2,fstdnsim3,fstdnsim4,fstdnsim5,fstdnsim6,fstdnsim7,fstdnsim8,fstdnsim9,fstdnsim10,fstdnsim11,fstdnsim12,fstdnsim13,fstdnsim14,fstdnsim15,fstdnsim16,fstdnsim17,fstdnsim18,fstdnsim19,fstdnsim20,fstdnsim21,fstdnsim22,fstdnsim23,fstdnsim24,fstdnsim25,fstdnsim26,fstdnsim27,fstdnsim28,fstdnsim29,fstdnsim30,fstdnsim31,fvdegenergy0,fvdegenergy1,fvdegenergy2,fvdegenergy3,fvdegenergy4,fvdegenergy5,fvdegenergy6,fvdegenergy7,fvdegenergy8,fvdegenergy9,fvdegenergy10,fvdegenergy11,fvdegenergy12,fvdegenergy13,fvdegenergy14,fvdegenergy15,fvdegenergy16,fvdegenergy17,fvdegenergy18,fvdegenergy19,fvdegenergy20,fvdegenergy21,fvdegenergy22,fvdegenergy23,fvdegenergy24,fvdegenergy25,fvdegenergy26,fvdegenergy27,fvdegenergy28,fvdegenergy29,fvdegenergy30,fvdegenergy31
evaluation/bill-evans-secret-sessions_01/i16_cbr_5ms_192k/master.wav,evaluation/bill-evans-secret-sessions_01/i16_cbr_5ms_192k/rust.wav,4.58235465,0.995616523,0.997830697,0.997718654,0.998031645,0.998387717,0.998314279,0.997560262,0.997675876,0.997841335,0.997384567,0.99739448,0.997270981,0.996427793,0.996396239,0.996553583,0.995939568,0.993609099,0.992753026,0.992818227,0.994182689,0.995125766,0.99633706,0.997931792,0.998054665,0.997557582,0.99682138,0.994799002,0.987808128,0.982072047,0.96416477,0.831027766,0.787493139,0.989317539,0.991209285,0.993914442,0.995895021,0.99536286,0.995413423,0.992922036,0.99391941,0.99055492,0.989948001,0.992964565,0.993445054,0.984351055,0.993215803,0.99471197,0.994031519,0.986914524,0.981739721,0.98528412,0.988768855,0.991187412,0.993904149,0.996778732,0.996317031,0.994499063,0.989625765,0.988334372,0.975875162,0.973385796,0.947033319,0.717362721,0.707550989,0.0039067205,0,0.00438741958,0.0044947124,0,0.00201686591,0.00575929194,0.00265596976,0.0043232588,0.00895992074,0.00816032138,0.00514781839,0.0114455688,0.00530392328,0.00282396927,0.00480047025,0.0142392452,0.0164747082,0.0209439005,0.0106879513,0.00825758552,0.00620391592,0.00375209666,0.00442641662,0.00516589262,0.00819393306,0.0122333946,0.0219563307,0.0229065892,0.0477716665,0.153069807,0.132365007,15.1976995,19.1024979,19.5395425,20.0510837,19.1357456,21.4773973,20.1242069,18.9549232,19.6660388,18.7737429,16.8413194,15.7750794,15.0566326,14.8807459,14.6208805,14.0669907,13.6339424,13.6881389,13.2348691,13.2885982,13.1560427,12.6677675,12.0437914,11.0113456,9.80013395,8.18380755,6.90746046,6.210635,6.17779015,6.4513383,6.66366356,3.45793838
evaluation/bill-evans-secret-sessions_01/i16_cbr_5ms_192k/master.wav,evaluation/bill-evans-secret-sessions_01/i16_cbr_5ms_192k/c.wav,4.58419082,0.994660499,0.99802219,0.998026954,0.997783083,0.998373854,0.998585425,0.997238797,0.99765825,0.997658051,0.998018326,0.997731712,0.997327507,0.996802547,0.996275355,0.996704719,0.995982484,0.993650279,0.993331255,0.994065854,0.994310382,0.994665009,0.99562252,0.997540015,0.997995885,0.997870358,0.996812173,0.994717722,0.990891431,0.983349293,0.966326043,0.829344002,0.783804483,0.982935787,0.995226779,0.993933435,0.991030747,0.996401042,0.996851941,0.989702461,0.995906816,0.988369393,0.993059139,0.992562461,0.993882497,0.988558522,0.988052856,0.993473479,0.993274598,0.98669893,0.98200802,0.986875564,0.986254951,0.991118836,0.990684016,0.996386302,0.995354175,0.995539603,0.992625313,0.989401025,0.983371012,0.962773235,0.931917221,0.710720213,0.698859077,0.0172217068,0.00232702333,0,0.00220082543,0.00128982269,0.00293670347,0.01220108,0.00495965477,0.00400819786,0.00454731818,0.0054449025,0.006427007,0.00844758347,0.00920116049,0.00445493821,0.00653292486,0.0131109518,0.0114220189,0.00869863878,0.0109299124,0.0106314502,0.0070465745,0.00403656505,0.0036079253,0.0049613957,0.00938158481,0.0160495542,0.0155149269,0.0268992242,0.046083213,0.155064735,0.132124909,15.1682812,19.0681268,19.4963548,20.0287251,19.0787046,21.4260867,20.0712039,18.8939188,19.6068528,18.7170944,16.7869099,15.7172632,14.9956494,14.827887,14.5808995,14.0269672,13.5864358,13.6414675,13.1671517,13.252783,13.1214378,12.6146731,11.9812426,10.951472,9.7580513,8.12980429,6.85952972,6.16394058,6.12412955,6.3946724,6.60246634,3.39758694
evaluation/bill-evans-secret-sessions_01/i16_cbr_5ms_256k/master.wav,evaluation/bill-evans-secret-sessions_01/i16_cbr_5ms_256k/rust.wav,4.6112521,0.99714936,0.999354786,0.99956103,0.999389347,0.999539359,0.999637508,0.999221526,0.999376822,0.999561634,0.999618405,0.99943135,0.999366581,0.999332955,0.999180879,0.999047591,0.999150795,0.99901761,0.999108987,0.999456494,0.999464857,0.999237745,0.99941085,0.999755473,0.99983376,0.999752891,0.999348043,0.998844244,0.997188683,0.995060474,0.991418824,0.831154898,0.788362993,0.98904191,0.997949357,0.998842793,0.998412537,0.999025336,0.999044578,0.994666844,0.997123238,0.999037361,0.998979368,0.998711612,0.997190308,0.997683643,0.997648933,0.997099425,0.998476695,0.99828042,0.998563005,0.998900026,0.998995167,0.998400444,0.998996337,0.999518893,0.999674059,0.999374376,0.998617632,0.997989444,0.992870378,0.991452853,0.987021003,0.713441363,0.702965795,0.0125447431,0,0.00108377915,0.0015488593,0.0006790792,0,0,0,0,0.00123652848,0.00228829438,0.00275318982,0.00305031044,0.00265142107,0.00242767115,0.00202272781,0.00270882108,0.00226817831,0.00164282816,0.0024796486,0.00304344724,0.00153458412,0.00110276244,0.000488936875,0.00149240593,0.00349273557,0.0036915227,0.00281706705,0.00720823014,0.00853752051,0.153049095,0.130365685,15.1962397,19.0838741,19.506592,20.0324948,19.0888427,21.4315571,20.0807386,18.9098457,19.6232929,18.7322342,16.7934906,15.7305181,15.0160694,14.8478888,14.5999453,14.0351314,13.5918948,13.6467739,13.1906311,13.2712745,13.1270731,12.623999,11.9988564,10.9641203,9.76855443,8.15188798,6.87381871,6.17711906,6.14136243,6.42053832,6.62811771,3.43064262
evaluation/bill-evans-secret-sessions_01/i16_cbr_5ms_256k/master.wav,evaluation/bill-evans-secret-sessions_01/i16_cbr_5ms_256k/c.wav,4.611229,0.998502773,0.999298843,0.999525134,0.999548139,0.999529411,0.999654204,0.999492429,0.999543401,0.999480701,0.999530932,0.99933232,0.999436525,0.999316184,0.999235598,0.999211902,0.99912948,0.998871639,0.999225782,0.999420413,0.999371128,0.999195851,0.999334708,0.99973702,0.999813418,0.999753467,0.999461161,0.998843963,0.997326577,0.995505178,0.991767346,0.830613777,0.78665965,0.995192625,0.997978606,0.998907959,0.998885689,0.998669919,0.999172386,0.998640992,0.999118697,0.997877545,0.998493979,0.998433141,0.99895055,0.998270227,0.998552997,0.998036504,0.99803465,0.998187208,0.998742575,0.998955253,0.998060755,0.99821204,0.998816001,0.999528788,0.999505977,0.999127661,0.998418909,0.997726644,0.993914414,0.988270773,0.98379915,0.710587502,0.698374429,0.00467633305,0.00147755273,0,0,0,0,0.00120397448,0,0,0.0019107663,0.00312481255,0.00182644069,0.00191101853,0.00210892033,0.000710154963,0.00245736608,0.00350970318,0.00192828741,0,0.00217866875,0.00251642192,0,0.000961463753,0.00116281703,0.00153942919,0.00270523894,0.00420198111,0.00282760548,0.00707596887,0.0110397046,0.154670809,0.131868107,15.1674746,19.0740315,19.4993716,20.0270626,19.0917185,21.4320724,20.0746858,18.898801,19.6133795,18.7254135,16.7942632,15.7250248,15.0055038,14.8394958,14.5918545,14.0243808,13.575365,13.6364626,13.1797245,13.2531749,13.1149356,12.6187478,11.9933325,10.9574581,9.75932004,8.14311105,6.86169512,6.16664833,6.1312251,6.40517502,6.61660326,3.41132295
evaluation/bill-evans-secret-sessions_01/i16_cbr_5ms_320k/master.wav,evaluation/bill-evans-secret-sessions_01/i16_cbr_5ms_320k/rust.wav,4.6125216,0.999028028,0.999599965,0.999652363,0.999734876,0.999770764,0.999841996,0.999727773,0.999782394,0.999809577,0.999838381,0.999814746,0.999784373,0.999832134,0.999838284,0.999816121,0.999812993,0.999728,0.999781972,0.999787809,0.999719238,0.999689988,0.999723463,0.999861172,0.999884129,0.999827712,0.999648252,0.999232361,0.997516813,0.995646633,0.991724948,0.831004393,0.78880572,0.997922863,0.998505748,0.999176868,0.99944005,0.999452207,0.999535195,0.999024298,0.999393336,0.999489223,0.999569598,0.99955068,0.999462991,0.999549605,0.999695107,0.999669955,0.999711891,0.999342546,0.999650488,0.999436188,0.999354124,0.999471705,0.999543264,0.999767547,0.999755032,0.999637774,0.998974241,0.998788535,0.993865715,0.99075431,0.989866946,0.713471567,0.703901356,0.00126505066,0,0.00062222939,0.000771064636,0,0,0,0,0,0,0.00120871628,0.0013648228,0.0008683766,0.000671201965,0.000718169112,0.000691730663,0.00170541923,0.00096215065,0.000974945279,0.00153295117,0.00138662785,0.001069826,0.000842557601,0.000880568353,0.00121690742,0.00190814216,0.00271582996,0.00208038111,0.00695251153,0.00982741617,0.152972877,0.13035285,15.1924319,19.0939897,19.5236509,20.0469513,19.1075407,21.4511762,20.0902915,18.9199925,19.6476624,18.7557914,16.8155425,15.7476356,15.0289329,14.8657202,14.6166369,14.0535802,13.6042131,13.6635818,13.2079067,13.2878517,13.1461074,12.6487941,12.0207474,10.9851727,9.78665004,8.169145,6.89247432,6.1963613,6.15930287,6.43706343,6.64592403,3.44570951
evaluation/bill-evans-secret-sessions_01/i16_cbr_5ms_320k/master.wav,evaluation/bill-evans-secret-sessions_01/i16_cbr_5ms_320k/c.wav,4.61183717,0.998842052,0.999559307,0.999685927,0.999746003,0.999768002,0.999838985,0.999737536,0.999790248,0.999818968,0.999869517,0.999806133,0.99980682,0.999819209,0.999787549,0.999800933,0.999790289,0.999743091,0.99978049,0.999747566,0.999670433,0.999663268,0.999714767,0.999855587,0.999871109,0.99983304,0.999587574,0.998958881,0.997547862,0.99559055,0.992233965,0.830629775,0.786366721,0.996700521,0.998577402,0.99939173,0.999472416,0.999452405,0.999469921,0.999108507,0.999405658,0.999455554,0.999607563,0.99955621,0.99958272,0.999551578,0.999614432,0.999681399,0.999562469,0.999458697,0.999661394,0.999499909,0.999240157,0.999420508,0.999209406,0.999749158,0.999612977,0.999635973,0.998415452,0.998110077,0.995322891,0.989083313,0.988810703,0.710084968,0.696387408,0.00350619973,0,0.000854981995,0.000318410256,0,0,0.00141522521,0,0,0,0.00102582044,0.000875533154,0.0010596893,0.000387614375,0,0.000715953086,0.00140974346,0.000696878803,0.00107500711,0.0016966731,0.00133786151,0,0,0.000646704431,0.00083450692,0.00202871878,0.00375735635,0.00225517666,0.00561145997,0.00918987965,0.154860206,0.132023723,15.1676529,19.0743003,19.5007358,20.0323268,19.0832252,21.4235884,20.0667242,18.8975219,19.6155978,18.7281183,16.7882011,15.720356,15.0037963,14.8376143,14.586108,14.023366,13.5786847,13.6350802,13.1775124,13.2567118,13.1188608,12.620526,11.992929,10.9564405,9.75877153,8.14335225,6.86249763,6.16765427,6.13501614,6.40545042,6.61640476,3.409295
evaluation/bill-evans-secret-sessions_01/i16_vbr_5ms_192k/master.wav,evaluation/bill-evans-secret-sessions_01/i16_vbr_5ms_192k/rust.wav,4.58444259,0.994410266,0.997814392,0.997665095,0.997868334,0.998526958,0.998692328,0.997194752,0.997603932,0.99769629,0.997485144,0.997793126,0.997510426,0.997004919,0.996810175,0.99653519,0.996306421,0.993356168,0.992921752,0.993002984,0.994117372,0.9955849,0.996485666,0.997839494,0.997941078,0.997623648,0.997370572,0.99541892,0.990417691,0.983617992,0.963502314,0.83086551,0.786274826,0.986893903,0.992392762,0.995027131,0.995858282,0.997493735,0.996929017,0.98647262,0.99341066,0.990434262,0.990447396,0.994968004,0.994632111,0.987109726,0.99403022,0.993214215,0.993949876,0.985252156,0.980052415,0.983753293,0.982063693,0.991458806,0.991672619,0.996832417,0.995925625,0.99230283,0.990645596,0.9896461,0.982338258,0.969292975,0.936999993,0.71489986,0.704306267,0.0134480097,0.00112320782,0.0055215452,0.00395393449,0.000918857208,0,0.00868845928,0.00328762849,0.0045492789,0.00859763856,0.00579864841,0.00395079565,0.0106251057,0.00581933445,0.00389644055,0.00615982587,0.0163603905,0.0183260516,0.0232609241,0.0153851426,0.00792169337,0.00506036753,0.00354882654,0.00413030038,0.00650708885,0.0081115885,0.0101212743,0.0139514999,0.0233986564,0.0571860471,0.152262787,0.13075445,15.1843625,19.0692625,19.494309,20.0146746,19.0894054,21.4261676,20.067383,18.8990386,19.6234022,18.7293532,16.7830018,15.7058909,14.9939811,14.8261777,14.5762811,14.0079347,13.5805005,13.6384043,13.1882026,13.2576917,13.1131403,12.6224249,11.9881919,10.9515893,9.74560698,8.1319383,6.85694125,6.1589705,6.12419484,6.3995498,6.60807046,3.40141492
evaluation/bill-evans-secret-sessions_01/i16_vbr_5ms_192k/master.wav,evaluation/bill-evans-secret-sessions_01/i16_vbr_5ms_192k/c.wav,4.58487722,0.994015046,0.997651391,0.997727941,0.997352,0.998224867,0.998445118,0.998005229,0.997603019,0.997868394,0.998428387,0.997718318,0.996944314,0.996930471,0.996320672,0.996602328,0.996298104,0.994268273,0.993467852,0.994250392,0.995353325,0.994769613,0.995416835,0.997703272,0.998138027,0.997605169,0.997336365,0.996139275,0.990051455,0.983343693,0.966645302,0.828918026,0.78533051,0.982140886,0.992754164,0.991640495,0.985714887,0.995945671,0.993720442,0.99514731,0.994848697,0.991662482,0.996242996,0.993469202,0.993643252,0.991781136,0.991237265,0.992607508,0.995114147,0.990839151,0.98564507,0.983746966,0.99268285,0.992643983,0.99148642,0.995684091,0.995567079,0.993521376,0.993347536,0.993720995,0.981424103,0.96750333,0.948199377,0.712582634,0.701903023,0.016010821,0.00599381604,0.00312185279,0.00519636089,0.00105972524,0.00570602996,0.00489766347,0.00600771669,0.00372697883,0.00221651687,0.0052301938,0.00693799634,0.0062285813,0.00800625006,0.00466091742,0.00571724664,0.00968120327,0.0118163526,0.0133444694,0.00687048914,0.0103358521,0.00858747193,0.00363740263,0.00424416344,0.00510631784,0.0060838527,0.00784157729,0.0193009421,0.0234964432,0.0418372832,0.154287897,0.132637138,15.1960392,19.0746803,19.5043298,20.023734,19.0825117,21.4251633,20.0548184,18.8905057,19.6075524,18.7205287,16.7803016,15.7201055,15.0075852,14.8392442,14.5730837,14.0263996,13.5835946,13.6336458,13.1627902,13.2546322,13.1239495,12.6158347,11.9873923,10.9574659,9.76253754,8.1356143,6.85986301,6.16022364,6.12384609,6.39967609,6.6052462,3.40422022
evaluation/bill-evans-secret-sessions_01/i16_vbr_5ms_256k/master.wav,evaluation/bill-evans-secret-sessions_01/i16_vbr_5ms_256k/rust.wav,4.6115055,0.997255576,0.999356296,0.999599114,0.999538686,0.999553537,0.999675636,0.999074776,0.999308195,0.99958234,0.99957735,0.999455595,0.999374271,0.999357475,0.999227714,0.999137071,0.999135989,0.999070765,0.99915539,0.999462159,0.999520579,0.99939682,0.999433698,0.99975613,0.999834291,0.999778021,0.999483778,0.998955262,0.997242584,0.995437518,0.991491359,0.831237184,0.787729009,0.989148347,0.997774898,0.999080881,0.999154469,0.99890274,0.999192654,0.992832926,0.99623736,0.99906103,0.998849161,0.998605493,0.997515293,0.998118765,0.998151782,0.998012979,0.998441496,0.998614951,0.998612301,0.999127077,0.99917989,0.999130216,0.99916742,0.999488508,0.999757463,0.999527476,0.998413601,0.998181217,0.992567902,0.990384411,0.985302447,0.71410073,0.703422536,0.016244846,0,0.00121170154,0.000580403151,0,0,0,0,0,0.000860733799,0.00206281695,0.00253573655,0.00253277161,0.00260901118,0.00153188621,0.00222501903,0.00304331455,0.00245168669,0,0.0012372017,0.000273192724,0.000827657511,0.00107692624,0.000903031342,0.00143554109,0.00279198762,0.00349262133,0.00375763614,0.0082103809,0.00997749239,0.152854119,0.13026939,15.1823116,19.0779987,19.49855,20.0189211,19.0771155,21.420045,20.0662553,18.8941923,19.6106506,18.720578,16.7823026,15.716808,15.004,14.8369326,14.5843295,14.0218881,13.5747604,13.6327374,13.1776187,13.2585039,13.1118055,12.6159855,11.9887086,10.9529086,9.75711445,8.13990551,6.86436615,6.16623495,6.12997825,6.41022778,6.61680038,3.41854926
evaluation/bill-evans-secret-sessions_01/i16_vbr_5ms_256k/master.wav,evaluation/bill-evans-secret-sessions_01/i16_vbr_5ms_256k/c.wav,4.61220249,0.998709512,0.999488505,0.999596826,0.999576439,0.999555402,0.9996873,0.999521971,0.999558837,0.999489581,0.999543669,0.99934382,0.999489714,0.999372145,0.999287999,0.999225696,0.999163037,0.998968958,0.999293787,0.999471874,0.999478982,0.999396178,0.999355542,0.999745903,0.999825144,0.99978112,0.999513963,0.998991727,0.997423463,0.99597541,0.992081945,0.830909905,0.787878209,0.996820145,0.998770651,0.999039493,0.999136916,0.998822477,0.999375704,0.998823385,0.999257594,0.99812473,0.998563409,0.998447399,0.999213021,0.998719805,0.998744606,0.997905006,0.998005123,0.998115385,0.998952788,0.998898334,0.998840589,0.999231603,0.998895207,0.999604846,0.999661959,0.999341296,0.998497379,0.998013339,0.994800308,0.990094822,0.985662054,0.711059421,0.69873555,0.00281310935,0,0,0.000792234506,0,0,0.000924402072,0,0,0.00171779072,0.00296818876,0.00123183931,0.00145259069,0.00187750888,0.000917634435,0.00233864998,0.00316894237,0.00195146386,0,0.00111341144,0.00038060038,0,0.000927037735,0.000956908227,0.00115116939,0.0021470467,0.00284404994,0.00193307542,0.00558287625,0.0109858414,0.154481881,0.132130644,15.1920928,19.1059699,19.5314181,20.0609379,19.121242,21.4650686,20.1062669,18.9304371,19.64856,18.7600888,16.8273091,15.7553075,15.0398009,14.8751593,14.6277221,14.061624,13.6108075,13.6724309,13.2182301,13.2906079,13.1532106,12.6534648,12.0271097,10.9911531,9.79382764,8.17504168,6.89581244,6.20185983,6.16605112,6.43975185,6.65208656,3.44675378
evaluation/bill-evans-secret-sessions_01/i16_vbr_5ms_320k/master.wav,evaluation/bill-evans-secret-sessions_01/i16_vbr_5ms_320k/rust.wav,4.61282629,0.998790781,0.999617192,0.999662823,0.999741018,0.999783544,0.99983764,0.999710406,0.999768783,0.99981318,0.999834993,0.999815755,0.999805307,0.999832236,0.999808004,0.999796848,0.999798222,0.99971815,0.999789093,0.999786121,0.999718742,0.999692355,0.999726349,0.999857308,0.999880048,0.99982247,0.999684558,0.99939914,0.997749256,0.995628771,0.992209872,0.831091415,0.788304314,0.99517949,0.998639723,0.999290482,0.99953955,0.999489735,0.999625696,0.998860426,0.999354493,0.999466829,0.99954549,0.999516785,0.999666373,0.999501552,0.999605581,0.999581839,0.999666062,0.999282753,0.999639362,0.999444021,0.99939729,0.9994969,0.999562769,0.999767038,0.999754324,0.999656057,0.999081423,0.998998294,0.994342383,0.990778171,0.989443516,0.713333581,0.703147723,0,0,0,0.000702158998,0.000323841485,0,0,0,0,0,0.00116049038,0.00109928218,0.000970540211,0.00100480734,0.000646265943,0,0.00165856887,0.000830331243,0.000903278442,0.00144372137,0.00132509128,0.00100189156,0.000865550037,0.000955272722,0.00129985112,0.00179583722,0.00201226963,0.00104780394,0.00731987536,0.00895183162,0.153037348,0.130852145,15.1965273,19.0969657,19.5204088,20.0421424,19.1040862,21.4426457,20.082717,18.9160573,19.6415367,18.748751,16.8080598,15.7397502,15.0206762,14.8583937,14.6084985,14.0448786,13.5962928,13.6567199,13.2005421,13.2792932,13.1387482,12.6403967,12.0118808,10.9769497,9.77964461,8.16248726,6.88455054,6.188271,6.15173774,6.43057466,6.64055893,3.44040425
evaluation/bill-evans-secret-sessions_01/i16_vbr_5ms_320k/master.wav,evaluation/bill-evans-secret-sessions_01/i16_vbr_5ms_320k/c.wav,4.61260919,0.998904122,0.999540976,0.999694635,0.99974362,0.999771299,0.9998563,0.999760587,0.999793256,0.999821384,0.999857739,0.99981435,0.999811091,0.999811613,0.999794305,0.99981116,0.999804953,0.999754724,0.999800276,0.999768799,0.99967674,0.999663039,0.999712681,0.999848258,0.999867752,0.999835235,0.999631483,0.999209671,0.997770002,0.995916146,0.992545106,0.830766865,0.787003471,0.996977123,0.99860794,0.99934905,0.999499045,0.999364075,0.999585684,0.999128102,0.999415492,0.999452188,0.99960006,0.999641775,0.999576837,0.999403184,0.999620744,0.999696706,0.999572501,0.999470666,0.999659492,0.99960555,0.999240562,0.99942283,0.99926281,0.999751558,0.999598954,0.999631709,0.998442469,0.998009344,0.995639628,0.990392494,0.988969268,0.710533598,0.697739088,0.00282890198,0,0.000607364852,0.00034876242,0,0,0.00129179098,0.000514863631,0,0,0.00106247154,0.000842981509,0.00111348666,0,0,0.000485882984,0.00143913899,0.000711333138,0.000692681114,0.00170034548,0.00140146293,0,0,0.000745188681,0.000792693408,0.00203849195,0.00345995409,0.00313468337,0.00541274696,0.00855911975,0.154206454,0.132377519,15.1894205,19.0913517,19.5153542,20.0453561,19.0967911,21.4383084,20.0803658,18.9105467,19.6276268,18.742784,16.8035242,15.7345269,15.0188667,14.85137,14.6019552,14.0397825,13.5932338,13.6515253,13.1927694,13.2719175,13.1331769,12.6345163,12.0069391,10.9711548,9.77391429,8.15867338,6.87868483,6.18324125,6.15038513,6.42208796,6.63397628,3.42666741
evaluation/bill-evans-secret-sessions_01/i24_cbr_5ms_192k/master.wav,evaluation/bill-evans-secret-sessions_01/i24_cbr_5ms_192k/rust.wav,4.58097091,0.995309979,0.997899021,0.997968567,0.998085896,0.998422124,0.998422091,0.997611798,0.997762443,0.998102359,0.99808246,0.997481709,0.997160267,0.996412158,0.996516282,0.996696079,0.995996564,0.993498309,0.993021947,0.993477594,0.995007509,0.995379035,0.996327277,0.997970413,0.998098492,0.997837559,0.996884272,0.995186139,0.988178442,0.979954512,0.962536673,0.830341949,0.788294125,0.988940793,0.99127681,0.995424492,0.995627102,0.995951467,0.996471077,0.993529373,0.994083183,0.99332242,0.995127198,0.99301362,0.99346159,0.983310618,0.992817708,0.994830419,0.993979123,0.98824939,0.98254476,0.98559565,0.988772052,0.991814245,0.993704243,0.997248944,0.996474747,0.994377887,0.991020692,0.991182956,0.974973736,0.966318147,0.938118143,0.714486122,0.706319505,0.00633053712,0,0.00360011744,0.00459983321,0.000688648805,0.00154281466,0.00582965442,0.00318463314,0.000941591019,0.00433358553,0.00771021702,0.0056366504,0.0117632496,0.00588318454,0.00318760706,0.00470926018,0.0141778223,0.0152765591,0.020853953,0.00964931005,0.00776347163,0.00576741319,0.00390538298,0.00443883662,0.00548080711,0.00973689431,0.0115174067,0.0207272936,0.0258560632,0.0512560777,0.154071583,0.132022053,15.2029745,19.1089762,19.5417852,20.0501399,19.1401572,21.4813609,20.1287294,18.9548138,19.6713892,18.7772187,16.8408056,15.7754054,15.0585218,14.8797216,14.6221964,14.0688616,13.6301037,13.6893647,13.2397131,13.2901241,13.1561913,12.6668497,12.0369954,11.0089141,9.80450707,8.18543489,6.91050011,6.21298788,6.1754793,6.4529597,6.66762785,3.46283974
evaluation/bill-evans-secret-sessions_01/i24_cbr_5ms_192k/master.wav,evaluation/bill-evans-secret-sessions_01/i24_cbr_5ms_192k/c.wav,4.58455566,0.994260309,0.997929724,0.998106232,0.997538711,0.998301079,0.998707149,0.998097037,0.997867852,0.998123129,0.998361936,0.997815507,0.997230131,0.996933769,0.996280766,0.996715884,0.996170793,0.9935443,0.99347594,0.994174934,0.994090732,0.995161374,0.995766483,0.99762534,0.998046,0.998018266,0.997197477,0.995236488,0.991007809,0.98324872,0.965129392,0.830037082,0.784377099,0.983060182,0.994426836,0.994773819,0.98960633,0.99688605,0.997376301,0.995606704,0.995261405,0.994882658,0.996152093,0.993636545,0.993410879,0.9883559,0.987982793,0.993505857,0.993275763,0.987453287,0.982489617,0.99008939,0.986340918,0.992509141,0.991339385,0.996258156,0.995126998,0.995527604,0.993619899,0.990836062,0.984659055,0.971915172,0.937873697,0.712460586,0.700243025,0.0182993092,0.00223704108,0.000485473848,0.00345364949,0.00225648836,0.00174540826,0.00411156025,0.00493428597,0,0.00174586379,0.00519115487,0.00670492521,0.00818967739,0.00958114223,0.00411513114,0.00638667528,0.0141194994,0.0117584845,0.00853898641,0.0114607243,0.00876361216,0.00672990254,0.00376589705,0.00330413522,0.00458157739,0.00812731414,0.0127393463,0.0146743794,0.0228055699,0.0460882917,0.154559071,0.132008228,15.1820351,19.0682756,19.4988687,20.0316964,19.0747189,21.4198531,20.0630022,18.9011522,19.6104835,18.7184817,16.7852568,15.7157723,14.9997825,14.8367963,14.5734853,14.0239474,13.5866892,13.6395127,13.1661787,13.2541851,13.1328844,12.615726,11.9807162,10.9574029,9.75485551,8.12517871,6.85759603,6.16452508,6.12582812,6.3969999,6.6040985,3.40196885
evaluation/bill-evans-secret-sessions_01/i24_cbr_5ms_256k/master.wav,evaluation/bill-evans-secret-sessions_01/i24_cbr_5ms_256k/rust.wav,4.61136863,0.997580311,0.99939237,0.999570668,0.999395862,0.999530014,0.9996286,0.999226222,0.999369344,0.999562918,0.999612592,0.999420897,0.999367656,0.999329638,0.999193867,0.999094882,0.999166833,0.99896553,0.999067692,0.999416791,0.999480283,0.999243441,0.999391814,0.999769355,0.99983931,0.999723936,0.999335234,0.99887925,0.997444552,0.995421281,0.991323838,0.83101926,0.787724295,0.991672608,0.998168695,0.998808525,0.998278082,0.999082956,0.999020033,0.994672796,0.997127943,0.999036345,0.998906693,0.99870484,0.997201191,0.997713609,0.997684595,0.997407689,0.998484704,0.998300205,0.998241004,0.999080946,0.999045786,0.998474265,0.998998177,0.999588148,0.999700968,0.999432917,0.998404638,0.998352777,0.994473572,0.992205029,0.988923331,0.713793132,0.703990382,0.0126857795,0,0.00078212728,0.00168956936,0.000727162222,0,0,0,0,0.00126631286,0.00235145812,0.00268253457,0.00285628144,0.00266657101,0.0023443249,0.00204708279,0.00241120615,0.00240725354,0.00105030845,0.00234025164,0.00288074684,0.000900970938,0.000753064994,0.000904213595,0.00156434191,0.00348675822,0.00332589349,0.00144043415,0.00689059203,0.00914653509,0.153000584,0.129691307,15.1788468,19.0692399,19.4959258,20.0226125,19.0788642,21.4215454,20.0689802,18.896897,19.6122655,18.7211308,16.7829309,15.7167082,15.0018495,14.8367169,14.5847453,14.0194171,13.5772614,13.6345255,13.1784581,13.2582133,13.1164696,12.6119164,11.986375,10.9512986,9.75696737,8.13812198,6.86087205,6.16345196,6.12872141,6.40583135,6.61291324,3.41500857
evaluation/bill-evans-secret-sessions_01/i24_cbr_5ms_256k/master.wav,evaluation/bill-evans-secret-sessions_01/i24_cbr_5ms_256k/c.wav,4.6118996,0.998498708,0.999361114,0.99953165,0.99953858,0.999532312,0.999653052,0.999509261,0.999533949,0.999480804,0.999537494,0.999338137,0.999438453,0.999318746,0.999274164,0.999212637,0.999148612,0.998891667,0.999275387,0.999415782,0.999380202,0.999215365,0.999319128,0.999733564,0.999820034,0.999793913,0.999521267,0.99887454,0.997626552,0.995699574,0.991127932,0.830802656,0.788935564,0.995199918,0.998470842,0.998906816,0.998887252,0.99865295,0.999174226,0.998633897,0.999096576,0.99796487,0.998588033,0.998430582,0.998954098,0.998244736,0.998614868,0.998019728,0.998131221,0.998296501,0.998927004,0.998981484,0.998117618,0.998286795,0.998792674,0.999562064,0.999525544,0.999552864,0.998934269,0.997279837,0.994579306,0.989525848,0.985956865,0.711027211,0.700770024,0.00445132115,0,0,0,0,0,0.000815304548,0,0,0.00183448081,0.00308137621,0.0018459642,0.00189586226,0.00170806183,5.54301914e-05,0.00229802793,0.00349625299,0.001964291,0,0.0020711573,0.00225099573,0,0.000955279833,0.00107524315,0.00109179412,0.00238826206,0.0047603553,0.00300289201,0.00544773188,0.0119851395,0.15458665,0.131751346,15.2228625,19.1309739,19.5571819,20.0838291,19.1484342,21.4874616,20.1310058,18.955148,19.6705351,18.7822348,16.8505857,15.7817631,15.0621299,14.895532,14.6474547,14.0813378,13.6327572,13.6943819,13.2361862,13.3101413,13.1696016,12.6739896,12.0502036,11.0148629,9.815762,8.19885687,6.91785574,6.22339888,6.18816603,6.46316008,6.67230667,3.46883317
evaluation/bill-evans-secret-sessions_01/i24_cbr_5ms_320k/master.wav,evaluation/bill-evans-secret-sessions_01/i24_cbr_5ms_320k/rust.wav,4.61268564,0.99909382,0.999614192,0.999649544,0.99974605,0.999780818,0.999840596,0.999719492,0.99978052,0.999798358,0.999853931,0.999822742,0.999809061,0.999844804,0.999837386,0.999810692,0.999807147,0.999714142,0.999789114,0.99980231,0.99972003,0.999680694,0.999736002,0.999862865,0.999870624,0.999773717,0.999610489,0.999144038,0.99755191,0.996030545,0.991732384,0.831374761,0.788245677,0.997856886,0.998485098,0.999190934,0.999443788,0.999454039,0.999532869,0.999002353,0.999423341,0.999498213,0.999646007,0.999560919,0.999598749,0.999622333,0.9997065,0.99962883,0.999663439,0.999115093,0.999605203,0.999624353,0.999412311,0.999475976,0.999567663,0.999779471,0.999664814,0.999292304,0.998970307,0.998741165,0.994202439,0.992559962,0.98869671,0.713443365,0.703178936,0.00151722763,0,0.00101369485,0.000784561877,0,0,0,0,0,0.000227126348,0.00116633254,0.0010139506,0.000739585425,0.000464222915,0.000765375443,0.000868399028,0.00191691692,0.000953240568,0.00050835915,0.00136738722,0.00133340946,0.000987024485,0.000712035229,0.000888606351,0.00111363413,0.00197305856,0.00277909822,0.00380677786,0.00569643258,0.00998680595,0.152656399,0.130252679,15.1762775,19.0812147,19.5087327,20.0331272,19.0932736,21.4346335,20.0756089,18.906125,19.6337102,18.7409918,16.8017937,15.7347449,15.0161102,14.8525373,14.60259,14.0394343,13.5907332,13.6507041,13.1944732,13.2730834,13.132094,12.6340656,12.0059751,10.9694359,9.77333721,8.15532016,6.8786274,6.18217059,6.14491463,6.42286913,6.63283381,3.43175303
evaluation/bill-evans-secret-sessions_01/i24_cbr_5ms_320k/master.wav,evaluation/bill-evans-secret-sessions_01/i24_cbr_5ms_320k/c.wav,4.61185069,0.998867409,0.999572465,0.999681344,0.999742092,0.999768219,0.999836069,0.999736507,0.99978692,0.999816839,0.999869279,0.999805305,0.999800485,0.999812588,0.99978825,0.999800851,0.999794047,0.999731675,0.999783851,0.999748819,0.999661959,0.99966196,0.999715731,0.999854523,0.999866577,0.999827579,0.999617146,0.999032281,0.997540916,0.995559699,0.992040841,0.830727782,0.786524007,0.996742443,0.998578534,0.999388454,0.999477164,0.999455002,0.999403459,0.999109272,0.99941012,0.999457482,0.999604678,0.999557587,0.999581217,0.999501996,0.999612994,0.999653191,0.999561428,0.999455588,0.999687024,0.999540333,0.999210356,0.999420473,0.999174104,0.999749985,0.999602134,0.9996013,0.99872635,0.997941782,0.995531173,0.989893565,0.99009212,0.709240982,0.696465552,0.00360085911,0,0.000927301495,0.000202919307,0,0.000167136456,0.00138226114,0,0,0,0.000999740816,0.000672079172,0.00101890958,0.000225944775,0,0.000722586424,0.0016145576,0.000731404755,0.000858542904,0.00178372708,0.00134477913,0,0,0.000962935311,0.00102063643,0.0019907251,0.00343888526,0.00303475556,0.00564550965,0.00932305599,0.154643998,0.131804937,15.1682653,19.0723699,19.4990902,20.0301744,19.0813369,21.4209324,20.0642239,18.8951135,19.6132153,18.7256496,16.7857162,15.7181296,15.0015289,14.8353288,14.5840034,14.0215469,13.5768697,13.6329665,13.1752022,13.2544924,13.1170819,12.6187414,11.9908073,10.9548391,9.75758579,8.14165842,6.86124785,6.16582025,6.13191393,6.40292065,6.6139124,3.40823535
evaluation/bill-evans-secret-sessions_01/i24_vbr_5ms_192k/master.wav,evaluation/bill-evans-secret-sessions_01/i24_vbr_5ms_192k/rust.wav,4.58511635,0.994554513,0.997730044,0.997690402,0.99783596,0.998247874,0.998533223,0.99745419,0.998041413,0.998029203,0.998077482,0.997747711,0.997645768,0.99699713,0.996597249,0.996349837,0.996236166,0.993630544,0.992919348,0.992218829,0.994322249,0.995614361,0.996620703,0.99787852,0.997955133,0.997767026,0.997773225,0.996068542,0.990300075,0.984237434,0.963089479,0.831150439,0.786057557,0.987266982,0.992710928,0.995193158,0.995596223,0.994263552,0.996508803,0.990669478,0.996250831,0.994531547,0.995110107,0.994591127,0.994473085,0.986114989,0.990696232,0.990937454,0.994576424,0.985325093,0.983411547,0.982415287,0.982077729,0.99137886,0.993918077,0.996921677,0.995990285,0.993883061,0.993500639,0.993188776,0.979948036,0.973931526,0.945375792,0.713831199,0.703847879,0.0111486307,0,0.00428831667,0.0037118354,0,0,0.00898647603,0.0028324481,0.00211780908,0.00476987304,0.00595150433,0.00395265457,0.00886550278,0.0070586546,0.00592171029,0.00599095164,0.0152877906,0.0170380633,0.0280510007,0.0152401881,0.00768558275,0.00449631077,0.00333869483,0.00380291102,0.00583873006,0.00706414826,0.00872349528,0.0185195937,0.0219184422,0.0565154856,0.153242169,0.13034964,15.1820348,19.0686886,19.48117,20.0038631,19.0864851,21.425198,20.0628191,18.8988755,19.6261584,18.730841,16.7886512,15.7065893,14.9933129,14.8243176,14.5772123,14.0084139,13.5786255,13.6471506,13.1974618,13.261331,13.1109064,12.6223211,11.9928569,10.955614,9.7435914,8.13364652,6.85785171,6.15923222,6.12042545,6.39506589,6.60416857,3.39892793
evaluation/bill-evans-secret-sessions_01/i24_vbr_5ms_192k/master.wav,evaluation/bill-evans-secret-sessions_01/i24_vbr_5ms_192k/c.wav,4.58407426,0.994072623,0.997568555,0.997725844,0.997370119,0.998130596,0.998449824,0.997955675,0.997659751,0.997770249,0.998014446,0.997887978,0.99687592,0.997043366,0.996274742,0.996827761,0.996587152,0.995085289,0.993526109,0.994292108,0.994564692,0.994967175,0.995539393,0.997725109,0.998198812,0.997708611,0.997175384,0.995702776,0.990758849,0.982287702,0.96533734,0.829399306,0.785233603,0.981628676,0.992422279,0.992686236,0.986258335,0.995259402,0.993924705,0.994619941,0.994848754,0.990377774,0.993070407,0.995858146,0.992955643,0.992598759,0.992282621,0.992876099,0.994919894,0.990132861,0.984768948,0.98611305,0.9838732,0.991760847,0.991705149,0.995695322,0.995768165,0.993382152,0.991833009,0.993184518,0.985486178,0.95266724,0.945476368,0.711578261,0.697755576,0.0159711316,0.00588085894,0.00331677435,0.00490574671,0.00137751888,0.00486477304,0.00452941821,0.00513173244,0.00193767369,0.00365226247,0.00373056367,0.00686568607,0.00610939086,0.00813461073,0.00470187291,0.00590458851,0.00783684427,0.0113718913,0.0131407986,0.0128911725,0.0104308438,0.00927242371,0.00441857724,0.00430406331,0.0052515594,0.00707502833,0.00836093399,0.0147254887,0.0267612681,0.044363776,0.153481681,0.13198643,15.2028271,19.0764506,19.501834,20.0178493,19.0787166,21.4287873,20.0604556,18.8920921,19.6134237,18.7269768,16.7936379,15.7225139,15.0042457,14.8431855,14.5834225,14.031907,13.5845489,13.6348407,13.164204,13.2475259,13.1172697,12.6161976,11.9884484,10.961414,9.76155282,8.13290106,6.86016672,6.1627719,6.12890027,6.40082911,6.60508057,3.40512726
evaluation/bill-evans-secret-sessions_01/i24_vbr_5ms_256k/master.wav,evaluation/bill-evans-secret-sessions_01/i24_vbr_5ms_256k/rust.wav,4.61163721,0.99763766,0.999391446,0.999601068,0.999545673,0.999544538,0.999685613,0.999080187,0.999316945,0.999608894,0.999567984,0.999454671,0.9993913,0.999362365,0.999216697,0.999141026,0.999163011,0.999065996,0.999147829,0.999410623,0.999504008,0.999333615,0.999422809,0.999760218,0.999817698,0.999742199,0.999495659,0.998997498,0.997526761,0.995458026,0.991316125,0.831419132,0.787493211,0.989112443,0.998157825,0.99907138,0.999124869,0.998738263,0.99919028,0.992837178,0.99623945,0.999246381,0.998850943,0.998456475,0.997523676,0.998143791,0.998146964,0.997998378,0.998460132,0.998628786,0.998612503,0.998637983,0.99909443,0.998531542,0.999220928,0.999541789,0.99975322,0.999285488,0.998553829,0.998457827,0.994771717,0.99125321,0.988761311,0.714392263,0.704419448,0.016145056,0,0.00137015313,0.000998569846,0,0,0,0,0,0.000782048352,0.00205237376,0.00270555137,0.00241817135,0.00252197545,0.00213938379,0.00235007395,0.00274200715,0.00246725043,0,0.00153952052,0.0018091728,0.000922384868,0.001045655,0.0010274543,0.00129412517,0.0023958638,0.00336900918,0.0027865643,0.00805175716,0.0101778594,0.152527396,0.130067481,15.1831165,19.0772479,19.4992558,20.0201881,19.0772472,21.4197666,20.0664021,18.8939826,19.6096862,18.719527,16.7813365,15.7132081,15.0009632,14.8365107,14.5824145,14.019402,13.5751364,13.6347153,13.1772044,13.2564575,13.1107658,12.6120643,11.9851057,10.9494633,9.75595318,8.13680158,6.86083567,6.1620452,6.12565914,6.40641401,6.61487553,3.41622266
evaluation/bill-evans-secret-sessions_01/i24_vbr_5ms_256k/master.wav,evaluation/bill-evans-secret-sessions_01/i24_vbr_5ms_256k/c.wav,4.61209181,0.998684879,0.999471508,0.999594379,0.999558704,0.999554143,0.999695504,0.99951869,0.999559014,0.999487865,0.999538648,0.999343625,0.999493642,0.999375857,0.999264275,0.999217553,0.999191134,0.999005573,0.999320837,0.999450408,0.999464173,0.999426857,0.999363152,0.99975323,0.999834133,0.999807079,0.99958077,0.999013185,0.997584252,0.995861641,0.991458422,0.830973351,0.788152095,0.996822752,0.998627709,0.999039307,0.999136173,0.998823112,0.999371497,0.998823907,0.999265018,0.998073811,0.998553767,0.998385896,0.999207466,0.998729368,0.998680148,0.997908517,0.998128937,0.998351206,0.998994558,0.998884764,0.998866831,0.999211472,0.998949035,0.999589284,0.99966385,0.999588187,0.999116606,0.997646975,0.995349492,0.991157213,0.985893099,0.7107452,0.699502749,0.00279274229,0,0,0.00104525154,0,0,0.000941523513,0,0,0.00173881636,0.00296893822,0.00118764191,0.00131561308,0.00208638925,0.000859847593,0.00217078662,0.00304878401,0.0020158888,0,0.00129340783,0.000851964106,0.000343890804,0.000984550757,0.000916570078,0.000867057792,0.00190082815,0.0036861165,0.00357137361,0.00500439991,0.0102214363,0.154484503,0.131779954,15.1934219,19.1047674,19.5317745,20.0607421,19.1211303,21.4648643,20.1060177,18.9285533,19.6483683,18.7591743,16.8263114,15.7550122,15.0401095,14.8746559,14.6280804,14.0600473,13.6094379,13.6732247,13.2180117,13.2904986,13.1510798,12.6520815,12.0268856,10.9908079,9.79331768,8.17778541,6.89696794,6.20268385,6.16545724,6.44036015,6.65122015,3.44701832
evaluation/bill-evans-secret-sessions_01/i24_vbr_5ms_320k/master.wav,evaluation/bill-evans-secret-sessions_01/i24_vbr_5ms_320k/rust.wav,4.61274063,0.998800034,0.999639126,0.999656358,0.999745239,0.999765584,0.999823518,0.999702044,0.999766215,0.999812842,0.999856914,0.999815739,0.99980856,0.999828983,0.99981005,0.999800978,0.999793796,0.999704607,0.99979828,0.999799143,0.999712797,0.999684794,0.999730666,0.999856939,0.999867442,0.999782292,0.999663694,0.999370903,0.997508004,0.995862188,0.9923165,0.831278705,0.787629461,0.995424422,0.999002654,0.999259873,0.999523724,0.999287469,0.999623657,0.998759015,0.999323998,0.999463423,0.999672844,0.999513189,0.999675258,0.999465242,0.999584723,0.999598638,0.999680721,0.999112079,0.999640122,0.999583803,0.999464075,0.999489085,0.999566278,0.999811336,0.999667732,0.999369618,0.999248799,0.999090603,0.994469557,0.991838577,0.989164152,0.713365434,0.703713677,0,0,0,0.00082834717,0,0,0,0,0,0,0.00115398474,0.00104747003,0.000974904438,0.00101595969,0.000742212267,0.000182311261,0.00180432761,0.000793471328,0.00050946057,0.00139330918,0.00136707218,0.00105774008,0.000753815772,0.000927278926,0.00116280959,0.00170544838,0.00197688039,0.00325844943,0.00587701174,0.00929349248,0.152670263,0.130174426,15.1730183,19.073899,19.4963061,20.0199418,19.0797807,21.4185846,20.0582273,18.8907291,19.6172798,18.7255703,16.7852363,15.7170272,14.998112,14.8352232,14.5841928,14.021475,13.5733912,13.633607,13.1770522,13.2547861,13.1156991,12.6176858,11.9889192,10.9533502,9.7580032,8.13886687,6.86177128,6.16450603,6.12749928,6.4065594,6.61764403,3.41653763
evaluation/bill-evans-secret-sessions_01/i24_vbr_5ms_320k/master.wav,evaluation/bill-evans-secret-sessions_01/i24_vbr_5ms_320k/c.wav,4.61246351,0.998909577,0.999538403,0.999690075,0.999745004,0.999773881,0.999857958,0.999760229,0.999791478,0.999821396,0.999860585,0.999815441,0.999807674,0.999808938,0.999788356,0.999810023,0.999798853,0.999742938,0.999796041,0.999755561,0.999674825,0.99966723,0.999715482,0.999849207,0.999863995,0.9998313,0.999672072,0.999229972,0.997833907,0.995893056,0.992555483,0.830679858,0.78633758,0.996974222,0.998585665,0.999348716,0.999511478,0.999362316,0.999590626,0.999130804,0.999418402,0.999453095,0.999601231,0.999645849,0.999568216,0.999343822,0.99960567,0.999673424,0.999570998,0.999469401,0.999664926,0.999540637,0.999223973,0.999426826,0.999229537,0.999758131,0.999593777,0.99958325,0.998769714,0.997843938,0.9953709,0.990676936,0.989907794,0.709766045,0.697311424,0.0028865232,0,0.000471361662,0.000531559883,0,0,0.00125651274,0.000468495647,0,0,0.00105887492,0.000687730675,0.00117864193,0.000218982237,0,0.000712023602,0.00159146719,0.000721963894,0.000673898253,0.00175048709,0.00137410577,0,0.000108736,0.000994813884,0.000886618267,0.0019141129,0.00348950465,0.00425549676,0.00535689282,0.00789006784,0.154766459,0.132711372,15.1723661,19.0742828,19.4983338,20.0274437,19.0798501,21.4216738,20.0641458,18.8936323,19.6106626,18.7261099,16.7866606,15.7178281,15.0023245,14.8354553,14.585861,14.0237746,13.577597,13.6353607,13.1765969,13.255927,13.1174391,12.6187513,11.9908458,10.9553074,9.75782019,8.14279489,6.86165828,6.16643274,6.13323911,6.40441726,6.61668365,3.41070096
evaluation/bill-evans-secret-sessions_02/i16_cbr_5ms_192k/master.wav,evaluation/bill-evans-secret-sessions_02/i16_cbr_5ms_192k/rust.wav,4.50744404,0.997041232,0.998789437,0.998803823,0.998902983,0.998479891,0.995780332,0.994228956,0.997459336,0.998836973,0.99867501,0.998120204,0.997508451,0.998149876,0.997019353,0.997392315,0.996572038,0.996343343,0.993897253,0.994611587,0.99486882,0.995561813,0.996653157,0.994564757,0.998211834,0.999091055,0.999663488,0.999772711,0.998733089,0.986022405,0.960089024,0.777840259,0.520203759,0.992249906,0.996349543,0.997703925,0.996551002,0.997747945,0.990856407,0.981339862,0.994632463,0.996946691,0.996361554,0.994769774,0.991412514,0.996160264,0.990096179,0.99550895,0.993709834,0.99419692,0.990529574,0.991955981,0.991856402,0.988955658,0.988950644,0.989345187,0.996199886,0.998440241,0.999427386,0.999634628,0.997047346,0.970330643,0.939534747,0.657809371,0.3984928,0.00471814862,0,0,0.00342489626,0.000653537129,0,0.0171546359,0.00613341834,0.00411702426,0.00420104575,0.00465308332,0.00558856661,0,0.00868934531,0.00257529761,0.00386464357,0.00552805541,0.00927427031,0.00863294868,0.00797377443,0.0053096167,0,0.0149822919,0.00143366424,0.00118295524,0.00107685949,0.000696970669,0.00243671026,0.0227392371,0.0607822707,0.215506586,0.194233972,16.3635007,20.7506904,20.5273163,22.1370484,20.3612241,19.0748799,18.7495369,18.9338727,18.5398777,17.6621159,16.7144758,16.2240293,15.3821242,14.6589229,14.5010728,14.656136,13.5700195,15.6529896,14.7198158,16.2546258,15.9738095,14.5380065,13.9205677,14.1800645,11.9927703,9.43682284,6.48576175,4.25411119,3.48816634,3.58145174,3.80204815,0.902908387
evaluation/bill-evans-secret-sessions_02/i16_cbr_5ms_192k/master.wav,evaluation/bill-evans-secret-sessions_02/i16_cbr_5ms_192k/c.wav,4.50755769,0.996773865,0.998802356,0.998588931,0.998699889,0.998099943,0.996455393,0.993326987,0.996509756,0.998831114,0.998637979,0.998054276,0.998086622,0.998446807,0.997474435,0.997233608,0.996698351,0.995913579,0.994244454,0.995178705,0.995714584,0.99582965,0.996939035,0.995062323,0.998253942,0.999146025,0.99969333,0.999799126,0.998808598,0.985757762,0.968574723,0.782852225,0.498997633,0.991791777,0.996417052,0.996251365,0.99675802,0.996395861,0.993728893,0.981229903,0.992052744,0.996976842,0.996520783,0.993269513,0.994911654,0.996350193,0.991861931,0.994546296,0.994400859,0.990996629,0.989792067,0.992219223,0.992206949,0.992239754,0.990361055,0.988322177,0.996790473,0.998656163,0.999262831,0.999618928,0.997427928,0.969937021,0.951394518,0.655481093,0.386028713,0.0069647081,0,0.00235026574,0.00341206886,0.00217149678,0.00436619375,0.019803909,0.0088550036,0.0039032005,0.00348853435,0.00540275075,0.00370133257,0.00253700809,0.00722126066,0.00479964966,0.00286261909,0.00722242651,0.00856391761,0.00653506392,0.00599206923,0.00689630619,0,0.0108448004,0.00257604387,0.0012303833,0.000840624656,0.000980358715,0.00266051828,0.025243259,0.0437108315,0.213995731,0.191837225,16.2901912,20.6804886,20.4517836,22.0297455,20.3189833,18.9941141,18.7138426,18.9045098,18.4925719,17.6430013,16.716563,16.1784033,15.3138726,14.6192622,14.4769421,14.601839,13.5077617,15.6067794,14.6677608,16.1763676,15.9129583,14.4764344,13.8678753,14.1271232,11.959133,9.37982625,6.42642789,4.19198093,3.40871072,3.49422109,3.7433327,0.820138509
evaluation/bill-evans-secret-sessions_02/i16_cbr_5ms_256k/master.wav,evaluation/bill-evans-secret-sessions_02/i16_cbr_5ms_256k/rust.wav,4.5294526,0.99914246,0.999616061,0.99967594,0.999738039,0.999613014,0.99916145,0.99848697,0.999200027,0.999725701,0.999682552,0.999612148,0.999576618,0.999591707,0.999219395,0.999238981,0.999226081,0.999476638,0.999437829,0.999591966,0.999642617,0.999487928,0.999516761,0.99933364,0.999846867,0.999929755,0.999949606,0.999960524,0.999724046,0.995721847,0.992511653,0.780443732,0.518469789,0.997994543,0.998877047,0.999149032,0.999333732,0.998998762,0.998044247,0.993883093,0.997964939,0.999315047,0.999300738,0.998625921,0.998708178,0.999091842,0.997613933,0.998583024,0.997996622,0.999014108,0.998885524,0.999358196,0.999320361,0.998800101,0.998534001,0.998687172,0.999733555,0.999885218,0.9999142,0.999934238,0.999539544,0.989650793,0.988263962,0.658326198,0.402673313,0.000481984396,0,0.00108754835,0.00156194436,0,0,0.00706860664,0.00349351343,0.0018688203,0.00184940464,0.00146344675,0.00158148159,0.00105982745,0.00278294565,0.000226001092,0,0.000177968539,0,0.000505966167,0.000601942905,0,0,0.00159478782,0,0.000281579025,0,0.000264608185,0.00131342273,0.0111134483,0.0103435325,0.215347126,0.193007826,16.3503326,20.7504913,20.5076723,22.1293298,20.3811399,19.055368,18.776463,18.9662378,18.5838728,17.6982202,16.7617004,16.2333957,15.3709764,14.6563718,14.5219109,14.64262,13.5446794,15.644745,14.6991286,16.2263511,15.9516608,14.5088675,13.9043674,14.1742486,12.0006829,9.43511718,6.48463097,4.25981102,3.48305789,3.56941328,3.81228278,0.891314744
evaluation/bill-evans-secret-sessions_02/i16_cbr_5ms_256k/master.wav,evaluation/bill-evans-secret-sessions_02/i16_cbr_5ms_256k/c.wav,4.52991665,0.998344479,0.999380228,0.999693144,0.999697945,0.999606859,0.999200168,0.99866212,0.999378468,0.999736714,0.999615666,0.999511985,0.999533448,0.999642439,0.999231351,0.999339204,0.999398866,0.999421184,0.999471955,0.99959516,0.999575626,0.999465483,0.999515681,0.999400415,0.999856321,0.999933336,0.99994653,0.999954363,0.999614768,0.995937875,0.991808214,0.781407137,0.520058442,0.993335785,0.997528797,0.999279516,0.999315422,0.99936109,0.998653686,0.994938179,0.998006763,0.999325344,0.99881539,0.998548659,0.998963838,0.999383244,0.995954217,0.998758685,0.998989428,0.998834209,0.998863233,0.999016014,0.999051551,0.99901306,0.998901166,0.998310283,0.999730637,0.999915272,0.999902567,0.999909402,0.999110662,0.991835291,0.983455866,0.666293823,0.403421242,0.00376732561,0,0.000612759166,0.00160537837,0.00050711319,0,0.00515756973,0.00249832899,0.001750194,0.00236935032,0.00211562206,0.00132282067,0.000781850821,0.00409621422,0,0,0.000529359301,0.00108961325,0.00124380215,0.00132618208,0,0,0.00178271421,0,0.00013977219,0.000464234859,0.00037080259,0.00137976838,0.00759306721,0.0115413335,0.214124776,0.193143674,16.3526703,20.7550912,20.5092082,22.1351046,20.3911334,19.0629969,18.7702633,18.976042,18.5906371,17.7021878,16.7646871,16.2474876,15.3885143,14.6696963,14.5263909,14.6511428,13.5483531,15.6431086,14.7047062,16.2372682,15.9582806,14.5158325,13.913665,14.1830266,12.0119637,9.44191812,6.48890977,4.26445222,3.48882707,3.57296498,3.81915642,0.898730669
evaluation/bill-evans-secret-sessions_02/i16_cbr_5ms_320k/master.wav,evaluation/bill-evans-secret-sessions_02/i16_cbr_5ms_320k/rust.wav,4.5328903,0.999310314,0.999782577,0.999807882,0.999831919,0.999790855,0.999555648,0.999121668,0.999707204,0.999902002,0.999877001,0.99986623,0.999882049,0.999907911,0.999802522,0.999792363,0.999807665,0.999825275,0.999796267,0.999813494,0.999768231,0.999757275,0.999793435,0.999634948,0.999882744,0.999933622,0.999953575,0.999967167,0.999702118,0.996380628,0.993395242,0.780302492,0.528914674,0.998119212,0.999437981,0.999650229,0.999573373,0.999332734,0.999006784,0.996505678,0.999215624,0.999776895,0.999690126,0.999669475,0.999750601,0.999850912,0.999290363,0.999632828,0.999670843,0.999534168,0.999644078,0.999695172,0.999464818,0.999265572,0.999449712,0.999164514,0.999813863,0.999888348,0.999924632,0.999944008,0.999409766,0.993227339,0.990723923,0.655767243,0.409382029,0,0,0,0.00112526077,0,0,0.00417337375,0.00202023083,0.00103699861,0.00105088397,0,0,0,0.000756598324,0,0,0,0.000444463769,0.000353908763,0.00096177068,0,0,0.000825096052,0,0.000511185687,0.000442905822,0.000338014001,0.00126973906,0.00958261594,0.00905575876,0.216692305,0.194030048,16.3721801,20.7986994,20.5538564,22.177327,20.4279381,19.0994671,18.8180023,19.0117025,18.6215978,17.7408032,16.8011171,16.2733678,15.4175278,14.6983468,14.5613842,14.6812263,13.5818422,15.6818127,14.7426554,16.2737439,15.9963174,14.5527427,13.9490453,14.2199226,12.0466303,9.48668325,6.52909717,4.30389041,3.52619716,3.61355952,3.85717701,0.936660764
evaluation/bill-evans-secret-sessions_02/i16_cbr_5ms_320k/master.wav,evaluation/bill-evans-secret-sessions_02/i16_cbr_5ms_320k/c.wav,4.52857276,0.999111443,0.999737367,0.999782957,0.999829961,0.999788858,0.999493272,0.999162408,0.99973292,0.999897265,0.999883941,0.999886841,0.999889904,0.999900431,0.999824022,0.999809612,0.999832349,0.999856813,0.999836607,0.999845251,0.999751635,0.999738517,0.999811015,0.99975467,0.999897123,0.99994836,0.999963912,0.999969898,0.999717766,0.996154171,0.992386693,0.78111084,0.512563313,0.997730536,0.999412399,0.999585192,0.99962974,0.999574866,0.998752946,0.996988408,0.999482267,0.999701058,0.999637456,0.999630918,0.99969176,0.99983023,0.99945507,0.999719275,0.999753633,0.999615958,0.999679369,0.999740895,0.999529507,0.999538592,0.999451186,0.999639075,0.999805996,0.999913227,0.999954082,0.999951358,0.999222502,0.99230026,0.987325326,0.665154061,0.403656907,0.00182529911,0,0,0.00100526652,0,0,0.00180935621,0.00138895833,0.00102145473,0.00121383053,0.00073405969,0.000753878399,0,0.000909575116,0,0,0,0.000224786541,0,0.00129510459,0,0,0.000314313751,0,0,0,0.000105913653,0,0.00565167107,0.00742688129,0.213952149,0.192254495,16.3099643,20.727245,20.4749278,22.0948934,20.351187,19.0210972,18.7419579,18.9356565,18.5505153,17.6717438,16.728882,16.200806,15.3474166,14.6273235,14.4890484,14.6102429,13.5091774,15.6114385,14.6693677,16.1999913,15.9236462,14.4802446,13.8775882,14.1476766,11.976438,9.40841224,6.45615274,4.23200937,3.45544903,3.53951926,3.78537239,0.866466661
evaluation/bill-evans-secret-sessions_02/i16_vbr_5ms_192k/master.wav,evaluation/bill-evans-secret-sessions_02/i16_vbr_5ms_192k/rust.wav,4.50813293,0.997201212,0.99871352,0.998514536,0.998878394,0.998448614,0.996266581,0.995581455,0.997429848,0.998708851,0.99859106,0.998222923,0.997748303,0.998472657,0.997260722,0.997138194,0.996512094,0.996458188,0.994133312,0.995200866,0.994959143,0.995723454,0.99685732,0.994377075,0.99832721,0.999128842,0.999681123,0.999795489,0.998951146,0.987448744,0.965507696,0.780341862,0.505829437,0.994113933,0.995913517,0.996143162,0.996991262,0.997577239,0.990385319,0.98890014,0.994956942,0.997240161,0.996510883,0.995332956,0.993450338,0.997242784,0.988317162,0.993416479,0.994385706,0.993332272,0.990829793,0.99290271,0.990063429,0.990130315,0.992081443,0.987421176,0.997134446,0.998532924,0.999476358,0.999689574,0.997433943,0.978918277,0.947172181,0.659465669,0.378304856,0.00498727651,0,0.00224326988,0.0032204222,0.00158941848,0,0.00903328145,0.00593278428,0.00433208387,0.00447502624,0.00411993739,0.00354427561,0,0.0083529872,0.0062094386,0.00375454322,0.00615779097,0.00891020358,0.00651079503,0.00793671651,0.00503649956,0,0.0133595931,0.00128865773,0.00125070107,0.000817047323,0.000911433163,0.00164390453,0.0241927442,0.0463743578,0.213809243,0.194466533,16.3014104,20.6709926,20.4402054,22.0410932,20.3291134,19.0134136,18.7203328,18.9054824,18.5106175,17.6550758,16.7306697,16.196062,15.3294291,14.6342489,14.47864,14.6061495,13.5049441,15.6137123,14.676014,16.1970681,15.9300413,14.4840706,13.8761021,14.1342802,11.9604625,9.39273016,6.43650131,4.20109457,3.42839114,3.52605671,3.74855195,0.842896598
evaluation/bill-evans-secret-sessions_02/i16_vbr_5ms_192k/master.wav,evaluation/bill-evans-secret-sessions_02/i16_vbr_5ms_192k/c.wav,4.51043854,0.995370076,0.9986901,0.998692258,0.998659025,0.998351922,0.996597894,0.993593358,0.99671029,0.998701484,0.998199772,0.997842412,0.997867215,0.998429804,0.997231186,0.997127852,0.996621153,0.996750385,0.994564448,0.995677294,0.995924556,0.995816619,0.996913878,0.995968016,0.998381105,0.999153544,0.999705815,0.999814077,0.998849886,0.985923689,0.971233171,0.779142857,0.511045018,0.981895726,0.996122358,0.997510979,0.996069779,0.99654528,0.993287551,0.982061148,0.992163854,0.99543827,0.995961504,0.992481872,0.992964797,0.997467632,0.98757967,0.991766801,0.994171752,0.993628355,0.989561168,0.991720061,0.993915131,0.992096049,0.991457948,0.990850011,0.997332587,0.998799914,0.999571794,0.999668925,0.996437391,0.969295469,0.951739046,0.660470053,0.400903993,0.0162040754,0,0.0025489106,0.00450202197,0.00361865111,0.00438990776,0.0178938972,0.00806162702,0.00462030611,0.00626938694,0.00582954859,0.00460174748,0.00132466715,0.0107841596,0.00836898042,0.00473719208,0.00101053319,0.00861669756,0.00514618402,0.00527712191,0.00763973539,0,0.00905787795,0.000742273128,0.00101038192,0,0.00071544669,0,0.027456803,0.0356455819,0.216366533,0.193246779,16.3350314,20.7355377,20.504394,22.1259912,20.3925814,19.0763718,18.7606964,18.969973,18.5827736,17.6893742,16.7635643,16.2227057,15.3634054,14.646579,14.5076784,14.6243577,13.5405089,15.6484346,14.7110651,16.2187662,15.9374041,14.5013402,13.9026176,14.1668457,12.0064568,9.42106386,6.47509447,4.25177357,3.47485112,3.56021813,3.79728001,0.874004876
evaluation/bill-evans-secret-sessions_02/i16_vbr_5ms_256k/master.wav,evaluation/bill-evans-secret-sessions_02/i16_vbr_5ms_256k/rust.wav,4.53044721,0.999127404,0.999623353,0.999676325,0.999739998,0.999542871,0.999076712,0.998524645,0.99919481,0.999717164,0.999655755,0.999621746,0.999578904,0.999618613,0.999252318,0.999259467,0.999260916,0.9994891,0.99943178,0.999599271,0.999525167,0.999349188,0.999492315,0.999418481,0.999838349,0.999928941,0.999949751,0.999956884,0.999717307,0.995972088,0.993221183,0.780549977,0.520553226,0.998043284,0.999124814,0.999101568,0.999458847,0.998970941,0.997771536,0.993974547,0.998325652,0.999348171,0.999180314,0.998935589,0.998869246,0.99925933,0.997704732,0.998419766,0.998267122,0.999042705,0.998890834,0.999162798,0.998807546,0.998735476,0.998408817,0.998519711,0.999749162,0.99987567,0.999895597,0.999931883,0.999392199,0.992175788,0.990262731,0.657005229,0.40273975,0,0,0.000334890991,0.00145279671,0,0,0.00694750876,0.00345061422,0.00178047671,0.00200896851,0.0012595886,0.00118100426,0.000801697264,0.00243346334,0,0,0,0,0.00108197319,0.0014209786,0,0,0.0022485323,0.0002112062,0.000516136688,0,0.000230553457,0.000684359919,0.0099640808,0.00868640422,0.215397768,0.193569559,16.3572851,20.7582325,20.5150583,22.1398836,20.3911089,19.0618497,18.7850572,18.9737588,18.5893301,17.7045805,16.7685608,16.2403714,15.3817251,14.6612671,14.5269049,14.651394,13.5525721,15.6472774,14.7089175,16.2395338,15.9586222,14.5157968,13.9121578,14.1803889,12.0075985,9.4430488,6.49108594,4.26601433,3.48881109,3.57675582,3.82038712,0.90071503
evaluation/bill-evans-secret-sessions_02/i16_vbr_5ms_256k/master.wav,evaluation/bill-evans-secret-sessions_02/i16_vbr_5ms_256k/c.wav,4.52933112,0.998647999,0.99945908,0.999665245,0.999698269,0.999630154,0.999205059,0.998546563,0.999392393,0.999725815,0.999625788,0.99951549,0.99955097,0.999631661,0.999231106,0.999370372,0.999439077,0.999431957,0.999505273,0.999635299,0.999616784,0.999494267,0.999516604,0.999437179,0.999849888,0.999935376,0.999953204,0.999960512,0.999669493,0.996220101,0.992197874,0.781406568,0.516189428,0.994950046,0.997958114,0.999392092,0.999362311,0.999390863,0.998478261,0.994298888,0.998634108,0.99932635,0.998944269,0.998796643,0.999048959,0.999371926,0.995919839,0.998758187,0.999063271,0.998912268,0.999078275,0.999221574,0.999303475,0.999004508,0.99900948,0.998982065,0.999658304,0.999869103,0.999929291,0.999933317,0.99902718,0.990679662,0.984767158,0.66594161,0.404506954,0.00319090417,0,0,0.00144581461,0.000865750499,0,0.00562649859,0.00211407207,0.00174420084,0.00217956705,0.00197706472,0.00105751915,0,0.00407147661,0,0,0.000368235474,0,0,0.00129645029,0.00128364095,0,0.00134369198,0.000501776627,0,0.000235638165,0,0,0.00530698462,0.0103600243,0.213909512,0.192433892,16.3267068,20.7418252,20.4949153,22.1214165,20.3775622,19.0485298,18.756701,18.9617244,18.5728512,17.6853729,16.7494561,16.2299308,15.3735793,14.652324,14.5057187,14.6318458,13.527668,15.6280692,14.686451,16.2155717,15.9433704,14.501037,13.8975063,14.1646445,11.9930918,9.42517618,6.47269194,4.24655189,3.4711705,3.55553935,3.80241177,0.88264301
evaluation/bill-evans-secret-sessions_02/i16_vbr_5ms_320k/master.wav,evaluation/bill-evans-secret-sessions_02/i16_vbr_5ms_320k/rust.wav,4.53191,0.999330753,0.999731384,0.999782584,0.999836142,0.999802001,0.999560358,0.998797412,0.999700723,0.999890114,0.999865737,0.999848529,0.999867756,0.999906572,0.999782985,0.999776879,0.99981969,0.999833532,0.999802249,0.99983374,0.999773219,0.999762131,0.999813005,0.99963244,0.9998841,0.999936622,0.999956931,0.999971614,0.999731174,0.996112383,0.993222853,0.780260207,0.525890654,0.997932428,0.999154832,0.999635795,0.999597854,0.999541036,0.999222867,0.992767997,0.999226146,0.99966046,0.999606543,0.99953623,0.999772159,0.999817152,0.999042919,0.999476151,0.999713446,0.999549728,0.999636434,0.999707509,0.999504049,0.999356698,0.999511549,0.999172021,0.999817328,0.999879959,0.999930572,0.999952439,0.999404968,0.993429442,0.988341637,0.655688621,0.41227654,0.00108804196,0,0,0.00100830531,0,0,0.00845298409,0.00197573635,0.00118166387,0.00126788749,0.000470871254,0,0,0.00125065715,0,0,0,0,0.000303609766,0.00066559212,0,0,0.000678555011,0,0.0005174272,0.000439514199,0.00022514535,0.00116658561,0.0105370112,0.00910429246,0.216200507,0.193320606,16.355271,20.7893224,20.5429089,22.1643496,20.4220357,19.0843968,18.8082469,18.9993612,18.6112691,17.7298891,16.7914893,16.2621728,15.4062971,14.6881321,14.5506343,14.6713444,13.5712991,15.6726443,14.7317406,16.2617822,15.985038,14.5429412,13.9386093,14.2096066,12.0373541,9.47436416,6.51791389,4.29337773,3.51541296,3.60255514,3.84580317,0.925719971
evaluation/bill-evans-secret-sessions_02/i16_vbr_5ms_320k/master.wav,evaluation/bill-evans-secret-sessions_02/i16_vbr_5ms_320k/c.wav,4.52872716,0.999318642,0.999663698,0.999814492,0.999841459,0.999790465,0.99947017,0.999182996,0.999718118,0.999906106,0.999884358,0.999870572,0.999892993,0.999908019,0.999833225,0.99981424,0.999819837,0.999851512,0.999825675,0.999827789,0.999729497,0.999734105,0.999805619,0.999746138,0.99990161,0.999949932,0.999963363,0.999972129,0.999731262,0.996320614,0.99269075,0.780997317,0.512387905,0.997712525,0.9984824,0.999667351,0.999507725,0.999670854,0.99896105,0.996390299,0.999248928,0.999744857,0.999690973,0.999596697,0.99973231,0.999829486,0.999528666,0.999716665,0.999589024,0.999561527,0.999663229,0.999655004,0.999543228,0.999527067,0.999433784,0.999644748,0.999845974,0.999919902,0.99994902,0.99995445,0.999089948,0.992693445,0.987035057,0.666576709,0.400530962,0,0,0,0.00110294762,0,0,0.00336233795,0.00181608623,0.00105566211,0.00119197256,0.000859100619,0.000658025684,0,0.000748637604,0,0,0,0.000365688221,0.000797964446,0.00149020704,0,0,0.000515933869,0,0,0,0,0,0.0062798362,0.00796307927,0.213878842,0.192101194,16.3134732,20.722902,20.4731271,22.0936327,20.3539599,19.0228798,18.7426635,18.9360201,18.5526654,17.6694979,16.7269942,16.1988354,15.3465019,14.6258691,14.4874189,14.6093365,13.5093179,15.611201,14.669443,16.1998263,15.9239249,14.4787682,13.8755275,14.1455252,11.9753896,9.40844304,6.45549497,4.23115676,3.4550149,3.5381907,3.78332181,0.865293584
evaluation/bill-evans-secret-sessions_02/i24_cbr_5ms_192k/master.wav,evaluation/bill-evans-secret-sessions_02/i24_cbr_5ms_192k/rust.wav,4.50843737,0.997060761,0.998744652,0.998829461,0.998938225,0.998455168,0.995964268,0.994198563,0.997423799,0.99887791,0.998727342,0.998039506,0.997585478,0.998349715,0.997257459,0.997455582,0.996468108,0.996365557,0.994098427,0.994765079,0.995138948,0.995723591,0.996592405,0.994569025,0.998176059,0.999073991,0.999669862,0.999778812,0.998797835,0.98581968,0.961677686,0.775902864,0.524528017,0.993486249,0.995199458,0.998029702,0.996475057,0.997766448,0.990854928,0.981220096,0.994329319,0.997097957,0.99646588,0.994441009,0.991534699,0.996587288,0.99180044,0.995090633,0.993791724,0.993986207,0.990166292,0.992037312,0.991838588,0.988755387,0.98932383,0.989573076,0.995857421,0.998267503,0.999463701,0.999668399,0.996606156,0.969560506,0.939258452,0.634608975,0.400761349,0.00578431951,0,0.00129945755,0.00337272119,0.00136155427,0,0.0169860725,0.00632629856,0.00376938346,0.00399242839,0.00500127037,0.00532362815,0,0.00803494076,0,0.00404802648,0.00494319576,0.00899360242,0.00909286894,0.00866611767,0.00700665329,0,0.0147481467,0.000971005923,0.00141528291,0.000952841655,0.000717605569,0.00111014004,0.0247152638,0.0594107667,0.217628096,0.193995933,16.3536683,20.8242648,20.5445044,22.167757,20.3919463,19.0952554,18.7956338,18.9625179,18.5561184,17.6810236,16.8094671,16.2445954,15.383668,14.690649,14.5169836,14.6444307,13.5548721,15.6662905,14.7112909,16.2523447,15.9857771,14.5460465,13.9326872,14.2013015,12.0230178,9.46695636,6.51824024,4.2856043,3.51312546,3.60822972,3.83093463,0.934634308
evaluation/bill-evans-secret-sessions_02/i24_cbr_5ms_192k/master.wav,evaluation/bill-evans-secret-sessions_02/i24_cbr_5ms_192k/c.wav,4.5080356,0.99663279,0.998756916,0.998742654,0.998829317,0.998270257,0.996364888,0.993392161,0.996532913,0.998820588,0.998657788,0.997983866,0.998024962,0.998411009,0.997553296,0.997344131,0.996590907,0.996076913,0.994621343,0.994953546,0.995379887,0.995757989,0.996687497,0.994894651,0.998227732,0.999111364,0.999695153,0.999798559,0.998901586,0.98536527,0.968338246,0.782946054,0.501963081,0.991192269,0.996514861,0.996457661,0.997087237,0.996583052,0.994172711,0.981287878,0.99118601,0.99696244,0.996817456,0.993627169,0.99491178,0.996576099,0.992890046,0.995521028,0.99458708,0.990986105,0.9898733,0.990285675,0.991586673,0.992502108,0.991592139,0.988332368,0.996790795,0.998669411,0.999315169,0.999613924,0.997438801,0.972581731,0.951917433,0.656391049,0.384564626,0.00758952371,0,0.00286964012,0.00362157487,0.00211365765,0.00186147499,0.0190762372,0.00912040927,0.00387511858,0.00389607496,0.00581254607,0.00359790088,0.00284411661,0.00670671045,0.00398875008,0.00278159616,0.00742479093,0.00850715455,0.00781706977,0.00678879687,0.00681013348,0.00511872366,0.0125169838,0.00228620832,0.000852411985,0.000815090166,0.0008555291,0.00294843681,0.0235484096,0.0383729415,0.212196684,0.192475149,16.3034354,20.6892066,20.4791562,22.035001,20.3025905,19.003067,18.703108,18.8897631,18.4757358,17.6311417,16.68348,16.1812683,15.3306648,14.6287502,14.4724896,14.6220808,13.528239,15.637019,14.6983972,16.2011607,15.926563,14.5035189,13.8958757,14.1513276,11.9800724,9.39758736,6.44348479,4.20303746,3.42295351,3.50745434,3.75494946,0.832595981
evaluation/bill-evans-secret-sessions_02/i24_cbr_5ms_256k/master.wav,evaluation/bill-evans-secret-sessions_02/i24_cbr_5ms_256k/rust.wav,4.53166524,0.999161252,0.999612747,0.999680316,0.999742838,0.999617353,0.999165333,0.998450225,0.999183923,0.999739842,0.999688686,0.999608082,0.999573912,0.999597311,0.999204466,0.999244944,0.999267438,0.999522754,0.999451623,0.999596725,0.999632922,0.999485926,0.999507053,0.999344942,0.999840119,0.9999273,0.999948024,0.999958784,0.99966082,0.995684126,0.992722938,0.780608413,0.526981622,0.9980243,0.998876614,0.999148911,0.99933415,0.998998658,0.998043825,0.993418408,0.997624648,0.999313978,0.999299822,0.998610809,0.998721182,0.99921834,0.997607918,0.998553777,0.998453076,0.999030787,0.998888702,0.999364444,0.999322221,0.998749461,0.998492988,0.998647803,0.999733377,0.999887868,0.99991222,0.999939147,0.999201325,0.989204595,0.988556639,0.657529871,0.403325343,0,0,0.00104475795,0.00153185334,0,0,0.00734046663,0.00357504685,0.00177938492,0.00181102999,0.00150536048,0.0016087923,0.00099676905,0.00284666645,0,0,0,0,0.000519620423,0.000647773761,0,0,0.0012966945,0,0.000312794504,0.000131005524,0.000353920588,0.00211168032,0.0110267558,0.00929050922,0.215511242,0.194727737,16.3894262,20.7875539,20.543348,22.1655118,20.4171523,19.091831,18.8121104,19.0019835,18.6166597,17.7354708,16.7996827,16.2704557,15.409355,14.6941499,14.5591295,14.6808084,13.5818289,15.6808677,14.736501,16.2650867,15.990536,14.5466137,13.9418401,14.2117364,12.0379164,9.4718901,6.5223397,4.29591517,3.51607826,3.60452267,3.84904755,0.928679011
evaluation/bill-evans-secret-sessions_02/i24_cbr_5ms_256k/master.wav,evaluation/bill-evans-secret-sessions_02/i24_cbr_5ms_256k/c.wav,4.52902899,0.998365937,0.999381747,0.999691158,0.999700584,0.999607165,0.999208674,0.998664977,0.999361314,0.999734349,0.999621053,0.999523672,0.999544421,0.999643634,0.999230022,0.999334119,0.999397893,0.999408326,0.999467917,0.999608232,0.999568787,0.999481781,0.99951786,0.999377139,0.999857815,0.99993327,0.999948824,0.999954332,0.999593383,0.995247996,0.99142388,0.781228599,0.518975583,0.993334275,0.997530994,0.999268486,0.999315626,0.999359674,0.99865909,0.994920604,0.997847103,0.999337777,0.99884893,0.998567044,0.999006478,0.99938776,0.995948118,0.998760495,0.999001701,0.998819558,0.998895493,0.999270073,0.999228553,0.999043227,0.998905687,0.998315512,0.999729594,0.999912846,0.999921782,0.999907645,0.9988746,0.990911344,0.984687768,0.667393009,0.402021863,0.00367278371,0,0.000518561015,0.00157948273,0.000503223054,0,0.00524809042,0.00256754595,0.00175487651,0.00234068957,0.00202609092,0.00120659532,0.00078006173,0.00409796949,0,0,0.000432543886,0.0012119051,0.00103566898,0.00150849861,0,0,0.00201325409,0,0.000301697941,0.000299159327,0.00049140055,0.00191917292,0.00997214553,0.0117988073,0.213969143,0.193178331,16.3497647,20.7520401,20.5055109,22.1317977,20.3875237,19.0590778,18.7669482,18.972537,18.5870722,17.6986658,16.760608,16.2431508,15.3845818,14.6660697,14.5225259,14.64694,13.5444148,15.6414624,14.702513,16.2337059,15.9557443,14.5117323,13.9100432,14.1778656,12.0086533,9.43931334,6.48512694,4.26016163,3.48565608,3.569106,3.81496636,0.894855108
evaluation/bill-evans-secret-sessions_02/i24_cbr_5ms_320k/master.wav,evaluation/bill-evans-secret-sessions_02/i24_cbr_5ms_320k/rust.wav,4.53206656,0.999303768,0.999785189,0.999813705,0.999827253,0.999789988,0.99954581,0.999086365,0.999717115,0.999902527,0.999874721,0.999865996,0.999876942,0.999907697,0.999802821,0.999788501,0.999807948,0.999829716,0.999791232,0.999812537,0.999767372,0.999760484,0.999796824,0.999655489,0.99988459,0.999935378,0.999955391,0.999966814,0.9997032,0.996698595,0.993174096,0.780150848,0.525501393,0.998115813,0.999426139,0.999629572,0.999573975,0.999314516,0.99899417,0.996189053,0.999349704,0.999768534,0.999681685,0.999701529,0.999764479,0.999852454,0.999287739,0.999589883,0.999657639,0.999641568,0.999642723,0.999693423,0.999462922,0.99931572,0.999464667,0.999179072,0.999836018,0.999892723,0.999921198,0.999945086,0.999151235,0.992589526,0.987880093,0.656046671,0.408448451,0,0,0,0.00106969012,0,0,0.0043090147,0.00190658796,0.00101151887,0.00106860203,0,0,0,0.000764211059,0,0,0,0,0.000329208752,0.000920732192,0,0,0,0,0.000462201026,0.000363939182,0.000312681981,0.00168668802,0.00917081345,0.00853811612,0.216510902,0.193939913,16.3570744,20.7840454,20.5384036,22.1631102,20.413608,19.0843946,18.8026411,18.9964646,18.6081054,17.726583,16.7868068,16.2589348,15.4032539,14.6839751,14.5469533,14.6667549,13.5671303,15.6676883,14.7281222,16.258678,15.9813503,14.5383522,13.9349953,14.2063031,12.0322751,9.47108517,6.51505643,4.28920942,3.51111971,3.59799811,3.84029934,0.922290418
evaluation/bill-evans-secret-sessions_02/i24_cbr_5ms_320k/master.wav,evaluation/bill-evans-secret-sessions_02/i24_cbr_5ms_320k/c.wav,4.52809478,0.999135419,0.99971684,0.999782934,0.999829063,0.99978433,0.999490392,0.999153269,0.999729277,0.999895924,0.999885657,0.999885674,0.999891668,0.999903024,0.999829722,0.999815404,0.999831869,0.999856997,0.999845347,0.999849576,0.999752717,0.999736775,0.999810826,0.999760188,0.99989424,0.999947975,0.999962703,0.999968528,0.99970304,0.995973681,0.992232056,0.781284611,0.511088298,0.997738636,0.999143645,0.999584551,0.999628772,0.999569351,0.998752739,0.996987376,0.999515522,0.999705181,0.999643284,0.999636215,0.999707042,0.999829031,0.999460797,0.999719547,0.999752845,0.999619605,0.999676228,0.999762304,0.999530597,0.999532455,0.999436123,0.999640348,0.999803336,0.999911822,0.999943372,0.999950075,0.999172113,0.992073269,0.986118531,0.66656044,0.398850717,0.00160562392,0,0,0.0010773553,0,0,0.00185620903,0.00143481625,0.00104355752,0.00120337626,0.000723287073,0.000709747124,0,0.00102455298,0,0,0,0,0,0.00126944434,0,0,0.000405892505,0,0,0,9.46183711e-05,0.000733933903,0.00733516312,0.00820278352,0.213911511,0.191843754,16.3047559,20.7221283,20.468744,22.0888194,20.345001,19.0141978,18.7342024,18.9284238,18.5436057,17.6647386,16.7217818,16.1934084,15.3401855,14.6199312,14.4820665,14.6031625,13.5021532,15.6034,14.6612375,16.1923785,15.9160871,14.4734107,13.8702168,14.1403186,11.9690282,9.40138638,6.44852921,4.22361357,3.44671135,3.53186809,3.77809314,0.859369428
evaluation/bill-evans-secret-sessions_02/i24_vbr_5ms_192k/master.wav,evaluation/bill-evans-secret-sessions_02/i24_vbr_5ms_192k/rust.wav,4.50688225,0.997370708,0.998764388,0.998493825,0.998829751,0.998457442,0.996229928,0.995186966,0.997466601,0.998697235,0.998635774,0.998225472,0.997667073,0.998470497,0.997073992,0.99690731,0.996467949,0.996400394,0.993464236,0.994909523,0.995099565,0.995942057,0.996824936,0.994523666,0.998349362,0.999196969,0.999690931,0.999780686,0.998900086,0.98744298,0.966548293,0.780056615,0.499582256,0.993793054,0.995609956,0.996239035,0.996635213,0.997698115,0.991587096,0.988646291,0.995274438,0.996979551,0.996538162,0.994864098,0.99320314,0.996837924,0.988495555,0.991872612,0.993951526,0.99329723,0.989272946,0.992734646,0.990862264,0.990596107,0.990978074,0.987308211,0.996895649,0.998700508,0.999499373,0.999617166,0.997930026,0.977209365,0.952496353,0.661211559,0.376538701,0.00317344567,0,0.00140691559,0.00283817247,0,0,0.00894577664,0.0056895949,0.00436489259,0.00424994993,0.00416953544,0.00347638682,0,0.00902162174,0.00568518708,0.00428174094,0.00446546352,0.0110343888,0.00650054307,0.00797552106,0.0031249786,0,0.0132632942,0,0.00130802097,0.000697156066,0.0010293511,0.00236198285,0.0243324002,0.0452061164,0.214284251,0.194068204,16.2922552,20.6463782,20.4343808,22.0064783,20.26145,18.9788818,18.6710272,18.8531289,18.4568902,17.6091305,16.6623306,16.1647294,15.3124249,14.6161264,14.4582964,14.5990895,13.4884727,15.6049242,14.6709431,16.1886046,15.913622,14.4787833,13.866502,14.1219347,11.9389827,9.37402783,6.42038909,4.17507863,3.40279243,3.50678621,3.73246072,0.821150634
evaluation/bill-evans-secret-sessions_02/i24_vbr_5ms_192k/master.wav,evaluation/bill-evans-secret-sessions_02/i24_vbr_5ms_192k/c.wav,4.50983965,0.9955382,0.998601239,0.998555835,0.998880527,0.99830652,0.996499707,0.993923822,0.996627085,0.998700887,0.998536486,0.997983705,0.997903788,0.998488112,0.997582383,0.99714525,0.996517224,0.996904793,0.994539538,0.995367314,0.995135137,0.995423444,0.99687861,0.995259561,0.998257474,0.999115783,0.999700967,0.999814606,0.998752407,0.984796342,0.969117254,0.779010182,0.515219447,0.981945977,0.996168681,0.99729404,0.997084509,0.996951922,0.994000944,0.982189873,0.992197048,0.995446881,0.996011757,0.992789525,0.993049026,0.997455012,0.992054316,0.99323618,0.994185806,0.994291862,0.990236025,0.991730486,0.988501398,0.991780346,0.991573785,0.99110099,0.99732597,0.998742481,0.999574847,0.999654896,0.996178458,0.967511342,0.950561972,0.659486394,0.40422318,0.0156452858,0,0.00258792715,0.00351723125,0.00301347064,0.00434525936,0.0164951059,0.00803964445,0.00464197805,0.00463296464,0.00528137489,0.0045095232,0.0014289924,0.00728417794,0.00707382051,0.00520412168,0.00158711167,0.00918856204,0.00641677117,0.00745891294,0.00849903634,0,0.0111947952,0.00180832754,0.00112983381,0,0.000580795255,0,0.0273858162,0.0399265613,0.215014688,0.193131005,16.3688073,20.7594811,20.5363873,22.1281452,20.3652785,19.0832579,18.7624063,18.96619,18.5716007,17.6834082,16.7459675,16.2371089,15.3964932,14.67571,14.5168791,14.6555795,13.5663566,15.6927496,14.7520785,16.2524225,15.9687408,14.5392229,13.9370309,14.1973436,12.0347123,9.45134743,6.50321422,4.27209555,3.49994363,3.58220791,3.81712605,0.893845075
evaluation/bill-evans-secret-sessions_02/i24_vbr_5ms_256k/master.wav,evaluation/bill-evans-secret-sessions_02/i24_vbr_5ms_256k/rust.wav,4.53191462,0.999122032,0.999622767,0.999680167,0.999745692,0.999553383,0.999088402,0.998521944,0.999196227,0.999717296,0.999657419,0.999626284,0.99958221,0.999615078,0.999248247,0.999261246,0.999270544,0.999507881,0.999425001,0.999591939,0.999515873,0.999347726,0.999482289,0.999399475,0.999841297,0.999928041,0.999948402,0.999958768,0.999699294,0.996006376,0.993193584,0.780548821,0.526463944,0.998028661,0.999124172,0.99910149,0.999467225,0.999002715,0.997843998,0.993914913,0.998327703,0.999389738,0.999184743,0.998975966,0.998887933,0.999251806,0.997687987,0.998385613,0.998260909,0.999045541,0.998892268,0.999192467,0.998737379,0.998720474,0.998320204,0.998509876,0.999749515,0.999878351,0.999885401,0.999936561,0.999219815,0.990280754,0.988649863,0.657748558,0.403040858,0,0,0.000333409025,0.00141769772,0,0,0.00698986317,0.00345307192,0.00177792485,0.00196920977,0.0012068517,0.00120670842,0.000829582371,0.00241837158,0,0,0,0,0.00113448881,0.00151641715,0,0,0.00224690963,0.000333263506,0.000502994618,0,0.000249116371,0.00152974805,0.0111731559,0.00881881488,0.215734492,0.194692857,16.3815276,20.7837785,20.5404658,22.1649023,20.4162594,19.0875346,18.8094749,18.9971392,18.6117324,17.7295392,16.7935789,16.2651318,15.4058104,14.6868123,14.552863,14.677409,13.5771901,15.6743883,14.734359,16.2642384,15.9827366,14.5398583,13.9369419,14.2055658,12.0321788,9.46697956,6.51627752,4.29055581,3.51274608,3.60126596,3.84566552,0.926675132
evaluation/bill-evans-secret-sessions_02/i24_vbr_5ms_256k/master.wav,evaluation/bill-evans-secret-sessions_02/i24_vbr_5ms_256k/c.wav,4.53067155,0.998661674,0.999462006,0.999667404,0.999698127,0.999628743,0.999217259,0.998583655,0.999370701,0.999720534,0.999636679,0.999537822,0.99956878,0.999641227,0.999234927,0.999366346,0.99944354,0.999429819,0.99950663,0.999626237,0.999619065,0.999500473,0.999522718,0.999448103,0.999854805,0.999937089,0.999954908,0.99996262,0.999676879,0.995742864,0.992005649,0.781285682,0.523097731,0.994954868,0.997949542,0.999363582,0.999361719,0.999389907,0.998468874,0.994570007,0.998597308,0.999330003,0.998974891,0.998835639,0.999119381,0.999351883,0.995908522,0.998754837,0.99906169,0.998912433,0.999089199,0.999218113,0.999275264,0.999056625,0.999064757,0.998985471,0.999657538,0.999888399,0.999938071,0.999941396,0.999301515,0.990706352,0.986257412,0.666531401,0.406590216,0.00317284754,0,0,0.00141905853,0.000859145882,0,0.00546975074,0.0019176234,0.00175968798,0.00222740941,0.0019897588,0.00103981716,0,0.0040751389,0,0,0.00064537234,0,0,0.00135996691,0.00124087745,0,0.0014923814,0.000449956493,0,0,0.000249175317,0.00111428692,0.00709118051,0.0102860614,0.213909745,0.193585399,16.3569355,20.7718775,20.5260284,22.1521571,20.4081028,19.0776371,18.7868588,18.9921089,18.6037491,17.7167344,16.7799647,16.2608951,15.4051244,14.6836874,14.5367097,14.6626938,13.5585148,15.6606242,14.718056,16.247124,15.9758676,14.5319909,13.9288401,14.1963156,12.0245461,9.45656798,6.50467046,4.27885112,3.50214662,3.58653706,3.8336226,0.913136651
evaluation/bill-evans-secret-sessions_02/i24_vbr_5ms_320k/master.wav,evaluation/bill-evans-secret-sessions_02/i24_vbr_5ms_320k/rust.wav,4.53193066,0.999385482,0.999730788,0.999785877,0.999842405,0.999807515,0.999560515,0.998780803,0.999697427,0.99988699,0.999862601,0.99984591,0.999870479,0.999903748,0.999789724,0.999772052,0.999818744,0.999844173,0.999808902,0.999839971,0.9997743,0.999763088,0.999811896,0.999627253,0.999887403,0.999937009,0.999958644,0.999973387,0.999740962,0.996641591,0.993385772,0.780345093,0.524362141,0.998692698,0.999155265,0.999635659,0.99960439,0.999630712,0.999237618,0.99257958,0.999189973,0.999663744,0.999579534,0.999520806,0.999768897,0.999818234,0.999155137,0.999479772,0.999695632,0.999654309,0.999637548,0.999709236,0.999503413,0.99935348,0.999477049,0.999186577,0.99983768,0.999874212,0.999930495,0.99995256,0.99921899,0.992152311,0.989385355,0.657263633,0.409730475,0,0,0,0.0011036312,0,0,0.00852292018,0.0019638598,0.00119601255,0.00127261542,0.000572022837,0,0,0.00107176322,0,0,0,0,0.000263862243,0.00065899127,0,0,0.000866016608,0,0.000458333783,0.000338048383,0.000196920151,0.00168759791,0.0096485503,0.0084789521,0.215948441,0.193769765,16.3448,20.7803229,20.5359913,22.1578685,20.4145057,19.0763025,18.8003848,18.9915089,18.6033758,17.7219067,16.7835194,16.2542289,15.3986965,14.6807001,14.5428259,14.6636002,13.5631197,15.6642642,14.7234542,16.2540144,15.9772374,14.534947,13.9303073,14.2014992,12.0292412,9.46551567,6.50965212,4.28375736,3.5058534,3.5940106,3.83720384,0.919036877
evaluation/bill-evans-secret-sessions_02/i24_vbr_5ms_320k/master.wav,evaluation/bill-evans-secret-sessions_02/i24_vbr_5ms_320k/c.wav,4.52969173,0.999356835,0.999688666,0.999806276,0.999841422,0.999800394,0.999482772,0.999200437,0.999718513,0.99991039,0.999887782,0.999870569,0.999894539,0.999910891,0.999838049,0.9998191,0.999821803,0.999851926,0.999828396,0.999821948,0.999724795,0.999727305,0.999803094,0.9997466,0.999899911,0.999949923,0.99996418,0.999972972,0.999705212,0.996135901,0.992462068,0.78111844,0.516926005,0.997713704,0.998474793,0.999670914,0.999508088,0.999675334,0.998960814,0.996412889,0.999284396,0.999756268,0.999692208,0.999591641,0.999738111,0.999829711,0.99952086,0.999717379,0.999591093,0.999562313,0.999704724,0.999558867,0.999545347,0.999514441,0.999420856,0.999604373,0.999845699,0.999919497,0.999948758,0.999949767,0.999282552,0.99152041,0.985806906,0.667436999,0.402618748,0,0,0,0.00118468358,0.000150688435,0,0.00324058526,0.00172794216,0.000983188754,0.0011606185,0.00080758171,0.000668786258,0,0.000892779406,0,0,0,0,0.000793882231,0.00143180699,0,0,0.000639842801,0,0,0,0.000164766517,0.00126432997,0.00790354474,0.00801470064,0.213600646,0.1929363,16.3292358,20.7430839,20.4925492,22.1139082,20.372811,19.0428287,18.7617503,18.9548612,18.5720781,17.6887353,16.7462968,16.2178418,15.3655343,14.6449445,14.5071264,14.628817,13.5287564,15.62966,14.687893,16.2186618,15.9427902,14.4981498,13.8941436,14.1640127,11.9940511,9.42665427,6.47408312,4.24868651,3.47140923,3.55664313,3.802525,0.884547328
evaluation/bill-evans-secret-sessions_03/i16_cbr_5ms_192k/master.wav,evaluation/bill-evans-secret-sessions_03/i16_cbr_5ms_192k/rust.wav,4.56400414,0.993905578,0.998555943,0.998174159,0.998196952,0.996908859,0.998041221,0.998547763,0.997933593,0.998576176,0.998827092,0.99914539,0.998785162,0.998509308,0.997894772,0.998170678,0.997510239,0.995783113,0.993533138,0.994672114,0.996630704,0.996153642,0.997499087,0.998164759,0.995607401,0.99322974,0.99167209,0.9929178,0.992784086,0.985762706,0.967506085,0.838491949,0.69212458,0.977939904,0.997013464,0.99605278,0.995193095,0.981563281,0.994453293,0.995714331,0.993759047,0.995548592,0.995053804,0.998225648,0.996372382,0.997482476,0.995664316,0.996716234,0.995365862,0.98904733,0.987599958,0.987032774,0.994934974,0.991259172,0.994044193,0.992955661,0.982754881,0.97936351,0.976712453,0.977032441,0.982843822,0.953464479,0.950914863,0.733368289,0.621312594,0.016877134,0,0.00342820991,0.00398122555,0.010621906,0.00515784446,0.00383798895,0.00629561126,0.00266423747,0.00475251709,0.00278394344,0.0036853854,0.00224681014,0.0057545155,0.00240296667,0.00312101274,0.00817965682,0.0102600537,0.00961576393,0.00455305268,0,0.00187292541,0,0.015941885,0.012255137,0.0134062111,0.00553166179,0.0100042663,0.0246791409,0.0404930885,0.136640525,0.132471542,11.8552054,16.6963516,17.5609247,18.3011871,17.2510147,18.0908227,18.3590739,18.3589832,16.6147683,16.8610559,16.3036233,14.8941929,12.9171804,13.5756459,12.6912385,11.840882,12.1736761,11.4974731,11.5590355,10.7643446,10.338249,10.730557,9.32129903,8.71072164,7.37251126,6.47974047,5.42416115,4.73848758,4.58839122,4.76213386,4.99032447,1.83893006
evaluation/bill-evans-secret-sessions_03/i16_cbr_5ms_192k/master.wav,evaluation/bill-evans-secret-sessions_03/i16_cbr_5ms_192k/c.wav,4.55975781,0.992616098,0.998324931,0.998201505,0.998077588,0.997380647,0.99845224,0.998735026,0.997497711,0.998640074,0.998954054,0.999079982,0.998820038,0.998593497,0.998452597,0.998384904,0.997616599,0.996178864,0.993833003,0.995215323,0.996652873,0.995019244,0.997372921,0.998238768,0.996440993,0.993210246,0.991053516,0.992136618,0.993168052,0.985372107,0.969745461,0.835766522,0.677248318,0.966437697,0.994983829,0.996339383,0.994597458,0.985566486,0.996663377,0.996319133,0.989638603,0.996218549,0.997375304,0.997892862,0.996020472,0.997722313,0.997083893,0.995336644,0.994891032,0.993366939,0.98484813,0.99008129,0.993268076,0.987870755,0.992383988,0.996059553,0.989637621,0.977087978,0.970940151,0.979900188,0.983467623,0.97721179,0.95628662,0.719512798,0.604952374,0.0130874236,0,0.00298646591,0.00273822218,0.00938443306,0.00429793185,0.00326320473,0.00889791429,0.00334874125,0.0022149173,0.00324311422,0.00345156317,0.00184732805,0.0028854591,0.00310266314,0.00309068508,0.0059696792,0.0156636239,0.0105871073,0.00481570144,0.00983531785,0,0,0.00732543864,0.0103060839,0.0210223954,0.0143241185,0.00958192535,0.0224658964,0.0359191616,0.139067357,0.134750051,11.7160128,16.6091817,17.4614909,18.203749,17.1608786,17.993857,18.2609907,18.2536005,16.5063265,16.7380886,16.1642538,14.7679034,12.7826335,13.4651428,12.5882383,11.7355208,12.0707003,11.3891572,11.4252814,10.6497234,10.223477,10.6124588,9.21478544,8.60664731,7.26331973,6.35596888,5.30356861,4.62745436,4.47189398,4.65721429,4.86150229,1.72413955
evaluation/bill-evans-secret-sessions_03/i16_cbr_5ms_256k/master.wav,evaluation/bill-evans-secret-sessions_03/i16_cbr_5ms_256k/rust.wav,4.58806124,0.997473949,0.999523302,0.999414471,0.999504986,0.999185252,0.999621811,0.999688707,0.999470403,0.999626117,0.999739444,0.999788764,0.999721849,0.999717913,0.999655094,0.99959498,0.999515803,0.999473396,0.99951455,0.999597034,0.999670231,0.999340681,0.999532226,0.99978149,0.999635335,0.999001405,0.997951321,0.998276951,0.997954727,0.996152352,0.991613046,0.837702139,0.683104302,0.988365931,0.998705884,0.998074662,0.998469434,0.994537459,0.999274336,0.999013262,0.997847989,0.998572796,0.999127768,0.999484054,0.999139197,0.999347929,0.999288065,0.999128892,0.9991085,0.999146043,0.999318815,0.999165413,0.999407116,0.998277575,0.998758415,0.999345575,0.999198668,0.995483,0.99443442,0.995621828,0.99546834,0.991711195,0.986677109,0.729072035,0.605546453,0.002889345,0,0,0,0.0052319502,0.00144411384,0.00144177438,0.0027878595,0.00158563563,0,0.00102635344,0.00169727987,0.000406483244,0.00162830476,0.00179184114,0.000853601211,0.00084402334,0.000998209169,0.00173153085,0.00072692229,0,0,0,0,0,0.00316674446,0,0,0.00560713658,0.0112771559,0.137402182,0.13143325,11.7340937,16.6291199,17.4924237,18.2358754,17.1773681,18.0244547,18.2839205,18.2789166,16.5346272,16.7727217,16.2069268,14.8019913,12.8221497,13.4971543,12.6176652,11.7586723,12.0859719,11.4047716,11.4469157,10.6796591,10.2527044,10.6461876,9.24697533,8.64262976,7.29753699,6.40173431,5.34153753,4.66392018,4.51183435,4.69689784,4.90573411,1.76091943
evaluation/bill-evans-secret-sessions_03/i16_cbr_5ms_256k/master.wav,evaluation/bill-evans-secret-sessions_03/i16_cbr_5ms_256k/c.wav,4.58638937,0.995586802,0.999272685,0.999518319,0.999583523,0.999346792,0.999601536,0.999643197,0.999500646,0.999688256,0.999764356,0.999758954,0.999692558,0.999600877,0.999614457,0.999649081,0.999531992,0.999443754,0.999488181,0.999620439,0.999660504,0.99936848,0.999565679,0.999776957,0.999718699,0.999152933,0.997858886,0.998293766,0.997980221,0.996489224,0.992750944,0.837456633,0.674240942,0.973141122,0.997581747,0.999077268,0.999019086,0.996064671,0.99920023,0.998554317,0.998627281,0.999183425,0.999085039,0.998995474,0.999162313,0.998954769,0.998995466,0.999289782,0.999102013,0.999105808,0.999206117,0.999337774,0.999535957,0.998639386,0.998952956,0.999457032,0.999275863,0.997065889,0.990622366,0.995282274,0.996025734,0.992238243,0.989750792,0.727100873,0.593586087,0.0148572326,0,0.000861429202,0.00119478254,0.0031292045,0.00151404868,0.00156898419,0.00238360478,0,0.000446015072,0.00165605963,0.00141153873,0,0.00173582041,0.00104624197,0.00149118329,0.00119474243,0,0.0011375446,0.000883993663,0,0,0,0,0,0.00471055012,0,0,0.00423367857,0.00961758908,0.137413961,0.131183115,11.688825,16.5489397,17.4202173,18.1578924,17.1022261,17.9420684,18.2017636,18.2018361,16.4576282,16.6987193,16.1251154,14.7233228,12.7391823,13.4209075,12.5396658,11.6823326,12.0097047,11.3279087,11.3725861,10.6051757,10.1721671,10.5633806,9.1663464,8.56291193,7.21763606,6.32076662,5.26654726,4.58666824,4.43569212,4.62046791,4.82914231,1.68124868
evaluation/bill-evans-secret-sessions_03/i16_cbr_5ms_320k/master.wav,evaluation/bill-evans-secret-sessions_03/i16_cbr_5ms_320k/rust.wav,4.58959593,0.998643407,0.99964784,0.999605936,0.99965573,0.999695658,0.999791394,0.999869042,0.999789638,0.999863721,0.999899284,0.999935571,0.999876848,0.999890101,0.999888936,0.999885258,0.999877476,0.99985313,0.999841803,0.999864017,0.999832366,0.999750454,0.999848938,0.999897537,0.999738035,0.999437215,0.998660334,0.998463128,0.99792701,0.996025634,0.99312397,0.838102731,0.683867433,0.995494302,0.999345752,0.999133263,0.998998928,0.998635054,0.999434083,0.999428914,0.999223335,0.999671769,0.99961305,0.99986675,0.999629129,0.999799456,0.999694734,0.999700553,0.999776695,0.999758863,0.999708863,0.99965312,0.999743631,0.999387325,0.999575982,0.999785105,0.99928903,0.998213141,0.995890474,0.995546081,0.994095643,0.989197048,0.988523016,0.729490984,0.605916282,0,0,0.000830537608,0,0.00170714526,0.001248594,0.000961545484,0.00148085302,0,0,0.000585436395,0.000622777597,0,0.000944608258,0.000727451938,0.000488725146,0.000505661896,0,0.000856137366,0.000461870869,0,0,0,0,0,0,0,0,0.00614099396,0.00983970881,0.137154818,0.131044483,11.731434,16.6292023,17.492257,18.2351162,17.1773364,18.0242588,18.2800636,18.2739363,16.525824,16.7672927,16.1953373,14.7885362,12.8130418,13.4885664,12.6081092,11.7515967,12.0826317,11.3991548,11.440317,10.6754152,10.2458178,10.6327665,9.23746435,8.63475752,7.28997656,6.39716647,5.33815038,4.65860489,4.50455476,4.69216364,4.90599315,1.76023617
evaluation/bill-evans-secret-sessions_03/i16_cbr_5ms_320k/master.wav,evaluation/bill-evans-secret-sessions_03/i16_cbr_5ms_320k/c.wav,4.58962892,0.997628688,0.999585828,0.99963586,0.999709458,0.999718087,0.999821347,0.999841202,0.999786896,0.999879143,0.99988762,0.99991902,0.999903631,0.999919388,0.999894569,0.99991423,0.999869228,0.999865075,0.999841242,0.999858465,0.999839271,0.999786617,0.99986855,0.999902994,0.999777752,0.999549963,0.998956884,0.998905413,0.998028955,0.996303814,0.992538859,0.837647931,0.683675762,0.988754822,0.999123646,0.998977447,0.999396001,0.99866203,0.999545497,0.999246967,0.999152982,0.999697924,0.999503571,0.999787047,0.999630062,0.999868573,0.999660837,0.999867949,0.99962409,0.999763262,0.999776051,0.999685482,0.999757939,0.999625398,0.99977001,0.999728804,0.999328101,0.998764771,0.997210541,0.997481687,0.996324815,0.990260266,0.987327683,0.728981521,0.607182685,0,0,0.00102186994,0.00103911922,0.00187474974,0.00121494256,0.000927618691,0.00148980034,0.000717735109,0.000606001911,0.000571012546,0.00084037745,0,0.000814545095,0.00019579893,0.000495558633,0,0.000137178184,0.000750578087,0,0,0,0,0,0,0,0,0,0.0058615212,0.0100156253,0.137080544,0.131068503,11.7416387,16.6441163,17.5080421,18.2541147,17.1900977,18.0347488,18.2956357,18.2911693,16.5445696,16.7795043,16.2115925,14.8045486,12.8270768,13.5024996,12.6242446,11.7674015,12.092403,11.4101999,11.4538024,10.6871571,10.2562281,10.6461541,9.25433539,8.65106742,7.30154989,6.40803874,5.35324486,4.67350474,4.52251138,4.70595088,4.91538419,1.76603429
evaluation/bill-evans-secret-sessions_03/i16_vbr_5ms_192k/master.wav,evaluation/bill-evans-secret-sessions_03/i16_vbr_5ms_192k/rust.wav,4.56169257,0.99426135,0.998676437,0.99826289,0.998242844,0.996666971,0.998326826,0.998773711,0.998081645,0.998718285,0.998971567,0.999220627,0.99872457,0.998580569,0.998169924,0.9982426,0.997737967,0.99628521,0.993887882,0.99430264,0.995869186,0.995566182,0.997598119,0.998492315,0.996785828,0.994699968,0.992708682,0.993875661,0.992825389,0.986013054,0.967561345,0.837990476,0.676928494,0.978123211,0.996830312,0.995918166,0.995218879,0.975717354,0.994975225,0.996283071,0.993835284,0.994628583,0.995509512,0.998100538,0.99670228,0.997305054,0.996592717,0.996026518,0.994565361,0.990149518,0.987814148,0.987054361,0.9940958,0.98894577,0.995623654,0.995542836,0.991049764,0.983017223,0.979254907,0.982820947,0.979488898,0.962544244,0.942375099,0.734893818,0.60778266,0.0117324936,0,0.00395891637,0.00417574136,0.0138161497,0.00527912692,0.00317487828,0.00620121315,0.00223639694,0.00371892631,0.00238778959,0.00404808292,0.0019881981,0.00424380623,0.00313561021,0.00471893127,0.00792794942,0.0118212421,0.0117485458,0.00627576966,0.00375886522,0,0,0.00613207616,0.00653051759,0.0121970015,0.00641531769,0.0111520395,0.0227776652,0.0422859279,0.136764883,0.132581541,11.7031583,16.580536,17.4374428,18.1803854,17.1290666,17.9784262,18.243154,18.2421696,16.4952006,16.7281492,16.1585497,14.7570759,12.776601,13.4376663,12.5612995,11.7151032,12.0414549,11.3731279,11.4269595,10.6302119,10.1966988,10.5967375,9.20199348,8.59122002,7.24173399,6.35770684,5.29177524,4.60785586,4.46034812,4.63928964,4.86006382,1.70864048
evaluation/bill-evans-secret-sessions_03/i16_vbr_5ms_192k/master.wav,evaluation/bill-evans-secret-sessions_03/i16_vbr_5ms_192k/c.wav,4.55828221,0.993213007,0.998556164,0.998134658,0.998245359,0.996759643,0.998536937,0.998743058,0.997049851,0.99860281,0.998890696,0.999055301,0.99885613,0.998384493,0.998078433,0.99790869,0.99729104,0.996209607,0.994797736,0.995735341,0.996483785,0.994847813,0.997309098,0.998351242,0.997043201,0.994644046,0.991379602,0.99193737,0.992949876,0.986390101,0.969587098,0.835911961,0.667366249,0.973688515,0.997092786,0.994781623,0.994525942,0.9771957,0.996704473,0.996910246,0.98670839,0.996659032,0.996666172,0.997682804,0.99664369,0.997141051,0.99653619,0.995149091,0.994631505,0.991939928,0.990254093,0.990519726,0.994273551,0.985557967,0.992314767,0.996343347,0.99373443,0.984242206,0.978022962,0.980643661,0.985209625,0.964516796,0.948502112,0.725967491,0.589249496,0.00931762183,0,0.00342934234,0.00279163076,0.0142182995,0.00398047513,0.00313567649,0.0113464185,0.0045562079,0.00224352269,0.00328330069,0.00345348616,0.00217885577,0.00454855789,0.00514241814,0.00647463927,0.00523817599,0.00866612529,0.00763132495,0.00398294069,0.00780287214,0,0,0.00309443108,0,0.0173590721,0.0193254248,0.00842541632,0.0185267971,0.0376102878,0.138746863,0.133241206,11.6755889,16.5448873,17.4038745,18.1446322,17.1018202,17.9327072,18.1976796,18.1762535,16.4329567,16.6701508,16.1107382,14.7155586,12.7253537,13.4092643,12.5184781,11.6656817,12.0062608,11.337042,11.3685075,10.5880169,10.1564323,10.5441695,9.1534026,8.54861097,7.20358569,6.29760844,5.2364435,4.55840699,4.40576609,4.590745,4.79814433,1.65073219
evaluation/bill-evans-secret-sessions_03/i16_vbr_5ms_256k/master.wav,evaluation/bill-evans-secret-sessions_03/i16_vbr_5ms_256k/rust.wav,4.58880372,0.997421791,0.999571155,0.999456453,0.99947475,0.999212601,0.999650375,0.999737581,0.99953331,0.999656063,0.999755619,0.999812345,0.999730754,0.999727332,0.999650937,0.999541604,0.999521883,0.999438225,0.999471144,0.999634872,0.999743081,0.999449874,0.999591646,0.999807339,0.999667663,0.99935594,0.998380266,0.998195265,0.998015059,0.995952833,0.992192345,0.837790479,0.68434528,0.990120035,0.999050188,0.998453099,0.998601207,0.994322069,0.999228555,0.999229384,0.998218628,0.998569935,0.999283135,0.999529789,0.999117776,0.999446036,0.999333406,0.998969762,0.999201785,0.999152685,0.998765368,0.999272765,0.999681059,0.998702942,0.999194853,0.999597184,0.999080817,0.99763119,0.995655892,0.995280138,0.995012075,0.989612149,0.986511079,0.725683992,0.607361273,0.00312887341,0,0,0.00141776381,0.00451717549,0.00134413954,0.00147272466,0.00243660065,0.00149338256,0,0.00128605451,0.00177219544,0,0.00135781382,0.00124067975,0.000477253531,0.00154959903,0.0019505065,0.00134552207,0.000457917288,0,0,0,0,0,0,0,0,0.00700669784,0.011020103,0.137584377,0.130767916,11.7486642,16.6367944,17.4946835,18.2386328,17.1812779,18.0318179,18.2904665,18.2807624,16.5357463,16.7740599,16.2076939,14.8030644,12.8247154,13.4952882,12.6219353,11.7623844,12.0876985,11.4071448,11.4499464,10.6810299,10.2550286,10.6441684,9.24562229,8.64119774,7.2963509,6.40337459,5.34401793,4.66576657,4.51254203,4.69852112,4.90986658,1.76560054
evaluation/bill-evans-secret-sessions_03/i16_vbr_5ms_256k/master.wav,evaluation/bill-evans-secret-sessions_03/i16_vbr_5ms_256k/c.wav,4.5881229,0.994966635,0.999304485,0.999541584,0.999528668,0.999403636,0.999609593,0.999673453,0.999476814,0.999701678,0.999779044,0.99978803,0.999707382,0.999646592,0.999613357,0.999621047,0.999523559,0.999432917,0.999457901,0.999612882,0.999706827,0.999403236,0.999549585,0.999802703,0.999751318,0.999493377,0.998488623,0.998545671,0.997850478,0.995981127,0.992194569,0.837372208,0.682104507,0.964277665,0.997427188,0.998736284,0.998084038,0.996997988,0.999243056,0.998719193,0.99849636,0.999195145,0.999196865,0.999061933,0.999167247,0.99932843,0.999314043,0.999270453,0.999019683,0.999125199,0.999215791,0.999100282,0.999570735,0.998665028,0.998925432,0.999557246,0.999360269,0.998753716,0.996315252,0.996938249,0.995147012,0.987078802,0.986126808,0.727148927,0.604797122,0.0211070744,0,0.000357197286,0,0.00270236969,0.00128037404,0.00162535348,0.00258851205,0,0.000522539311,0.00150990154,0.00140485876,0.000509993389,0.00136614089,0.000414116345,0.00138044387,0.000945620157,0,0.00148313304,0.000775889114,0,0,0,0,0,0,0,0,0.00718895658,0.010555523,0.137646225,0.130887521,11.7490266,16.6252568,17.48685,18.2276842,17.1743078,18.0164186,18.2732471,18.2702898,16.5260654,16.7636122,16.1945096,14.7906713,12.8049534,13.4859164,12.6048685,11.748189,12.0779353,11.3972612,11.4388445,10.6707485,10.2414404,10.6321745,9.23770257,8.6327405,7.28610864,6.39423113,5.33570442,4.65613459,4.50448236,4.68853713,4.89683129,1.75022434
evaluation/bill-evans-secret-sessions_03/i16_vbr_5ms_320k/master.wav,evaluation/bill-evans-secret-sessions_03/i16_vbr_5ms_320k/rust.wav,4.58799148,0.998812382,0.99972877,0.999558399,0.999679404,0.999718391,0.999819244,0.999885044,0.999744952,0.999863374,0.999911964,0.999944254,0.999896969,0.999901844,0.999897798,0.999889331,0.999881397,0.999856213,0.999840971,0.999857988,0.99982878,0.999748687,0.99985649,0.999900851,0.999744637,0.999444253,0.998780112,0.998474205,0.997936997,0.995887577,0.992770584,0.837918971,0.678254853,0.995975787,0.999474716,0.998202521,0.999364495,0.998924599,0.999596366,0.999615219,0.998994476,0.999625371,0.999714025,0.999877045,0.999632274,0.999802848,0.999667698,0.999692966,0.999774147,0.999792145,0.999730428,0.999652706,0.999731653,0.999399957,0.999580021,0.99977803,0.999264706,0.998312056,0.996208261,0.996697233,0.996048443,0.98936583,0.988054278,0.729312491,0.598765697,0,0,0.00250259375,0.00156742643,0.00145308491,0.000723567331,0.000670318544,0.00197274673,0,0,0.000354027403,0.000822836266,0,0.000885861403,0.000691090637,0.000494613983,0,0,0.00102586295,0.000709822506,0,0,0,0,0,0,0,0,0.00759588893,0.0102464705,0.137099223,0.130684759,11.6991331,16.5830038,17.4450812,18.193793,17.1322777,17.9771063,18.2343919,18.2288767,16.4776531,16.7213593,16.1492141,14.742843,12.7674884,13.4436039,12.5632596,11.7068479,12.0362406,11.3506273,11.3930909,10.6305109,10.1985179,10.5876869,9.19352153,8.59115736,7.24500918,6.35241842,5.29182553,4.61326777,4.46033121,4.64592569,4.8577995,1.71326008
evaluation/bill-evans-secret-sessions_03/i16_vbr_5ms_320k/master.wav,evaluation/bill-evans-secret-sessions_03/i16_vbr_5ms_320k/c.wav,4.58862386,0.997965603,0.999588981,0.999613772,0.999675522,0.999663186,0.999844364,0.999865601,0.999758247,0.999876547,0.999901919,0.99993028,0.999916905,0.999913221,0.999900398,0.999912075,0.999866182,0.999866908,0.999857199,0.999872451,0.999839754,0.999765351,0.999862246,0.999898343,0.999771943,0.999529628,0.998952495,0.998869149,0.998136753,0.996430102,0.99245984,0.837098509,0.680031804,0.988549422,0.9990809,0.999113524,0.999086141,0.998114198,0.999646317,0.999602959,0.999129621,0.999633318,0.999588398,0.999855817,0.999724869,0.999828087,0.999791117,0.999870334,0.99963412,0.999747741,0.999801162,0.999752838,0.999749214,0.999506067,0.999748188,0.99971906,0.999349878,0.998779721,0.997363694,0.99720555,0.995889425,0.988554123,0.987007343,0.72773482,0.603959922,0.00291813237,0,0.000709176417,0,0.00210051057,0.000971079566,0.000525598339,0.00159576377,0.000599577744,0.000256502807,0.000586345484,0.00077140131,0,0.000695741251,0,0.00045096241,0.000282390499,0.000771703036,0.000871358004,0,0,0,0,0,0,0,0,0,0.00638273596,0.0103007315,0.13744264,0.131289342,11.7104928,16.6139338,17.4747576,18.2239465,17.1663194,18.0046908,18.2665369,18.2626207,16.5168156,16.7562663,16.1846715,14.7786167,12.8007759,13.4769763,12.5993875,11.7420021,12.0661567,11.3833541,11.4267404,10.661372,10.2309745,10.6208091,9.22935673,8.62551398,7.2752796,6.38222621,5.32671911,4.6475016,4.495411,4.67749042,4.88586028,1.73676609
evaluation/bill-evans-secret-sessions_03/i24_cbr_5ms_192k/master.wav,evaluation/bill-evans-secret-sessions_03/i24_cbr_5ms_192k/rust.wav,4.5670525,0.994975042,0.998553156,0.998002011,0.998098067,0.997121845,0.998260537,0.99847392,0.997966338,0.998768054,0.998893619,0.99917888,0.998875093,0.998670018,0.998112918,0.998281738,0.997596563,0.995793821,0.994005474,0.995276128,0.996704999,0.99602702,0.997775695,0.998354967,0.996439471,0.99345666,0.992123197,0.993887628,0.992351307,0.985421204,0.970302075,0.838571952,0.697737411,0.983315062,0.996594955,0.995741633,0.995662259,0.982592443,0.995220889,0.995330317,0.994353632,0.99624089,0.995972634,0.998193645,0.996325821,0.997641014,0.996105422,0.996835258,0.995420571,0.989156397,0.987890056,0.990633287,0.994680069,0.992406208,0.995903296,0.995517491,0.988832522,0.97436378,0.977306368,0.982739705,0.981492279,0.967078547,0.941669332,0.731367878,0.626815858,0.00845443861,0,0.00455832952,0.0038987585,0.00956931452,0.00478486041,0.00402925849,0.00609250684,0.00110857206,0.00325739466,0.00266756229,0.0032379642,0.00169355509,0.00455502953,0.00288066102,0.00355130584,0.00885078056,0.00903504639,0.00788169685,0.00458502717,0.00324146931,0.000785534288,0,0.00983038081,0.0129635757,0.0134337708,0.00628787047,0.00817219033,0.0190485743,0.0383609943,0.137787675,0.131800327,11.8839379,16.7552859,17.6206945,18.3634866,17.313084,18.1433236,18.4125973,18.4097405,16.6622109,16.9016575,16.3429974,14.9381567,12.9600475,13.6269275,12.7374205,11.8798637,12.2118558,11.5408866,11.6030164,10.810102,10.3854932,10.765552,9.36430522,8.75934823,7.41222051,6.53155953,5.47201446,4.78524114,4.63350967,4.80567312,5.03583779,1.88513654
evaluation/bill-evans-secret-sessions_03/i24_cbr_5ms_192k/master.wav,evaluation/bill-evans-secret-sessions_03/i24_cbr_5ms_192k/c.wav,4.55916753,0.992537169,0.998302857,0.998140257,0.998098788,0.997330251,0.998156857,0.998634941,0.997404562,0.998594654,0.998891652,0.999112411,0.998788526,0.998554504,0.998474065,0.998302159,0.997501039,0.99625829,0.993687701,0.994944919,0.996515998,0.995059297,0.997350852,0.998173661,0.996315273,0.992805785,0.991079333,0.992302419,0.992306793,0.98479282,0.969254646,0.835838078,0.679105829,0.964017116,0.996585965,0.995711144,0.994492701,0.986381008,0.993291878,0.996154018,0.989276705,0.996095163,0.997421235,0.998251879,0.996048467,0.997564316,0.997081681,0.995308245,0.99481457,0.993568422,0.983489641,0.989333715,0.99345629,0.98726504,0.991954134,0.996043644,0.990714525,0.977809709,0.972023522,0.979553456,0.981669915,0.978430522,0.954861319,0.720454816,0.609701896,0.0188669089,0,0.00322890345,0.00360142916,0.00926093277,0.00594260342,0.00345351939,0.00934854835,0.00350630681,0.00188212936,0.00293414028,0.00347685304,0.00136535244,0.00223009113,0.00290206382,0.00317354778,0.00541538901,0.0148160543,0.00896759581,0.0042822876,0.0102746758,0,0,0.00720593468,0.0125195061,0.0197002267,0.0129741924,0.011508837,0.0237552997,0.036569526,0.139983883,0.135200282,11.7393011,16.6130419,17.4729538,18.214716,17.1750305,18.0005113,18.2720915,18.2641464,16.5195292,16.7556964,16.1791831,14.7810403,12.7952004,13.4790652,12.6025875,11.7566941,12.0908339,11.4100261,11.4383592,10.663461,10.2326449,10.6209192,9.23075017,8.62520028,7.28202774,6.36933496,5.31684375,4.64125062,4.48409764,4.66807068,4.87472052,1.73812759
evaluation/bill-evans-secret-sessions_03/i24_cbr_5ms_256k/master.wav,evaluation/bill-evans-secret-sessions_03/i24_cbr_5ms_256k/rust.wav,4.58773792,0.997454109,0.999538945,0.999443073,0.999508557,0.999188464,0.999615153,0.999672054,0.999476644,0.999629109,0.999708417,0.999776487,0.999752277,0.999720615,0.999644859,0.99956373,0.999481942,0.999450506,0.999526943,0.999613821,0.99968383,0.99938306,0.999572365,0.999792919,0.999666253,0.999120496,0.998058847,0.998311848,0.997933364,0.996131403,0.991798237,0.837764556,0.681097581,0.988398414,0.998706907,0.998016329,0.998471375,0.994409911,0.999210853,0.999053626,0.997851336,0.998588134,0.998765697,0.999398929,0.999380364,0.999326192,0.999247438,0.999099151,0.998998848,0.999046479,0.999425175,0.99909398,0.999407572,0.998526395,0.998968416,0.999465824,0.999305293,0.99676044,0.994709235,0.996083702,0.995691837,0.990932575,0.987228287,0.727335434,0.602828679,0.00352932558,0,0,0,0.00522904764,0.00144684773,0.00138308271,0.00279059917,0.0015787661,0.00097782547,0.00121739293,0.00140747461,0.000338553408,0.001734468,0.00205461204,0.00114469704,0.00071584488,0.00113383856,0.001746817,0.000754337107,0,0,0,0,0,0.00142025633,0,0,0.00578011675,0.0101259617,0.136889801,0.131068466,11.7072232,16.6081857,17.471193,18.2143416,17.157033,18.0048283,18.261648,18.2570884,16.5120178,16.7510649,16.1859526,14.7811748,12.8017658,13.4756774,12.5960544,11.7382412,12.0654289,11.3830455,11.4259976,10.6602909,10.2327744,10.6244947,9.22623228,8.62134094,7.27576035,6.3811266,5.32289402,4.64478576,4.49168089,4.67658698,4.88355205,1.74079213
evaluation/bill-evans-secret-sessions_03/i24_cbr_5ms_256k/master.wav,evaluation/bill-evans-secret-sessions_03/i24_cbr_5ms_256k/c.wav,4.58790127,0.996230743,0.999344231,0.999503143,0.999566069,0.999379233,0.999607698,0.999645443,0.999426815,0.999694301,0.999769106,0.999761001,0.999705225,0.999629736,0.999582858,0.999635345,0.999547134,0.999461051,0.999438919,0.999613964,0.999670357,0.999434729,0.999583089,0.999774999,0.999702014,0.999254616,0.998353112,0.998397546,0.997743329,0.996183918,0.99227487,0.837335037,0.681406073,0.980161363,0.99830276,0.998957469,0.999015647,0.996479117,0.999240184,0.998562273,0.998034318,0.999162743,0.999084085,0.998982257,0.999141334,0.999348337,0.998931254,0.999245443,0.999120949,0.99917809,0.998814197,0.999353712,0.999503048,0.99855814,0.998979886,0.999469436,0.999048874,0.997382145,0.99624797,0.995163639,0.995838134,0.991142796,0.988655,0.72680747,0.601713457,0.0112302907,0,0.00064683812,0.000864081501,0.00291585269,0.00146641084,0.00156559623,0.00274424313,0,0.000564321586,0.00169854819,0.00164741261,9.44016729e-05,0.00159871351,0.00119558079,0.00143111687,0.00134296545,0,0.00103880924,0.00104189873,0,0,0,0,0,0,0,0,0.00471630565,0.00998128741,0.137398108,0.131012202,11.7476905,16.6129136,17.482643,18.2227375,17.1680298,18.0074698,18.2673696,18.265787,16.5229689,16.7642893,16.1901278,14.7877638,12.8061928,13.486473,12.6012018,11.7464468,12.0745009,11.3896061,11.4338699,10.6680079,10.2340536,10.6263192,9.22938715,8.62598663,7.27962176,6.38338651,5.33021437,4.65067182,4.49799089,4.68368015,4.88959706,1.74369162
evaluation/bill-evans-secret-sessions_03/i24_cbr_5ms_320k/master.wav,evaluation/bill-evans-secret-sessions_03/i24_cbr_5ms_320k/rust.wav,4.58782349,0.998710331,0.999670737,0.999656311,0.999700242,0.999704296,0.999796638,0.999866062,0.999786089,0.999859419,0.999891394,0.999933291,0.999876682,0.999889797,0.999890351,0.999895675,0.999880399,0.999858154,0.999854057,0.99986472,0.999828763,0.999762762,0.999858152,0.999894592,0.999723613,0.999381059,0.998697581,0.998319818,0.997676907,0.995961456,0.992860624,0.837932513,0.678331617,0.995740891,0.999352445,0.999174714,0.999412473,0.998649985,0.999424053,0.999404016,0.999160732,0.999672443,0.999538332,0.999861203,0.999600282,0.99978243,0.99968796,0.999707461,0.999729685,0.999794325,0.99978187,0.99966846,0.999754324,0.999343976,0.999700199,0.999727052,0.999284895,0.997486262,0.996098453,0.995936464,0.994531902,0.989927678,0.98822933,0.728158136,0.597684531,0,0,0.00135811655,0.000736784866,0.00166773393,0.00128612805,0.000976698195,0.00155846319,0.000143604944,0.000338968359,0.000557422034,0.000627001649,0,0.00094574819,0.000831193719,0.000742483308,0.000607351992,0.000338318016,0.000957477778,0.00041710266,0,0,0,0,0,0,0,0,0.00607530185,0.0098613448,0.137107427,0.130965657,11.6821626,16.5834173,17.4469706,18.1880709,17.1300822,17.9750903,18.23156,18.2261262,16.4775899,16.7195466,16.1486971,14.7424227,12.7667205,13.4410871,12.5603228,11.7044104,12.0343638,11.3516594,11.3935315,10.6302098,10.1986428,10.5852882,9.19107597,8.58847845,7.24279186,6.35153666,5.29029347,4.61049955,4.4581824,4.64489451,4.8564422,1.71264608
evaluation/bill-evans-secret-sessions_03/i24_cbr_5ms_320k/master.wav,evaluation/bill-evans-secret-sessions_03/i24_cbr_5ms_320k/c.wav,4.58903711,0.997612812,0.99956651,0.999637879,0.999703803,0.999723267,0.99982615,0.999848006,0.999784453,0.999876682,0.999885206,0.999923601,0.999907586,0.999917145,0.999887791,0.999914096,0.999859698,0.999864474,0.999835782,0.999857523,0.999832624,0.999758372,0.99986421,0.999895184,0.999790957,0.999506624,0.998952808,0.99881293,0.998032074,0.995628928,0.991831302,0.837472808,0.684491401,0.988830778,0.999103317,0.998941091,0.99918211,0.998687165,0.999562893,0.999253102,0.999154094,0.999692226,0.999501025,0.999820844,0.999681573,0.99985435,0.999655379,0.999864188,0.999626339,0.999716834,0.999747522,0.999638122,0.999715165,0.999489128,0.999705678,0.999698212,0.999391553,0.998454777,0.997453336,0.996690699,0.996128501,0.985017756,0.986136668,0.728166145,0.607331106,0,0,0.0012551066,0.000823633354,0.00188541953,0.0011531674,0.00104634932,0.00157972963,0.000668353253,0.000561583713,0.000488917239,0.000714873109,0,0.000953528561,0.00024443928,0.000414840852,0,0.000502725063,0.000733268324,0,0,0,0,0,0,0,0,0,0.00914415292,0.0113774574,0.137101897,0.131101874,11.754846,16.6487337,17.5119121,18.2590222,17.1955216,18.0405188,18.3009738,18.2970688,16.5499526,16.7849024,16.2165352,14.8107056,12.8334442,13.5091759,12.6311979,11.7745035,12.098721,11.4152563,11.4596717,10.6940899,10.2624924,10.6535545,9.26136807,8.65638639,7.30921721,6.41485496,5.35841174,4.67905765,4.52570098,4.71283753,4.91944722,1.77243469
evaluation/bill-evans-secret-sessions_03/i24_vbr_5ms_192k/master.wav,evaluation/bill-evans-secret-sessions_03/i24_vbr_5ms_192k/rust.wav,4.56394405,0.993564478,0.998594677,0.998373101,0.998507165,0.997169652,0.998542965,0.998822933,0.998148898,0.998701146,0.998991923,0.999208436,0.998584823,0.99854663,0.998209695,0.998348032,0.997692171,0.99579893,0.993494742,0.994975006,0.996632877,0.995848634,0.997632882,0.998234586,0.995934291,0.99376529,0.992749703,0.993102743,0.991452448,0.987221469,0.970693842,0.838227868,0.683567438,0.97562975,0.996704211,0.995849738,0.995947081,0.980438751,0.997259877,0.996753768,0.99443259,0.995260251,0.996734903,0.99822587,0.996236202,0.997079373,0.996369128,0.996892876,0.994739415,0.988538189,0.987673274,0.990085475,0.99562615,0.99083758,0.995536691,0.994765449,0.984201166,0.977335964,0.977675946,0.983753648,0.980400325,0.97283535,0.954726563,0.73407305,0.617976351,0.0163802635,0,0.00393499742,0.00340198342,0.0101801765,0.00382124332,0.00246844394,0.00549881147,0,0.00162176116,0.00254707452,0.00419555773,0.00295726282,0.00478852075,0.00188971914,0.0047132242,0.010485979,0.0127635194,0.0107118366,0.00447489085,0.00236293924,0,0,0.0106665439,0.0102051286,0.0120201338,0.00608245806,0.0139112586,0.0155929704,0.0352616789,0.137283909,0.132693393,11.7768051,16.6599451,17.505656,18.2423964,17.1922272,18.025292,18.2916777,18.2942508,16.5540912,16.7935989,16.2318828,14.8216703,12.8508502,13.5082979,12.631937,11.7745297,12.1011866,11.4367517,11.483976,10.6913078,10.2555751,10.6522584,9.25840065,8.65411126,7.30784319,6.41747483,5.35844418,4.67425463,4.52530606,4.7014959,4.92387295,1.76789441
evaluation/bill-evans-secret-sessions_03/i24_vbr_5ms_192k/master.wav,evaluation/bill-evans-secret-sessions_03/i24_vbr_5ms_192k/c.wav,4.55750252,0.990305902,0.998256052,0.998234618,0.998448556,0.997636107,0.99851362,0.998754093,0.997773626,0.998642853,0.99887784,0.999001854,0.998846457,0.998499301,0.998122634,0.998012819,0.997389213,0.996401976,0.994962085,0.995754699,0.996586234,0.995131348,0.997363829,0.998355379,0.997091721,0.994114482,0.9916703,0.992795469,0.992488582,0.985655357,0.970142793,0.83585616,0.665120034,0.942283608,0.995041364,0.995633985,0.996397578,0.989461179,0.996461104,0.996834988,0.99087044,0.996882793,0.996965838,0.997710017,0.996653052,0.997105632,0.996101065,0.99561176,0.994550882,0.993370428,0.992485614,0.990598495,0.994249169,0.986469468,0.992869216,0.995811633,0.993837104,0.984360254,0.978515616,0.983145278,0.98338455,0.968423108,0.953035864,0.724921156,0.59271268,0.034573781,0,0.00302342106,0.00113661359,0.00701052769,0.00416385241,0.00309811422,0.00848503238,0.00418491847,0.00211972549,0.00324276098,0.00364970617,0.00244738053,0.00505981002,0.00480260845,0.00616264914,0.00576376918,0.00835693284,0.00708203292,0.00463214681,0.00745500169,0,0,0.000775398589,0.00401291806,0.0184119486,0.0144769664,0.00881859613,0.0193907702,0.0361564833,0.138739324,0.132875562,11.6678308,16.5164024,17.379328,18.1172533,17.0761153,17.9082746,18.1822777,18.1584446,16.4200444,16.6537394,16.091266,14.7007645,12.7093356,13.3916405,12.5068921,11.6523997,11.990469,11.319724,11.3533549,10.5725619,10.1332047,10.5219639,9.13681149,8.53366227,7.18562282,6.27682296,5.22254071,4.54438901,4.3871691,4.56974951,4.78131275,1.63212195
evaluation/bill-evans-secret-sessions_03/i24_vbr_5ms_256k/master.wav,evaluation/bill-evans-secret-sessions_03/i24_vbr_5ms_256k/rust.wav,4.58826491,0.997382724,0.999566798,0.999484689,0.999467445,0.999216157,0.999647669,0.999738675,0.999527778,0.999602313,0.999747286,0.999807773,0.999766739,0.999745862,0.999666544,0.999530559,0.999474397,0.999420312,0.999437925,0.999646601,0.999740436,0.999464792,0.999593965,0.999793812,0.999662893,0.999322921,0.998467631,0.99843308,0.997856084,0.99576748,0.992366993,0.837756626,0.682157582,0.988807428,0.998792931,0.998462545,0.998622315,0.994501025,0.999114098,0.999248812,0.998217382,0.998569694,0.999208259,0.999508709,0.999297618,0.999569255,0.999387184,0.998984663,0.99903406,0.99897923,0.998855923,0.999234303,0.999660641,0.998756999,0.999142053,0.99959181,0.999232428,0.997435508,0.995718915,0.995955673,0.994819505,0.989799075,0.986806201,0.725133241,0.604993921,0.00478910727,0,0,0.00119716157,0.00436755812,0.00120848411,0.00152366821,0.00245059029,0.000571359714,0,0.00129978416,0.00143543244,0,0.00153776486,0.00177237642,0.000763121426,0.00137396028,0.00170415265,0.00146285233,0,0,0,0,0,0,0,0,0,0.00705113554,0.0109903111,0.137351034,0.130589114,11.7283323,16.6115605,17.4717694,18.2161396,17.1600265,18.0085342,18.2683774,18.2589412,16.5139667,16.7516549,16.1875893,14.7805855,12.8034111,13.4753109,12.6006977,11.7430891,12.0694638,11.3863499,11.4256632,10.6582556,10.2336293,10.622976,9.2250236,8.61997732,7.27628975,6.38158462,5.32363448,4.64433155,4.49156715,4.67873136,4.88795868,1.74545998
evaluation/bill-evans-secret-sessions_03/i24_vbr_5ms_256k/master.wav,evaluation/bill-evans-secret-sessions_03/i24_vbr_5ms_256k/c.wav,4.58796907,0.995096622,0.999329191,0.99957297,0.999581259,0.999390719,0.99961452,0.999674483,0.999472008,0.999698574,0.999771776,0.999780107,0.999702841,0.999646729,0.999625222,0.999627913,0.999525382,0.999466482,0.999460244,0.999618648,0.999701378,0.999388264,0.999559218,0.999793487,0.999742132,0.999423238,0.99853849,0.998500518,0.997726126,0.995789657,0.992161469,0.837336642,0.68235788,0.965470753,0.997561192,0.999081535,0.998726882,0.996933763,0.999245865,0.998771538,0.998500172,0.999203284,0.999201492,0.99904523,0.999142021,0.999430271,0.999315182,0.999208363,0.999093948,0.999212749,0.999233236,0.999128564,0.999573749,0.998677118,0.998844663,0.999403701,0.999067363,0.998248088,0.996600438,0.996285716,0.995405869,0.986913657,0.98780883,0.727923,0.604970964,0.0207318049,0,0.00117462645,0,0.00274854963,0.00111431953,0.00157077784,0.00259627142,0,0,0.0015253403,0.00142939778,0.00087507429,0.00137933887,0.000724273144,0.00144373095,0.00129679693,0,0.00143230524,0.000975327181,0,0,0,0,0,0,0,0,0.00886399665,0.0104944836,0.137360995,0.131003627,11.7541452,16.6291074,17.4898759,18.2328674,17.1774098,18.0197503,18.2784639,18.2746499,16.5303661,16.7694718,16.197967,14.7936698,12.8097006,13.4912808,12.6121058,11.7543047,12.0824719,11.4015151,11.4453839,10.6752413,10.2438976,10.634696,9.24043028,8.63546154,7.28923534,6.39740812,5.340457,4.6605573,4.50569216,4.69186503,4.89937811,1.75413237
evaluation/bill-evans-secret-sessions_03/i24_vbr_5ms_320k/master.wav,evaluation/bill-evans-secret-sessions_03/i24_vbr_5ms_320k/rust.wav,4.58785579,0.998821754,0.999733668,0.99958726,0.999704139,0.999724522,0.999825789,0.999880837,0.999757032,0.999859322,0.999903356,0.999941939,0.999900454,0.999906145,0.999898705,0.999893133,0.999880089,0.999858834,0.999850994,0.999853614,0.999833482,0.999781578,0.999865969,0.999903161,0.999731886,0.99937035,0.99874349,0.998573715,0.997961215,0.996090088,0.992767654,0.837890252,0.677208497,0.995993192,0.999471552,0.998201663,0.999489666,0.998882057,0.999608661,0.999541023,0.999001243,0.999678893,0.99969125,0.999891832,0.99966268,0.999806072,0.999660946,0.999690122,0.999726288,0.999785578,0.999744795,0.999694902,0.999778271,0.999341006,0.999757067,0.999783495,0.999258527,0.997363545,0.996334621,0.996439516,0.995322673,0.990242858,0.989612669,0.728456264,0.596982911,0,0,0.00251615988,0.00152910039,0.00145262361,0.00081778669,0.000810180306,0.00190350866,0,0,0.000392395664,0.000753369749,0,0.000895051426,0.000676296669,0.000588996495,0.000409737074,0,0.000985106614,0.000376968746,0,0,0,0,0,0,0,0,0.00660996124,0.00943693987,0.136901708,0.130461088,11.6855344,16.5719452,17.4343439,18.1827772,17.123893,17.9674686,18.2243966,18.21982,16.4664356,16.7107981,16.1388171,14.73383,12.7587963,13.4330406,12.5526118,11.6965717,12.0257654,11.3408181,11.3848694,10.6219161,10.1905375,10.578173,9.1847092,8.58198949,7.23453671,6.34372616,5.28115589,4.60168382,4.44991944,4.63632222,4.8464303,1.70328062
evaluation/bill-evans-secret-sessions_03/i24_vbr_5ms_320k/master.wav,evaluation/bill-evans-secret-sessions_03/i24_vbr_5ms_320k/c.wav,4.58932209,0.997805248,0.999579419,0.999579622,0.999651123,0.999663373,0.999847591,0.999843125,0.999745694,0.999875039,0.999904827,0.999931504,0.999917606,0.99991718,0.999894565,0.99990942,0.999857632,0.999870448,0.999856667,0.999870466,0.999844304,0.999760755,0.99986441,0.999895538,0.999794187,0.9995181,0.999030192,0.998944148,0.998211492,0.996258553,0.991887464,0.837202975,0.683726706,0.986596477,0.998991035,0.998816605,0.998750051,0.998109853,0.999660489,0.999331869,0.999100907,0.999635092,0.999576937,0.999856352,0.999727522,0.99982261,0.999791143,0.999836795,0.999636991,0.999760451,0.99978829,0.999720972,0.999745737,0.99950552,0.999706587,0.999704262,0.999402716,0.99843722,0.997682205,0.997409091,0.996620686,0.990140854,0.986151219,0.726972046,0.608061254,0.00289772464,0,0.000457906577,0,0.00213177813,0.000984260292,0.000899527764,0.0016942333,0.000660430768,0.000402261039,0.000593907438,0.000768169698,0,0.000799044239,0.000323112223,0.000402716337,0,0.000744907396,0.000788829363,0.000158702766,0,0,0,0,0,0,0,0,0.00689077562,0.0114759308,0.137547794,0.131618665,11.7454585,16.6457875,17.504651,18.2549714,17.196035,18.0357755,18.2972459,18.2921574,16.546089,16.7850193,16.2129345,14.807798,12.8314527,13.5067099,12.62929,11.7722156,12.0960108,11.4132012,11.4564377,10.6913822,10.2602221,10.651424,9.2588344,8.65360432,7.30532463,6.41175654,5.35626048,4.67728362,4.52280177,4.70922907,4.91515216,1.76824239
evaluation/bill-evans-secret-sessions_04/i16_cbr_5ms_192k/master.wav,evaluation/bill-evans-secret-sessions_04/i16_cbr_5ms_192k/rust.wav,4.55755859,0.975521912,0.99093839,0.998530125,0.999322299,0.999201337,0.999239453,0.998357553,0.998865236,0.998337947,0.998472714,0.997283417,0.998018998,0.998708341,0.997565915,0.993123046,0.988239471,0.981160117,0.972618908,0.973209521,0.976548548,0.979310708,0.978716187,0.979564988,0.975127392,0.970030861,0.97508566,0.982775082,0.987130054,0.980018423,0.965985616,0.857223078,0.759623631,0.91251165,0.981914457,0.996724213,0.995297371,0.997538447,0.998150039,0.994499128,0.997812722,0.995487985,0.993884171,0.990328839,0.994894953,0.996686215,0.990540527,0.987462028,0.969403539,0.953568489,0.951611992,0.944965568,0.947388735,0.961133493,0.964323283,0.967064303,0.95853658,0.943050228,0.959716481,0.969264002,0.975315769,0.964541693,0.942717269,0.773222638,0.641671014,0.0605255353,0.0101612393,0,0.00632196082,0,0,0.00398701592,0.00369723834,0.006174122,0.00559964257,0.00100496048,0.00271548615,0.00277801651,0.0079264223,0.0117358291,0.0192194829,0.0322722037,0.0448470576,0.0513275471,0.0403708271,0.0288237531,0.0292611395,0.0327157593,0.0338706436,0.0338194083,0.0295967488,0.0275069544,0.0205948923,0.02795918,0.0433056391,0.134512745,0.122258337,6.70716984,9.80817842,10.9371089,18.1271959,17.6868738,12.314601,14.9540499,15.7354162,15.1739429,12.844726,11.5056678,10.2725292,8.45094472,5.54335964,4.2734854,4.1268673,3.59912659,4.10105579,4.23046015,4.27722614,4.53027885,4.7847033,5.08272663,5.20432352,5.26109718,5.25699813,5.3784564,5.54079982,5.73163012,5.88795379,6.05088499,2.73940617
evaluation/bill-evans-secret-sessions_04/i16_cbr_5ms_192k/master.wav,evaluation/bill-evans-secret-sessions_04/i16_cbr_5ms_192k/c.wav,4.54225241,0.977652447,0.990345891,0.99850109,0.999119651,0.999377139,0.999123766,0.998368693,0.998814872,0.998077192,0.998581182,0.997893912,0.998428481,0.998782839,0.996071005,0.991828372,0.987784003,0.98046896,0.975569431,0.970119446,0.97495769,0.977732451,0.977165602,0.981332833,0.976653437,0.966565533,0.974500352,0.98108325,0.986814181,0.975466968,0.961687259,0.855429406,0.725871743,0.949453009,0.97354783,0.997205582,0.992982864,0.998681183,0.998451481,0.995999935,0.996863031,0.994131389,0.995813584,0.994972571,0.996062263,0.995576643,0.985371605,0.986528314,0.97508363,0.964230812,0.95171108,0.950507997,0.919483134,0.964052364,0.958614761,0.973679592,0.951566547,0.942310288,0.959570719,0.968138265,0.973585898,0.966835382,0.933091401,0.763890976,0.595876986,0.0394188524,0.0141558817,0.000884813338,0.0100150254,0,0,0.00360898107,0.00362324911,0.00677767825,0.00466015665,0,0,0.0027653216,0.0125939277,0.0126591026,0.0184924647,0.0324650072,0.0339651619,0.0511733682,0.0477860743,0.0319554305,0.0308798576,0.0215607318,0.0349167292,0.0445571267,0.0289876888,0.026098547,0.0202118531,0.0325852606,0.0455653655,0.134974287,0.122629045,6.25434005,9.34146097,10.5142945,17.6911917,17.2517503,11.8744808,14.5336128,15.2999608,14.7403591,12.4087275,11.0752784,9.84984289,8.01143263,5.11427799,3.82390683,3.69625758,3.17668412,3.65991275,3.77659203,3.83199778,4.07801445,4.32965454,4.63128321,4.76297067,4.83561007,4.81541854,4.9399347,5.10754529,5.29465927,5.45957359,5.61560359,2.28499892
evaluation/bill-evans-secret-sessions_04/i16_cbr_5ms_256k/master.wav,evaluation/bill-evans-secret-sessions_04/i16_cbr_5ms_256k/rust.wav,4.60199376,0.989909716,0.996610602,0.999644839,0.999902789,0.999788773,0.999797796,0.999448561,0.999697952,0.999518724,0.999685085,0.999416383,0.999533373,0.999770802,0.999590027,0.998729155,0.997940412,0.998117845,0.998236653,0.998101757,0.997949044,0.996520612,0.99648674,0.997838196,0.99787658,0.996349616,0.995114687,0.995738614,0.995898776,0.994158048,0.991324062,0.857514091,0.736019838,0.960609818,0.988415212,0.999272911,0.999653713,0.999277482,0.999550972,0.997950013,0.999427822,0.998629073,0.9991208,0.998017114,0.998594156,0.999565344,0.998896984,0.998166657,0.995410492,0.99669317,0.996768386,0.996834734,0.996405823,0.993330169,0.994472058,0.996115672,0.99490862,0.992387756,0.992894361,0.991731844,0.989218479,0.9880138,0.984256615,0.769078225,0.619419893,0.0294730584,0.00665354851,0,0.000697665816,0,0,0.0018033728,0.00135652271,0.00296944349,0.00145575137,0,0,0.00033420895,0.00191353943,0.00212935716,0.00380491991,0.00388848494,0.00419323521,0.00429508688,0.00315338875,0.00571177963,0.00487348736,0.00306943955,0.00467190998,0.00644278886,0.00512675265,0.00337140935,0.00800984572,0.011327808,0.0126656313,0.134147003,0.119045424,6.34646761,9.40880001,10.5610202,17.7584841,17.3238216,11.9350687,14.5955639,15.3662302,14.8032137,12.4729156,11.1343712,9.90672299,8.0684185,5.1644509,3.89439193,3.75229945,3.21308042,3.70311714,3.82704543,3.88993359,4.14566828,4.40780119,4.69864409,4.81456657,4.88781752,4.88613715,5.01236209,5.17296621,5.35614748,5.5222567,5.68478486,2.37061426
evaluation/bill-evans-secret-sessions_04/i16_cbr_5ms_256k/master.wav,evaluation/bill-evans-secret-sessions_04/i16_cbr_5ms_256k/c.wav,4.61005929,0.98930315,0.996334957,0.999530912,0.999829242,0.999870861,0.999763442,0.99938458,0.999680992,0.99958903,0.99964868,0.999367152,0.999579021,0.999760183,0.999619251,0.998442075,0.998214974,0.997994836,0.997800398,0.997860855,0.99762197,0.996787203,0.995939864,0.997670827,0.997825499,0.9968237,0.996288092,0.996084565,0.996929447,0.994646165,0.99000759,0.857197575,0.765721405,0.972732502,0.989705331,0.998881096,0.998904063,0.999721399,0.999408862,0.997835828,0.999296141,0.998660439,0.999122347,0.998508556,0.999104051,0.999429726,0.998852949,0.995377816,0.99443051,0.996751989,0.995514721,0.996137443,0.994505322,0.994535912,0.991848263,0.995405198,0.994983451,0.991819395,0.994308146,0.9943262,0.996122375,0.992876416,0.983204287,0.768295322,0.64632932,0.0219655383,0.00266339001,0.000986154673,0.00182985854,0,0,0.00261236736,0.000965749741,0.00238056682,0.00182336709,0,0,0.000791365558,0.000994272484,0.00499232362,0.00479134765,0.00525591777,0.00503079643,0.00367158197,0.00447772904,0.00528317295,0.00947735754,0.00368251921,0.00456105177,0.00485838232,0.00187939691,0.00662905496,0.00376094953,0.00725359649,0.0149521601,0.13479661,0.120240886,6.77688984,9.85659841,11.0222621,18.230369,17.7949388,12.406857,15.0654562,15.8357012,15.2794537,12.9473378,11.6085128,10.3755952,8.53918161,5.6307091,4.35987885,4.22043155,3.69079321,4.17399492,4.29256688,4.36174029,4.61749146,4.87921126,5.17209456,5.29007656,5.36174446,5.356043,5.48189322,5.64672362,5.83528621,5.99598012,6.155401,2.83723858
evaluation/bill-evans-secret-sessions_04/i16_cbr_5ms_320k/master.wav,evaluation/bill-evans-secret-sessions_04/i16_cbr_5ms_320k/rust.wav,4.60833771,0.993698942,0.997402025,0.999760809,0.999897887,0.999920461,0.999880192,0.999727706,0.999863011,0.999803852,0.99986202,0.999800999,0.999867322,0.999932983,0.999861821,0.99960325,0.999521382,0.999474256,0.999245912,0.998965852,0.998763157,0.998736391,0.99849815,0.998758488,0.998545964,0.997414599,0.996850151,0.997063855,0.996707004,0.993897306,0.991151397,0.857440637,0.752660157,0.985819217,0.994173513,0.999516856,0.9992218,0.999823099,0.999800841,0.999034388,0.999678422,0.999353814,0.999494456,0.999417677,0.999680712,0.999862317,0.999497306,0.99922367,0.999063466,0.999093584,0.998599608,0.997800177,0.997932999,0.997303231,0.997484785,0.997834907,0.997213903,0.993679302,0.994895844,0.995107754,0.993003241,0.984076554,0.979015021,0.770000559,0.638101993,0.011677252,0,0,0.00151787743,0,0,0.000582096904,0.000794473208,0.00189762204,0.00122608987,0,0,0.00043907954,0.00114198545,0.00162800808,0.00132425695,0.00159146887,0.0024396472,0.00306006094,0.00258906322,0.00197309041,0.00108829278,0.00144498645,0.00182456691,0.00337336666,0.00255654623,0.00411019669,0.0054650629,0.0137734198,0.0128689054,0.134869684,0.119205313,6.5509447,9.6326995,10.7848413,17.9894555,17.5534123,12.1552579,14.8225822,15.5992885,15.0372264,12.7033059,11.3631768,10.1388652,8.30090224,5.39427756,4.11910637,3.98144065,3.44695813,3.93252969,4.06043181,4.12455672,4.37942491,4.64811039,4.93815038,5.05239903,5.12389212,5.11960366,5.24662575,5.40832582,5.58956587,5.75659816,5.92018695,2.60627522
evaluation/bill-evans-secret-sessions_04/i16_cbr_5ms_320k/master.wav,evaluation/bill-evans-secret-sessions_04/i16_cbr_5ms_320k/c.wav,4.61524079,0.992441112,0.997288688,0.999727785,0.999880611,0.999912116,0.999899989,0.999742943,0.999849126,0.999779606,0.999832374,0.999797084,0.999873712,0.999910804,0.999855472,0.999629337,0.999472176,0.99943655,0.99937135,0.99922181,0.998865411,0.998743562,0.998708366,0.998789424,0.998314547,0.997704688,0.997029275,0.996987612,0.996995724,0.994930949,0.99058212,0.85780884,0.778279506,0.972270581,0.992229293,0.999382631,0.999134899,0.999743303,0.999816101,0.999271401,0.999585961,0.999375761,0.999331774,0.999529878,0.999731718,0.999801983,0.999644271,0.999282121,0.9990929,0.999064413,0.998716091,0.998493297,0.998101347,0.997739164,0.997831012,0.998469303,0.99646464,0.995105536,0.995968248,0.993129815,0.994571099,0.993265016,0.98371149,0.768121356,0.660834891,0.0255171426,0.00253495049,0,0.00159075335,0,0,0.00134771258,0.00130782821,0.00195909615,0.00139486297,0,0,0,0.00063774124,0.00127386125,0.00186179378,0.00211170994,0.00162705726,0.0021498938,0.00325061087,0.00265297242,0.00178574367,0.00162581001,0.00409774361,0.00291593734,0.00240322279,0.00353261541,0.0023068807,0.00546570235,0.0170521841,0.134410156,0.120872093,7.02076829,10.1217408,11.2560515,18.4729433,18.0392364,12.6466971,15.3116123,16.0812645,15.5176775,13.1861754,11.8458688,10.6198773,8.78504855,5.87532348,4.60521934,4.46436511,3.9307023,4.41814708,4.54104767,4.60395551,4.86136697,5.1274114,5.41608108,5.5313531,5.60291477,5.60065695,5.72461815,5.88858631,6.07691049,6.23757378,6.39747839,3.08230337
evaluation/bill-evans-secret-sessions_04/i16_vbr_5ms_192k/master.wav,evaluation/bill-evans-secret-sessions_04/i16_vbr_5ms_192k/rust.wav,4.56293314,0.971504264,0.988910145,0.998412275,0.998955382,0.999238673,0.999208307,0.997966273,0.998676168,0.998165053,0.998455528,0.997123007,0.998050083,0.998881078,0.997758181,0.993543591,0.989683917,0.983996734,0.977439666,0.976210696,0.978189423,0.980242467,0.978069118,0.978587426,0.976241944,0.97019593,0.978269197,0.983565526,0.98796733,0.979576975,0.966116798,0.857373964,0.773723406,0.913319492,0.97320095,0.996721635,0.9913086,0.997699053,0.998443405,0.993655719,0.997296983,0.993620733,0.993916264,0.991922745,0.994132638,0.997210646,0.993305112,0.989253417,0.9766001,0.974982403,0.955463572,0.964562679,0.95276659,0.96484576,0.956555232,0.965469754,0.960862141,0.944749033,0.966162401,0.965004889,0.9801507,0.968536953,0.941355124,0.777256412,0.662527145,0.0675482623,0.0144230004,0,0.0115080492,0,0,0.00512633862,0.00396611147,0.00633023527,0.00528061957,0.00368798981,0.00127852679,0.00234030888,0.00552313989,0.0124330727,0.018841263,0.0263131323,0.0342815778,0.0324222809,0.0348446415,0.0243433301,0.0308809004,0.0321067901,0.0326530825,0.0356420845,0.025773416,0.0266313229,0.0131485638,0.028482301,0.0395032425,0.133345704,0.121552792,7.04184119,10.0463304,11.2147781,18.3850637,17.9552645,12.5809044,15.2237898,15.9993338,15.4418107,13.1042665,11.7606712,10.5305897,8.70079703,5.79763992,4.52908605,4.39346035,3.86753932,4.35795024,4.48956006,4.53504582,4.78122614,5.0453977,5.34381201,5.46167305,5.52314161,5.52238815,5.64116227,5.80264085,5.98735981,6.1472378,6.30796195,2.99608303
evaluation/bill-evans-secret-sessions_04/i16_vbr_5ms_192k/master.wav,evaluation/bill-evans-secret-sessions_04/i16_vbr_5ms_192k/c.wav,4.54742733,0.973832108,0.990903784,0.998557147,0.999104187,0.999210908,0.999156748,0.998466992,0.99882095,0.998103511,0.998454385,0.997782511,0.998419441,0.998861936,0.997426152,0.991939842,0.988684503,0.980535911,0.975458288,0.972957716,0.975033434,0.977737906,0.978648693,0.98089052,0.977988802,0.968819375,0.976619844,0.983872266,0.987299783,0.977164522,0.962694355,0.856233606,0.727892901,0.928167481,0.979130975,0.996804879,0.992303601,0.997884359,0.998489039,0.99585331,0.99786731,0.994556603,0.994458212,0.995332347,0.996813333,0.997081367,0.99230142,0.987198993,0.977677651,0.969647522,0.962501811,0.959404462,0.92963081,0.9602789,0.967943488,0.971918122,0.961605095,0.948470637,0.963522665,0.975310504,0.977040245,0.962398586,0.930153702,0.766779629,0.597701353,0.0609769482,0.0120055906,0.00075496252,0.0101198051,0.00168610171,0,0.00320747216,0.00328316092,0.00670501123,0.00503223851,0,0,0.00248303707,0.00555256082,0.0157482644,0.0176831893,0.0310522591,0.0328203773,0.0419951304,0.048809977,0.0349434743,0.0273968415,0.0239841994,0.029468928,0.0396261811,0.0281985422,0.0220670429,0.0198107386,0.0320912045,0.052888068,0.134694097,0.122369519,6.32515272,9.36433527,10.5423277,17.7228468,17.2924711,11.9211951,14.5638584,15.3325876,14.7713271,12.4372276,11.1036795,9.87500431,8.05431607,5.15497519,3.86208084,3.7278581,3.21654607,3.72180931,3.82557056,3.86822291,4.10871442,4.37147474,4.66511713,4.78835419,4.86334409,4.84517167,4.96922757,5.13803619,5.32793345,5.49161294,5.64516816,2.31510394
evaluation/bill-evans-secret-sessions_04/i16_vbr_5ms_256k/master.wav,evaluation/bill-evans-secret-sessions_04/i16_vbr_5ms_256k/rust.wav,4.60255151,0.990302609,0.996909728,0.999656726,0.999917807,0.999794385,0.999790752,0.999421193,0.999686916,0.999517457,0.999677962,0.999397811,0.999556711,0.99978131,0.999580972,0.998702434,0.998091397,0.998173271,0.998210204,0.998110696,0.998126315,0.99685409,0.995917028,0.9973483,0.997557825,0.996970529,0.996276099,0.996048302,0.996290889,0.994274795,0.991163735,0.857884609,0.733889386,0.969960443,0.992743209,0.999402357,0.999700004,0.99938491,0.999567013,0.998091716,0.99933602,0.998365257,0.99908451,0.997946694,0.998509897,0.999491417,0.998725506,0.997778044,0.99644788,0.997411447,0.996951677,0.996565057,0.996312962,0.995329503,0.993378953,0.994879618,0.990405863,0.993993964,0.993180657,0.991073945,0.991463076,0.988443369,0.983276215,0.769361404,0.617729798,0.0237625967,0.00314342531,0,0.000342699377,0,0,0.00205315317,0.00155256561,0.00295229649,0.00147940847,0,0,0.000646124549,0.00214269683,0.00203355948,0.00230847737,0.0032255749,0.00437547914,0.00504282383,0.00371482335,0.00424354057,0.00721920357,0.00565858752,0.00813885555,0.00281954253,0.00136291395,0.00634788355,0.00668114556,0.00901377931,0.0120626914,0.13405525,0.119170603,6.27755215,9.36819125,10.533867,17.7319416,17.29897,11.9122548,14.5689229,15.3380261,14.7738692,12.4437685,11.1097986,9.8806972,8.04332811,5.13823154,3.86539371,3.72701286,3.18643136,3.67528688,3.79841859,3.8602876,4.11918454,4.38335379,4.67433553,4.78877442,4.86058169,4.85818286,4.98478704,5.14688828,5.32938535,5.49446398,5.65828694,2.34346664
evaluation/bill-evans-secret-sessions_04/i16_vbr_5ms_256k/master.wav,evaluation/bill-evans-secret-sessions_04/i16_vbr_5ms_256k/c.wav,4.60750246,0.986560463,0.995572896,0.999552679,0.999826627,0.999876047,0.999757813,0.999372784,0.999715319,0.999563594,0.999631926,0.999345184,0.999559409,0.999755639,0.999612257,0.998364248,0.998138365,0.997983115,0.997832618,0.997962754,0.99789049,0.996867623,0.996254043,0.997593353,0.997933531,0.996348908,0.996415256,0.996402306,0.997046081,0.994509997,0.989474315,0.857013682,0.756981268,0.95172314,0.987090135,0.998781725,0.998872499,0.999721964,0.999385993,0.99775321,0.999245698,0.998764202,0.998986823,0.998240402,0.999279939,0.999483604,0.998864222,0.995282181,0.994345343,0.996563035,0.995454154,0.996177134,0.99616317,0.99518145,0.9948678,0.996503781,0.995164088,0.987889104,0.995088028,0.994125669,0.995824364,0.990758901,0.980744632,0.768995933,0.638354476,0.0399838096,0.00593560761,0.000927377386,0.00188761613,0,0,0.00264032817,0.00148752811,0.00269154947,0.00198351213,0.00145802189,0,0.000761727223,0.00111829922,0.00502567597,0.0046490204,0.00511341084,0.00499125076,0.0035460461,0.00372898869,0.00373626745,0.00543140124,0.00403125587,0.00481379547,0.00950899229,0.00356074071,0.0053064353,0.00229626775,0.00806504413,0.0169492062,0.134891088,0.120091762,6.65513219,9.72751796,10.8771954,18.0944851,17.6580972,12.2709401,14.9261144,15.6980256,15.1435179,12.8096324,11.4723226,10.2403216,8.40427791,5.49671504,4.22531886,4.08399461,3.55416714,4.03582291,4.15597825,4.22070435,4.4803851,4.74478893,5.03210513,5.14871261,5.22407219,5.21831305,5.34397937,5.50919641,5.69714247,5.85881013,6.01695103,2.69721868
evaluation/bill-evans-secret-sessions_04/i16_vbr_5ms_320k/master.wav,evaluation/bill-evans-secret-sessions_04/i16_vbr_5ms_320k/rust.wav,4.61229042,0.993128785,0.997594852,0.999715431,0.999878095,0.999910482,0.999882113,0.999724686,0.999867933,0.999780767,0.999849336,0.999770536,0.999864158,0.99992583,0.999851998,0.999603963,0.999489646,0.999406839,0.999168299,0.998941769,0.998749874,0.99873226,0.99852425,0.998769439,0.998563789,0.997447543,0.996902238,0.997080431,0.996652423,0.994600577,0.9910856,0.858020278,0.766615741,0.983354009,0.99524272,0.999356596,0.998976202,0.999660418,0.999802454,0.999000354,0.999673971,0.999017204,0.999376529,0.999416334,0.999679435,0.999824111,0.999373795,0.999189883,0.998656406,0.999134668,0.997869843,0.997325073,0.997894966,0.99699971,0.99730588,0.998256038,0.996958812,0.994313053,0.994880355,0.99529199,0.992257384,0.988792716,0.979450491,0.770281065,0.652059377,0.0148135015,0,0.00101557159,0.001806987,0,0,0.00140116341,0.00089266835,0.002073746,0.00132940501,0,0,0.000284107751,0.00117984718,0.00152663016,0.00189030043,0.0022101426,0.00261097902,0.00380531647,0.00266187396,0.00196329147,0,0.000786462996,0.00246324621,0.00373368371,0.00336917277,0.00370405807,0.00610932719,0.00788942779,0.0122734182,0.134715675,0.119688191,6.76544516,9.87454048,11.0218784,18.2447348,17.8152225,12.3827821,15.0310802,15.8444987,15.2888258,12.9618853,11.6105995,10.3963245,8.54144497,5.64394247,4.36914947,4.22636244,3.68331854,4.16679624,4.29217902,4.35856988,4.61370318,4.87526075,5.1630737,5.27940505,5.35313474,5.35134548,5.47453041,5.63990985,5.82273388,5.98557605,6.15251358,2.83727679
evaluation/bill-evans-secret-sessions_04/i16_vbr_5ms_320k/master.wav,evaluation/bill-evans-secret-sessions_04/i16_vbr_5ms_320k/c.wav,4.61263521,0.992793625,0.997436986,0.999716844,0.9999181,0.999928425,0.999903155,0.999759742,0.999840448,0.999796214,0.999844924,0.99980161,0.999873355,0.999915616,0.999869713,0.999632879,0.999516981,0.999469061,0.999422718,0.999264933,0.998886455,0.99874908,0.998700001,0.998780553,0.998388927,0.997663396,0.997033735,0.996940278,0.997282905,0.994746099,0.990551849,0.857449419,0.76795918,0.983362192,0.993545919,0.999302454,0.999476112,0.999843515,0.999841326,0.9993574,0.999558788,0.999415615,0.999433431,0.999603429,0.999700705,0.999790062,0.999633311,0.999384614,0.999163096,0.999230644,0.999114116,0.998817892,0.99829336,0.997630733,0.99769545,0.998167017,0.996353936,0.994293201,0.9950983,0.993670741,0.996176633,0.992443109,0.983790028,0.767867162,0.649801508,0.0161759831,0.00160015631,0,0.00102851163,0,0,0.000988089935,0.00135056325,0.00189478088,0.00132108398,0,0,0,0.000692666595,0.00114958734,0.00171660165,0.00194357707,0.00144421096,0.00174366167,0.00297879857,0.00233469713,0.00163239715,0.0016699447,0.00381053445,0.00336591481,0.00346062482,0.00668472402,0.00130454749,0.00667922463,0.0159907322,0.134918747,0.120811273,6.81334418,9.9084044,11.0635149,18.2772909,17.8411441,12.4483377,15.1172207,15.8821833,15.3190879,12.985996,11.6495178,10.4216855,8.58507054,5.67735259,4.40544955,4.26494016,3.73142927,4.2169141,4.339761,4.40518347,4.66309859,4.92852056,5.21779274,5.33264701,5.40462229,5.40189319,5.52653847,5.69098398,5.87779855,6.03787133,6.19768964,2.88228378
evaluation/bill-evans-secret-sessions_04/i24_cbr_5ms_192k/master.wav,evaluation/bill-evans-secret-sessions_04/i24_cbr_5ms_192k/rust.wav,4.55008928,0.975002296,0.990108714,0.998318884,0.999225638,0.999100139,0.999151539,0.998219358,0.998762956,0.997857408,0.998399825,0.997430036,0.998056474,0.998657635,0.997241232,0.992897244,0.986265698,0.98036849,0.970959031,0.975629435,0.978256207,0.98095348,0.979467269,0.981824755,0.976576508,0.968194781,0.973641093,0.982654952,0.988338241,0.980143803,0.965526201,0.857822908,0.730378479,0.916186292,0.975424704,0.995887624,0.995221741,0.997580002,0.998180781,0.993766373,0.997687109,0.991732737,0.994100704,0.993631277,0.996140653,0.996771417,0.988330262,0.986902818,0.968084937,0.965435441,0.950513897,0.964320738,0.968031488,0.968487049,0.970923339,0.977303002,0.959610319,0.944433588,0.959521483,0.975584617,0.976260166,0.964862915,0.938473802,0.775870992,0.616399979,0.0573749202,0.0122362088,0,0.00643905268,0,0,0.0045138766,0.00348421199,0.00916685204,0.00589962479,0.00316784706,0.0023356387,0.00337474296,0.0105251819,0.011326141,0.0271341228,0.0318940804,0.0494183013,0.032437736,0.0321881203,0.0251027883,0.0273041931,0.0227641112,0.0285776803,0.0373482324,0.0318885863,0.0250246737,0.0181646298,0.0283616996,0.0445580704,0.13352925,0.120882376,6.30297134,9.37083851,10.5068052,17.6995605,17.2649072,11.8892677,14.529762,15.3047864,14.7474786,12.4129786,11.0787255,9.84953799,8.01781386,5.10417664,3.83811762,3.69696552,3.16879607,3.67207418,3.79744767,3.85520316,4.09020925,4.35423167,4.6546008,4.77063318,4.82598225,4.83421476,4.94808202,5.10809165,5.2998725,5.45991128,5.62287066,2.30712804
evaluation/bill-evans-secret-sessions_04/i24_cbr_5ms_192k/master.wav,evaluation/bill-evans-secret-sessions_04/i24_cbr_5ms_192k/c.wav,4.54821881,0.976616168,0.990336037,0.998445885,0.999142826,0.999432575,0.99916468,0.998377304,0.998791317,0.99814924,0.998835335,0.997863494,0.998320638,0.998824277,0.996384015,0.992410991,0.987636962,0.979346819,0.974130217,0.972485958,0.977536505,0.980476862,0.978741621,0.979718543,0.974470447,0.966207691,0.974412451,0.982299758,0.986130369,0.974854248,0.960481767,0.856140024,0.753290637,0.955792352,0.972774129,0.997164803,0.993242095,0.998583546,0.998383136,0.995435685,0.996859659,0.993297593,0.997108619,0.994771235,0.995778135,0.996580294,0.988544521,0.988657349,0.973593081,0.966108673,0.954405097,0.948413454,0.926347646,0.963107126,0.964906595,0.968343093,0.945054289,0.930190805,0.962438964,0.964705588,0.960939865,0.960655498,0.938411599,0.76537036,0.62858809,0.0438328507,0.0139472368,0.00257897588,0.00939731028,0,0,0.00408651874,0.00355499173,0.00633963349,0.0033613293,0.00145869333,0,0.00228883403,0.0120329938,0.0114923286,0.0192351762,0.0334316127,0.038068055,0.0443339784,0.044119899,0.027624648,0.0282255355,0.026502426,0.0477265973,0.0482205991,0.0282942256,0.0223208955,0.0266369461,0.0335482152,0.0470348614,0.134014645,0.121524657,6.63926151,9.73757672,10.9252404,18.0849756,17.6466892,12.2741005,14.9215458,15.6950587,15.132344,12.805072,11.4690656,10.2390387,8.40301539,5.50332147,4.20823085,4.08448447,3.56485816,4.04472151,4.16249799,4.21275643,4.45833392,4.7372783,5.01947718,5.14435436,5.22363724,5.20308063,5.32539647,5.49354136,5.68427286,5.84707935,5.99982451,2.67024529
evaluation/bill-evans-secret-sessions_04/i24_cbr_5ms_256k/master.wav,evaluation/bill-evans-secret-sessions_04/i24_cbr_5ms_256k/rust.wav,4.60274269,0.990516073,0.99666153,0.999642582,0.999894868,0.999789311,0.999802925,0.999473394,0.999716684,0.999608152,0.999696371,0.999458374,0.999548804,0.999759226,0.999615077,0.99840472,0.998209363,0.997965629,0.997907216,0.997907136,0.998051823,0.997004672,0.996415453,0.997775512,0.997802468,0.996296486,0.995309896,0.996221216,0.996635389,0.994362359,0.99073593,0.857652899,0.736609807,0.967226266,0.988335787,0.999241316,0.999500638,0.999280415,0.999548886,0.998215347,0.999460301,0.998988265,0.999101123,0.998334818,0.998762969,0.999302823,0.999098513,0.99557928,0.996425769,0.995941911,0.99625474,0.996658752,0.997452644,0.995586687,0.994466601,0.99587197,0.994563799,0.992485428,0.993071931,0.992902788,0.993169269,0.988161544,0.981770749,0.76950201,0.620368931,0.028046763,0.0040844721,0,0.00091669673,0,0,0.00170663562,0.00114081287,0.00247380197,0.00144742961,0,0,0.00111475389,0.00157300803,0.00464942076,0.00339432319,0.00462297039,0.00493443214,0.00428244671,0.00276168424,0.00408730564,0.00509175832,0.00319061509,0.00437568233,0.00595369346,0.0054012692,0.00421198704,0.00590695282,0.010689292,0.013803865,0.134361013,0.119248769,6.35821013,9.4080067,10.5582695,17.761023,17.325799,11.9383298,14.5967724,15.3701846,14.8064328,12.4798946,11.1408535,9.91178899,8.07624188,5.17134339,3.89138872,3.75443108,3.21440728,3.70873436,3.83268582,3.8931709,4.14981861,4.41340138,4.70358185,4.81908907,4.89315576,4.8917228,5.01756885,5.17848904,5.36587543,5.52787924,5.6881557,2.37679895
evaluation/bill-evans-secret-sessions_04/i24_cbr_5ms_256k/master.wav,evaluation/bill-evans-secret-sessions_04/i24_cbr_5ms_256k/c.wav,4.61479957,0.989048149,0.995880302,0.999537991,0.999818896,0.999871803,0.999768446,0.999380567,0.999675169,0.999518061,0.999632457,0.999364817,0.999583866,0.999752455,0.999574197,0.998158017,0.997886634,0.997713322,0.997600197,0.997991254,0.997745873,0.996925362,0.996157629,0.997657911,0.997836928,0.996564017,0.995573925,0.995755795,0.996808447,0.994814217,0.99002946,0.857325802,0.786978255,0.974536318,0.985664738,0.998855541,0.998714726,0.99970377,0.999381452,0.998015032,0.999209471,0.998408753,0.998760075,0.998384858,0.999082787,0.999302931,0.998704331,0.993362854,0.9952115,0.995547655,0.995142661,0.996361389,0.995813609,0.995201948,0.992113478,0.996144114,0.995545028,0.991724743,0.990333417,0.992962787,0.995237376,0.992420943,0.982180233,0.768758566,0.668835395,0.0208395022,0.00443065234,0.00144043972,0.00217059991,0,0,0.00255546528,0.00104810838,0.00274152848,0.00198857776,0,0,0.000875567925,0.000987177541,0.00778508647,0.00577178781,0.00586886071,0.00560687811,0.0044615924,0.00400640471,0.00440571804,0.00865731511,0.00362292326,0.00282770356,0.00630589319,0.00581146654,0.00748183585,0.00273703331,0.00550761051,0.0138321834,0.134869302,0.121310828,7.20871629,10.2973969,11.4570165,18.6675512,18.2331819,12.8457859,15.4978868,16.2685509,15.7137324,13.3835214,12.0420949,10.8115137,8.97756693,6.06738656,4.79480399,4.65620281,4.12819292,4.61221208,4.73533403,4.79964957,5.05368862,5.31595632,5.60786634,5.724889,5.79421818,5.79388703,5.91778725,6.08068759,6.270505,6.43237139,6.59096256,3.27235398
evaluation/bill-evans-secret-sessions_04/i24_cbr_5ms_320k/master.wav,evaluation/bill-evans-secret-sessions_04/i24_cbr_5ms_320k/rust.wav,4.60736075,0.992729285,0.997155578,0.99975866,0.999937867,0.999936518,0.99988481,0.999745695,0.999861939,0.999805209,0.999860297,0.999789206,0.999856273,0.999931511,0.999886243,0.999598952,0.999493541,0.9994629,0.999304912,0.999025467,0.998823636,0.99880574,0.998460759,0.998792658,0.998556371,0.997189738,0.996903502,0.997458481,0.997008236,0.994073644,0.99077043,0.857294209,0.748189462,0.98384574,0.994060777,0.999436677,0.999687894,0.999865999,0.999798295,0.999047048,0.999611045,0.999360296,0.999538341,0.999425158,0.999663973,0.999869356,0.999686832,0.999091689,0.998902816,0.999068717,0.998623461,0.997976137,0.997834006,0.997969754,0.997301659,0.997984564,0.997217879,0.993116227,0.995625473,0.995614112,0.993485943,0.983266418,0.976610332,0.770032208,0.632313758,0.0138317852,0.000951682007,0,0.000735248813,0,0,0.000957209715,0.000897665765,0.00186581351,0.00127926252,0,0,0.000397828678,0.00062548055,0.00103987508,0.00109496969,0.0013560948,0.00219748477,0.00323157358,0.00333643263,0.00181742201,0.00214767928,0.00132175825,0.00262490453,0.00403583975,0.0029238505,0.00226261448,0.00455364169,0.0176088425,0.0138710395,0.135060789,0.119365815,6.49761276,9.57498282,10.7185728,17.9251784,17.4897066,12.094185,14.7575398,15.5346924,14.974538,12.6398935,11.2989862,10.0765984,8.23871195,5.33247309,4.05511765,3.91651349,3.38461463,3.8735536,3.99801154,4.06176894,4.31536362,4.58427202,4.87301463,4.98816063,5.06226195,5.05711529,5.18427173,5.34583007,5.52956974,5.69404286,5.85330193,2.54314388
evaluation/bill-evans-secret-sessions_04/i24_cbr_5ms_320k/master.wav,evaluation/bill-evans-secret-sessions_04/i24_cbr_5ms_320k/c.wav,4.61610632,0.992344964,0.997284982,0.999743951,0.999883779,0.999925524,0.99989797,0.999729956,0.99985814,0.999784743,0.999836621,0.999782241,0.99987342,0.999923773,0.999862151,0.999637176,0.999509395,0.999476688,0.99931405,0.999202506,0.998907373,0.998775354,0.998650507,0.998833462,0.998382022,0.997696216,0.997042576,0.996932316,0.99700335,0.994368823,0.990780955,0.857841443,0.782767132,0.970457444,0.992339776,0.999464144,0.999135695,0.999755498,0.999789876,0.999247502,0.999648871,0.999320265,0.999370516,0.999498491,0.999721259,0.999860618,0.999579191,0.99933793,0.999003066,0.999221413,0.998486584,0.998694643,0.998330887,0.998094826,0.996945338,0.99840878,0.996126441,0.99516247,0.995520131,0.992147554,0.995977763,0.9894592,0.986582074,0.767622267,0.665385342,0.0276115443,0.00124685311,0,0.00159230617,0,0,0.00109969698,0.00117534769,0.00193973296,0.00135250775,0,0,0,0.000749943799,0.00099044703,0.00176176581,0.002149605,0.00137791154,0.00160961476,0.00328615048,0.00279665051,0.00343713895,0,0.00412209882,0.00285174336,0.00280486938,0.00420273716,0.00261757254,0.0063155695,0.0141307684,0.134944709,0.121367881,7.11159309,10.2093949,11.3489412,18.5627266,18.1288126,12.7377477,15.3993332,16.1689657,15.6054572,13.2744075,11.9329078,10.7086242,8.87234825,5.9621789,4.69313836,4.55269971,4.01695436,4.50581619,4.62850865,4.69212223,4.94934197,5.21287869,5.5043205,5.62009595,5.69135195,5.68911296,5.81217854,5.97558791,6.16557081,6.32539211,6.48564515,3.17165221
evaluation/bill-evans-secret-sessions_04/i24_vbr_5ms_192k/master.wav,evaluation/bill-evans-secret-sessions_04/i24_vbr_5ms_192k/rust.wav,4.55979254,0.973626762,0.989210063,0.998428124,0.999344811,0.999363083,0.999166368,0.997862782,0.998470502,0.9981867,0.998506523,0.997498149,0.998157093,0.998899184,0.997630311,0.993503642,0.989441753,0.982155538,0.977519999,0.979564975,0.979357943,0.979362519,0.976262935,0.978831104,0.977307141,0.971253643,0.976143241,0.983649084,0.988123051,0.978578811,0.966976515,0.857521303,0.761819853,0.921259061,0.970760921,0.996416162,0.99629245,0.997614852,0.998482209,0.993944335,0.995396956,0.993978725,0.994243259,0.993418635,0.993929601,0.997514217,0.993689966,0.990464067,0.97795957,0.971211972,0.965403867,0.970023346,0.968983692,0.965255347,0.962013068,0.971736905,0.961954748,0.947096817,0.955399596,0.973105144,0.980761271,0.961017928,0.946477093,0.773547148,0.641471427,0.0655858483,0.0146487881,0,0.00507580237,0,0,0.00503980877,0.0048255825,0.00712528568,0.00578634058,0.00283483308,0,0.00242734327,0.00602179897,0.0110807694,0.0179758766,0.0281799959,0.033236733,0.0275656352,0.0260406368,0.0263179097,0.0348470269,0.0278011977,0.0298158594,0.0321388804,0.0287909683,0.0214819934,0.0138336288,0.0305855432,0.038603362,0.134251947,0.122582605,6.76274299,9.82829279,10.9620229,18.1391457,17.7063138,12.3291055,14.9848021,15.7559407,15.1990142,12.8606299,11.5184142,10.2942368,8.46276828,5.54993186,4.27523727,4.13830166,3.61898711,4.1224966,4.2651348,4.29916776,4.53927873,4.8081454,5.09878938,5.21571963,5.27874686,5.27633166,5.39484431,5.55687684,5.74512615,5.90746077,6.0698954,2.76227096
evaluation/bill-evans-secret-sessions_04/i24_vbr_5ms_192k/master.wav,evaluation/bill-evans-secret-sessions_04/i24_vbr_5ms_192k/c.wav,4.54908013,0.971032094,0.989910132,0.998598172,0.999186228,0.999298532,0.999161189,0.998287872,0.998654314,0.998124511,0.998499807,0.997735593,0.998327176,0.99872214,0.997535419,0.992042896,0.98889781,0.982228842,0.975024121,0.97361021,0.976637086,0.978764548,0.978321214,0.980284992,0.97302687,0.97005283,0.977180086,0.981831721,0.986335192,0.97640591,0.961461607,0.857157625,0.743055283,0.923407468,0.979857223,0.997856418,0.993314048,0.998287964,0.998633901,0.993489503,0.997000113,0.993202549,0.99399464,0.993464065,0.996797042,0.99655165,0.992360634,0.984729316,0.973582458,0.963031129,0.962507878,0.959234865,0.950804942,0.963979526,0.96376755,0.9721995,0.916355319,0.949429674,0.96469471,0.964668823,0.970186037,0.967563716,0.935286442,0.769045299,0.614827961,0.0651720487,0.0144089909,0.000331880593,0.00886881775,0,0,0.00508860106,0.00400880829,0.00732689706,0.0050955132,0.00343037035,0.00201082151,0.00318633834,0.00567621969,0.0159005706,0.0182103279,0.0305299325,0.0386075029,0.0392477738,0.0376107522,0.0313567979,0.0309216539,0.027023453,0.0617347028,0.0392114185,0.0271084387,0.023057593,0.025042244,0.031775579,0.0520720646,0.133658882,0.121722938,6.48381637,9.5441569,10.7086862,17.8991692,17.4640547,12.0885308,14.7504084,15.5170242,14.9513936,12.6168488,11.2893071,10.054167,8.23227698,5.32913217,4.04023178,3.90193521,3.39055547,3.88608681,3.99856236,4.04199755,4.29305864,4.55962387,4.84771263,4.96609433,5.04015242,5.02188466,5.15165554,5.31790595,5.50664482,5.67077251,5.831625,2.49960911
evaluation/bill-evans-secret-sessions_04/i24_vbr_5ms_256k/master.wav,evaluation/bill-evans-secret-sessions_04/i24_vbr_5ms_256k/rust.wav,4.60250255,0.989942724,0.996625263,0.999650072,0.999910947,0.999789475,0.999791787,0.999509471,0.999706505,0.999576601,0.999607234,0.999387041,0.999529204,0.999769344,0.999635546,0.998361123,0.99817565,0.998048192,0.997996933,0.997853761,0.997927346,0.996860311,0.995790092,0.997345886,0.997882671,0.996651963,0.996067442,0.996197849,0.996403651,0.994341254,0.990948357,0.857586823,0.734598739,0.965607903,0.990301341,0.999413306,0.999619435,0.999322043,0.999547178,0.998799439,0.999429008,0.998587466,0.998493484,0.998041679,0.998475107,0.999325428,0.999259294,0.996904576,0.996393109,0.996749637,0.996279693,0.99604613,0.996445547,0.995114374,0.992984677,0.996114125,0.994786114,0.993812808,0.993608833,0.991926251,0.99186267,0.989321011,0.983147593,0.769970659,0.618889777,0.0255820849,0.00433511998,0,0.000538083175,0,0,0.000796468101,0.00116815324,0.00269982845,0.0022236953,0,0,0.000959091911,0.00138468783,0.00398064339,0.00330689785,0.00395212401,0.00450338321,0.00535592532,0.00423675193,0.00425578064,0.00685762525,0.00471965428,0.00482697003,0.00273948972,0.00163170841,0.0070871053,0.00604781966,0.0109571893,0.0136976762,0.134386128,0.119247079,6.28944231,9.37776466,10.5374269,17.7412132,17.3074031,11.9196592,14.5741139,15.3462778,14.782002,12.4550649,11.1227794,9.8906226,8.05575538,5.15065141,3.87296721,3.73379891,3.1953754,3.6880506,3.81190317,3.87179692,4.13241367,4.39331488,4.68281198,4.7993999,4.87240551,4.86907126,4.99666227,5.15790151,5.3422889,5.50568621,5.66597306,2.35448138
evaluation/bill-evans-secret-sessions_04/i24_vbr_5ms_256k/master.wav,evaluation/bill-evans-secret-sessions_04/i24_vbr_5ms_256k/c.wav,4.61179598,0.98638845,0.995574958,0.999522703,0.999784532,0.99986073,0.999753794,0.999390635,0.999709198,0.999557103,0.999653817,0.999370274,0.999538159,0.999747673,0.999589093,0.998196934,0.997776059,0.997710456,0.997549701,0.997983814,0.99813789,0.997105903,0.996350528,0.997662838,0.997863694,0.996231144,0.996173085,0.996276103,0.997040897,0.994315554,0.989868561,0.85718729,0.774925095,0.952811112,0.98600667,0.998758973,0.998396133,0.99961989,0.999394945,0.997833842,0.999341738,0.998598885,0.999040596,0.99831737,0.999091024,0.999380134,0.998764649,0.992959416,0.994347028,0.995426596,0.995197255,0.996827025,0.99757855,0.994885194,0.993923673,0.995918978,0.995048801,0.987440623,0.994638544,0.992004147,0.995852271,0.989380016,0.982262365,0.768866519,0.65701715,0.0424519169,0.00559833891,0.000318622992,0.00258646635,0,0,0.00252478225,0.00143177899,0.00265411739,0.0018676111,0.000736625077,0,0.000889203318,0.000918281872,0.0076155789,0.00641885052,0.00617105739,0.00570748716,0.00404609555,0.00254194151,0.00321543134,0.00444386548,0.00301205123,0.00444578591,0.00966781978,0.00348889014,0.00530261649,0.00283144229,0.00627884231,0.0138717957,0.135043129,0.120786145,6.97138431,10.0450509,11.1977086,18.4153756,17.9792572,12.5912253,15.2420266,16.0162151,15.4621548,13.128144,11.7897266,10.5610114,8.72593831,5.81773728,4.54434028,4.40479951,3.87468347,4.35830993,4.48152636,4.54366474,4.79978432,5.06651753,5.35343506,5.46840936,5.5428781,5.53819764,5.66358012,5.82775842,6.0156669,6.1784789,6.33811013,3.01801893
evaluation/bill-evans-secret-sessions_04/i24_vbr_5ms_320k/master.wav,evaluation/bill-evans-secret-sessions_04/i24_vbr_5ms_320k/rust.wav,4.61220462,0.993309985,0.997476727,0.99969168,0.999878456,0.999931075,0.999895557,0.99971884,0.999861172,0.999754369,0.999842698,0.999762057,0.999853646,0.99992408,0.999883665,0.999593791,0.999474459,0.999456547,0.999274039,0.999056973,0.998779918,0.998754206,0.998516247,0.998768192,0.998601933,0.997387446,0.997005423,0.997329932,0.996782588,0.994662576,0.990600404,0.857693965,0.766568474,0.987430031,0.994598109,0.999299894,0.999023258,0.999706564,0.999817163,0.999084764,0.999662742,0.998740423,0.999403661,0.999422648,0.999658367,0.999847337,0.999644649,0.998960292,0.998602239,0.999010478,0.998363055,0.998120304,0.997546147,0.998026671,0.997415469,0.997777219,0.99742907,0.995108662,0.995850521,0.995591995,0.993780405,0.988201978,0.97872883,0.770192327,0.651607973,0.0143024054,0,0.000908865688,0.00177503595,0.000461906479,0,0.0015083685,0.000837909979,0.00225419782,0.00136307983,0,0,0.000571370395,0.000789610454,0.00121321042,0.00141547626,0.00182880509,0.00248782929,0.00368889375,0.0034713867,0.00185089841,0.00160492185,0.00188407688,0.00240317824,0.00324344549,0.00261136531,0.00170117154,0.00569187486,0.00902682079,0.0125611016,0.134899321,0.119734147,6.79159407,9.88552709,11.0215889,18.2467602,17.8163369,12.3867795,15.0327992,15.8451285,15.2909604,12.9643643,11.6099953,10.3989227,8.54285018,5.64684645,4.36984924,4.22681331,3.68636446,4.17184034,4.29579475,4.36226562,4.61506929,4.87581284,5.16433183,5.28095026,5.35626002,5.35410757,5.47523942,5.64049754,5.82666903,5.98808341,6.15145477,2.84006613
evaluation/bill-evans-secret-sessions_04/i24_vbr_5ms_320k/master.wav,evaluation/bill-evans-secret-sessions_04/i24_vbr_5ms_320k/c.wav,4.6115988,0.993584701,0.997306952,0.999732053,0.999928089,0.999914263,0.999892271,0.999769834,0.999854875,0.999772256,0.999835904,0.999795217,0.9998785,0.999928682,0.999873272,0.999627938,0.999515778,0.999425686,0.999321238,0.999197567,0.99889359,0.998734591,0.998646681,0.998910344,0.998619145,0.997840659,0.997106822,0.996983831,0.997277366,0.99457186,0.990344054,0.857445041,0.763845436,0.986878574,0.993023757,0.99942184,0.999576239,0.99977631,0.999798206,0.999361518,0.999694446,0.999325288,0.999340808,0.999496172,0.999745132,0.999868831,0.999639446,0.999354476,0.998961368,0.999182064,0.998838289,0.998330537,0.998297697,0.998077067,0.997124671,0.998395074,0.997420561,0.995654796,0.995856425,0.9937031,0.996044343,0.990247718,0.981630825,0.767774474,0.645465308,0.0115176179,0,0,0.000802450519,0,0,0.000546489292,0.0012524182,0.00205613435,0.00136759487,0,0,0,0.000790209344,0.00105234191,0.00177599617,0.00238489187,0.00141397908,0.0020690007,0.00302647814,0.00271187392,0.00343029031,0,0.00299175619,0.00235510458,0.00303471259,0.00582291781,0.00191846868,0.00701642162,0.0157663384,0.134857211,0.120377867,6.72765625,9.8186695,10.9808967,18.1926703,17.7588954,12.365808,15.033073,15.7981462,15.2348686,12.904344,11.5649486,10.3378477,8.50091681,5.5922685,4.32189891,4.18195275,3.64660248,4.13319538,4.25614018,4.32252969,4.57981898,4.84252213,5.13391798,5.24938866,5.32177885,5.31799761,5.44171794,5.60510094,5.79468436,5.95400764,6.11337903,2.79934486
evaluation/bill-evans-secret-sessions_05/i16_cbr_5ms_192k/master.wav,evaluation/bill-evans-secret-sessions_05/i16_cbr_5ms_192k/rust.wav,4.50868337,0.998075748,0.998422174,0.999022882,0.9990314,0.998651485,0.997114504,0.996298703,0.997762276,0.997606907,0.997087142,0.997832061,0.997823594,0.9984021,0.997024807,0.993999915,0.995546686,0.990943369,0.984550645,0.982327754,0.986222498,0.992717231,0.994520539,0.993271966,0.993753628,0.991973969,0.987231988,0.984098892,0.98400323,0.977471422,0.970525947,0.810416085,0.570338272,0.996717434,0.996245545,0.998372565,0.998042941,0.996521953,0.987583614,0.988801628,0.99426417,0.992810388,0.992515461,0.993771264,0.995097748,0.99606017,0.992526067,0.984354314,0.991708077,0.972783099,0.94091044,0.965965459,0.975859064,0.987080476,0.992257414,0.987151272,0.985310845,0.981534099,0.969851661,0.966160544,0.965202263,0.93234879,0.954356758,0.712443886,0.491936271,0.00250029686,0.00275811622,0.00123986653,0.00274680644,0.00404465828,0.00943500394,0.00958216906,0.00314885771,0.00347043522,0.00928973607,0.00674539907,0.00591493187,0.00430823532,0.00507339448,0.017637375,0.00737423195,0.0145743714,0.036467631,0.0351849982,0.0209010753,0.00598276924,0.0052380594,0.0117463861,0.00310222954,0.0136467264,0.0212542368,0.0194041499,0.02437741,0.0526423759,0.0376002587,0.171911317,0.157216418,14.947247,17.2580246,15.4950952,18.2369344,17.1808208,15.3759287,15.3643999,15.2183071,13.7680861,13.6448402,11.5872937,11.1513531,9.72785998,8.22151278,7.56827494,7.43214962,7.3397916,6.98783338,7.15375824,7.06844714,7.59338697,7.83778109,8.04768212,7.30971912,5.89828462,4.56139765,4.29310659,4.40240075,4.19767706,4.19303835,4.40193177,1.17903114
evaluation/bill-evans-secret-sessions_05/i16_cbr_5ms_192k/master.wav,evaluation/bill-evans-secret-sessions_05/i16_cbr_5ms_192k/c.wav,4.50529158,0.997331862,0.998489319,0.998775761,0.99865332,0.998439549,0.996217849,0.995697387,0.997825415,0.99783112,0.997686892,0.997778588,0.997812037,0.998298534,0.99694353,0.994573485,0.99554501,0.992298262,0.985792261,0.984255584,0.988902069,0.992094575,0.994221327,0.993097745,0.993643028,0.993149718,0.987795849,0.984996938,0.986167962,0.978804232,0.967545752,0.80862969,0.552679533,0.993015953,0.997215624,0.997193284,0.997278006,0.995945435,0.980952654,0.986018402,0.996074332,0.994506223,0.994383708,0.993048796,0.99375342,0.994601418,0.990452091,0.98772993,0.990232077,0.983997977,0.956416608,0.972829851,0.980184737,0.988556558,0.991393401,0.986654071,0.984141784,0.987323698,0.971236112,0.96467564,0.970116988,0.948133562,0.925262965,0.711286275,0.465595005,0.00963477786,0.00264788366,0,0.00287452467,0.00511993891,0.0205163225,0.0106572631,0.00464374954,0,0.0071660786,0.00734860617,0.0063648948,0.00373044803,0.0061682656,0.00973568896,0.0082708664,0.0103543075,0.024496917,0.0192681252,0.015047518,0.0131767842,0.00516531729,0.00948312514,0.00816653368,0.00514267175,0.0167709419,0.0182925347,0.0215216157,0.036107717,0.0530720228,0.17223576,0.155741348,14.8596054,17.193431,15.4076456,18.156163,17.1265286,15.334638,15.2891291,15.1566881,13.7520915,13.6068438,11.5390659,11.08848,9.68841029,8.17804368,7.53529643,7.39541833,7.32094243,6.98593567,7.12519592,7.03661479,7.55652935,7.78531574,7.98403208,7.22370812,5.80915358,4.46945146,4.21240775,4.32309023,4.12741838,4.11997883,4.31539993,1.08841528
evaluation/bill-evans-secret-sessions_05/i16_cbr_5ms_256k/master.wav,evaluation/bill-evans-secret-sessions_05/i16_cbr_5ms_256k/rust.wav,4.54280051,0.999195523,0.999512689,0.999746719,0.999704594,0.999685278,0.999356097,0.998696887,0.999386439,0.999379994,0.999410763,0.999496574,0.999559408,0.999641975,0.999385866,0.998932672,0.999191367,0.998893588,0.998660033,0.998665223,0.998716427,0.998857963,0.999031892,0.999204434,0.999417887,0.999180261,0.997776566,0.996484641,0.99537157,0.994510144,0.992426842,0.80982496,0.552431253,0.998200093,0.998471008,0.999344928,0.999273135,0.999329743,0.998384662,0.994236565,0.998430849,0.997350967,0.998234836,0.998881264,0.999048102,0.998955206,0.998173144,0.997712594,0.998164628,0.997526719,0.996459273,0.997384714,0.997552126,0.998248122,0.998533703,0.998551593,0.998567523,0.998258039,0.994253287,0.990220929,0.989079923,0.986060048,0.987991419,0.707814609,0.465741465,0.00260506433,0.00162640179,0,0,0.00142196135,0.00211850912,0.00559523089,0.000870043601,0,0.00276132398,0.0024099513,0.00180456071,0.00075260564,0.000251350945,0.00203606393,0,0,0,0,0,0,0,0,0,0,0,0.00347128147,0.00702378231,0.00958097328,0.00911121399,0.171786072,0.156637833,14.8336579,17.1583244,15.399968,18.1393836,17.0822426,15.28523,15.2705354,15.127139,13.6709331,13.5389111,11.4809577,11.0408717,9.62327024,8.11954307,7.45421419,7.32185071,7.24339495,6.87915513,7.0357978,6.9727132,7.5073758,7.74533129,7.9435469,7.20083764,5.79386384,4.45929463,4.19926017,4.3154025,4.10707528,4.10187043,4.30341711,1.07731597
evaluation/bill-evans-secret-sessions_05/i16_cbr_5ms_256k/master.wav,evaluation/bill-evans-secret-sessions_05/i16_cbr_5ms_256k/c.wav,4.54659008,0.999239816,0.999449353,0.999590741,0.999704575,0.999616009,0.999298428,0.997991421,0.999210536,0.999361445,0.999361936,0.999445502,0.999520691,0.999652426,0.999251472,0.998610415,0.998969441,0.998920988,0.998641389,0.998634638,0.998802636,0.998772239,0.999027733,0.99931986,0.999372859,0.999318838,0.998089614,0.996950468,0.99537237,0.994449219,0.99247393,0.811640299,0.563809751,0.998338426,0.998545263,0.998119178,0.999359961,0.998624753,0.998021943,0.985209087,0.997209235,0.997406009,0.998544762,0.998774487,0.998884129,0.998815954,0.998110451,0.996606824,0.997783612,0.997762045,0.996140675,0.997527845,0.997840953,0.997382824,0.998693974,0.998749012,0.998482097,0.998179331,0.996416217,0.99470823,0.98945645,0.990355994,0.983671052,0.717486493,0.481158837,0.00182183546,0.00199472988,0,0.000404807399,0.00217436297,0.00313427942,0.0140405165,0.00233163661,0,0.00225977039,0.00305291382,0.00135563133,0,0.00113080481,0.00332014524,0.00144406939,0,0,0,0,0.00256434008,0,0,0,0,0,0.00102965541,0.00513450648,0.00396642293,0.00899797456,0.170356888,0.155734274,14.8862187,17.2081949,15.4366434,18.1858486,17.1261574,15.3308579,15.3121478,15.1690565,13.7139852,13.5915001,11.5417823,11.1025106,9.67838079,8.17003713,7.50168068,7.37116414,7.29689915,6.9397699,7.08904135,7.02721793,7.56314388,7.79902774,7.99323396,7.24786228,5.84484733,4.50824689,4.25262795,4.36677908,4.16360288,4.14970262,4.3571333,1.13195302
evaluation/bill-evans-secret-sessions_05/i16_cbr_5ms_320k/master.wav,evaluation/bill-evans-secret-sessions_05/i16_cbr_5ms_320k/rust.wav,4.54516392,0.999457087,0.999684175,0.999799904,0.999793372,0.999750027,0.999573076,0.999280044,0.999707055,0.999744832,0.999618934,0.999815222,0.999862075,0.999889782,0.999799785,0.99971667,0.999774735,0.999680074,0.999551916,0.999472619,0.999366407,0.999579464,0.999685975,0.999588279,0.999574855,0.999490568,0.998561478,0.99753256,0.995095931,0.99411903,0.993252686,0.810814613,0.556243979,0.998885883,0.99937867,0.999500562,0.99953106,0.999236566,0.998875418,0.99649119,0.999256155,0.999333453,0.99849278,0.999402027,0.999730581,0.999658148,0.99944524,0.999550404,0.999606437,0.999378063,0.998784774,0.998755241,0.998720609,0.999390083,0.999471635,0.999094348,0.998940612,0.999021865,0.997103674,0.995395786,0.986795827,0.989615008,0.991329554,0.709192729,0.468447092,0.00150755394,0.000543561619,0,0.000812405454,0.00166744896,0.00207244764,0.00359055535,0.000123121987,0,0.00144678858,0.00156153907,0.00110578765,0,0,0.00112287946,0.000761254834,0,0,0,0,0,0,0,0,0,0,0,0.00734909066,0.00689748437,0.00607495491,0.172145327,0.15779957,14.846598,17.1470115,15.4172511,18.1357763,17.06084,15.299597,15.254034,15.1388322,13.6685108,13.5467524,11.4987519,11.0628261,9.62552905,8.12142321,7.46252691,7.33441548,7.25197009,6.89498332,7.05546394,6.98833753,7.5175946,7.7537933,7.95512317,7.20895407,5.8035733,4.46860372,4.21035551,4.32499399,4.11684485,4.11221659,4.31552862,1.09189794
evaluation/bill-evans-secret-sessions_05/i16_cbr_5ms_320k/master.wav,evaluation/bill-evans-secret-sessions_05/i16_cbr_5ms_320k/c.wav,4.54833241,0.999506695,0.999667375,0.999768052,0.999796769,0.999766402,0.999731721,0.999353204,0.999626198,0.999786318,0.999782931,0.999825326,0.999863256,0.999900576,0.999812209,0.999684296,0.999759428,0.999700991,0.999576394,0.999491687,0.999328364,0.999537139,0.999672986,0.9996275,0.999617252,0.999435364,0.998611354,0.997928518,0.995949544,0.994811235,0.992303395,0.811127615,0.566010236,0.99892233,0.999387803,0.999310553,0.999341381,0.999048482,0.99925589,0.995884901,0.998676795,0.999344839,0.999461392,0.999556306,0.999670067,0.999693445,0.999480128,0.999275208,0.999395343,0.999227185,0.998484002,0.999118145,0.9985232,0.999333025,0.999526681,0.999242195,0.999126837,0.998602518,0.997216696,0.995838476,0.989516525,0.989366325,0.98150388,0.71548297,0.485599555,0.000529035652,0.000523883633,0,0,0.00163982244,0.00154409125,0.00495845526,0.0012805191,0,0.00144296577,0.00149564142,0.00104601566,0,0,0.00130521584,0.000615608601,0,0,0,0,0,0,0,0,0,0,0,0.00530479801,0.00568280929,0.00899477497,0.170358526,0.156179808,14.897926,17.223431,15.4571356,18.1974853,17.1409906,15.3427178,15.3241248,15.18676,13.7265145,13.6032936,11.5506965,11.1070334,9.68711983,8.18176601,7.51706068,7.38332024,7.30808547,6.95281093,7.10849189,7.04279075,7.57031838,7.80780454,8.00705555,7.26145534,5.85685987,4.52559625,4.26670844,4.3813744,4.1737625,4.16394252,4.37025761,1.1460315
evaluation/bill-evans-secret-sessions_05/i16_vbr_5ms_192k/master.wav,evaluation/bill-evans-secret-sessions_05/i16_vbr_5ms_192k/rust.wav,4.50522688,0.997391669,0.997947878,0.998867139,0.998831119,0.998507522,0.99767185,0.996287379,0.997858768,0.997785559,0.997669158,0.99810525,0.998038286,0.998436707,0.997227281,0.995011743,0.994591468,0.989344229,0.985766605,0.984432926,0.986567277,0.992390392,0.994693671,0.993265318,0.993450487,0.990997886,0.986319885,0.983432117,0.982396175,0.978768977,0.969518323,0.809035238,0.564482765,0.994312518,0.992756348,0.998197896,0.996970768,0.995948022,0.995162635,0.985484342,0.993673398,0.99310472,0.993259558,0.995559034,0.995316805,0.996499194,0.993348159,0.986447082,0.984876138,0.976440493,0.960875355,0.972372382,0.976839647,0.985443311,0.991271355,0.980736572,0.984198643,0.979587813,0.965970478,0.966011517,0.950998077,0.944939703,0.946579361,0.712928177,0.490476484,0.00688923756,0.00729473984,0,0.00301435321,0.00464040228,0.00389089802,0.0113385459,0.00368495905,0.00407391282,0.00741664412,0.00549230963,0.00478568756,0.00385940222,0.00435263245,0.009725243,0.01259322,0.0182053245,0.0226722294,0.022603994,0.0184678615,0.0145648903,0.00567997795,0.010295923,0.00342515032,0.0130829951,0.0254633263,0.0199125553,0.0290147383,0.04834871,0.0402807153,0.17239071,0.156056418,14.9097993,17.2317283,15.4645881,18.2053272,17.1505029,15.3407275,15.337121,15.1934717,13.7446943,13.616264,11.5600777,11.1203645,9.69036751,8.19033934,7.53039657,7.39787641,7.31693725,6.98234468,7.14096832,7.05247845,7.57518137,7.80673327,8.0142566,7.2755846,5.87068764,4.5301109,4.26837087,4.37927898,4.16896091,4.16822112,4.36581911,1.14881539
evaluation/bill-evans-secret-sessions_05/i16_vbr_5ms_192k/master.wav,evaluation/bill-evans-secret-sessions_05/i16_vbr_5ms_192k/c.wav,4.50959661,0.99732101,0.998163841,0.998544355,0.998640425,0.998534691,0.997567112,0.9958468,0.997523755,0.997607157,0.997814568,0.99793419,0.997827343,0.998621967,0.997372128,0.994654669,0.995164376,0.992223355,0.984229429,0.982730135,0.987667015,0.991466934,0.993788375,0.993018086,0.993432146,0.992639289,0.989038964,0.986396435,0.986234432,0.980217009,0.970001626,0.81060811,0.556157775,0.993144129,0.995527441,0.993781978,0.997147439,0.995953844,0.994481613,0.987385368,0.994662495,0.995481811,0.995160224,0.994144417,0.993523858,0.995539413,0.992843345,0.987687459,0.985662884,0.980344883,0.940510839,0.968514516,0.979160443,0.985244069,0.990726643,0.987210929,0.986299895,0.985323989,0.971807313,0.972294012,0.967399944,0.9446497,0.955875017,0.710403416,0.467601308,0.00727325366,0.00362937379,0.00359929949,0.00270183013,0.0033444464,0.00686184935,0.0112639147,0.00614803786,0.00362979579,0.00571842627,0.00647651592,0.00618537744,0,0.00333229646,0.0114228252,0.00965287007,0.00857365869,0.0384479953,0.0246299275,0.0193661982,0.0194602353,0.00633620993,0.00997229845,0.00828747876,0.00762552701,0.0144509315,0.0151985814,0.0183744622,0.0453907934,0.0392384794,0.170636555,0.157226925,14.8781361,17.1873983,15.4346656,18.1669584,17.1055866,15.3157041,15.298792,15.1499224,13.6880801,13.5647351,11.5188823,11.0702639,9.64395257,8.14889225,7.48968419,7.35644814,7.29198792,6.95704995,7.0878629,7.01364842,7.53692251,7.77401603,7.97920024,7.23026401,5.8146928,4.48347253,4.22233348,4.33634394,4.13485559,4.12210373,4.32487406,1.10083319
evaluation/bill-evans-secret-sessions_05/i16_vbr_5ms_256k/master.wav,evaluation/bill-evans-secret-sessions_05/i16_vbr_5ms_256k/rust.wav,4.54284086,0.99912403,0.999478681,0.999723549,0.999696788,0.999607461,0.999338169,0.998655601,0.999387336,0.999350773,0.999479001,0.999521105,0.99956688,0.99961626,0.999376663,0.998941687,0.999198067,0.998952232,0.998775612,0.998721721,0.99911836,0.999001517,0.998969462,0.999223006,0.999514644,0.999384945,0.998169582,0.996520503,0.995344965,0.994466114,0.99262242,0.809822763,0.551489385,0.998484281,0.998225513,0.99947426,0.999136064,0.99884351,0.997950786,0.99338277,0.998415983,0.99730125,0.999036138,0.999152493,0.999021902,0.998734149,0.998219974,0.998034272,0.998134094,0.997572599,0.997138838,0.997663718,0.998337829,0.998502186,0.998489628,0.998285666,0.998891704,0.998889887,0.996329193,0.991813707,0.988027945,0.987192407,0.987936536,0.70760264,0.462823795,0.00220043558,0.00205915413,0.000666631962,0,0.00217030598,0.00244392783,0.00596138781,0.000492809611,0,0.0021112878,0.00227688819,0.00203033875,0.000224343091,0,0.00128587853,0,0,0,0,0,0.00188184663,0.00185513951,0,0,0,0,0.00289378783,0.0086004238,0.00894262197,0.00790533013,0.171890818,0.15632611,14.8296052,17.1575732,15.3933542,18.1291499,17.0716208,15.2753731,15.2582746,15.1169613,13.6629981,13.533506,11.4767963,11.0336382,9.61623265,8.11150017,7.44735201,7.31479567,7.23880113,6.87371279,7.03093315,6.96712013,7.50147923,7.73831739,7.93743059,7.1937238,5.78804708,4.45107339,4.1944587,4.30926399,4.10075399,4.0960644,4.29790705,1.07077394
evaluation/bill-evans-secret-sessions_05/i16_vbr_5ms_256k/master.wav,evaluation/bill-evans-secret-sessions_05/i16_vbr_5ms_256k/c.wav,4.54656919,0.999285791,0.999524742,0.999612697,0.999695599,0.999597705,0.999345788,0.998863718,0.999364279,0.99940072,0.999364857,0.999464826,0.999552433,0.999674161,0.999297601,0.998742838,0.998958687,0.998829983,0.998825716,0.998767324,0.998842559,0.999007153,0.999083811,0.999408253,0.999522243,0.999390981,0.998006866,0.996960924,0.995574931,0.994774697,0.992577823,0.811866958,0.561803261,0.998195055,0.999141213,0.998317404,0.999347753,0.998505899,0.998289818,0.994519839,0.998515429,0.997904608,0.998467442,0.998822639,0.999081606,0.998999891,0.998097138,0.997777262,0.997942009,0.997831222,0.997805161,0.997621455,0.99788649,0.998438432,0.998471764,0.998996753,0.999082071,0.998552739,0.995164895,0.995025494,0.989831541,0.990316129,0.984019813,0.717841221,0.476896635,0.00170460235,0,0,0.000817853206,0.00224253596,0.0028836251,0.00520292594,0.00137346396,0,0.00266984449,0.00296503023,0.0016818204,0,0.000695120555,0.00253195574,0.00138305849,0,0,0.00103955424,0,0,0,0,0,0,0,0,0.00407834445,0.0048132629,0.00953815026,0.170008271,0.156019889,14.8709784,17.1956476,15.42523,18.168981,17.1139305,15.3145657,15.2994787,15.1505128,13.6986608,13.5788462,11.5268579,11.0885845,9.66311711,8.15491827,7.48845653,7.3553109,7.28133924,6.92213042,7.07798544,7.01389041,7.54275956,7.78319035,7.97837907,7.23430737,5.83060293,4.49361318,4.23874857,4.35162992,4.14793888,4.13528065,4.34371825,1.12085168
evaluation/bill-evans-secret-sessions_05/i16_vbr_5ms_320k/master.wav,evaluation/bill-evans-secret-sessions_05/i16_vbr_5ms_320k/rust.wav,4.54564539,0.999452626,0.999666925,0.999808594,0.999761401,0.999747666,0.999547773,0.999290913,0.999722808,0.999739565,0.999662367,0.999818078,0.999851524,0.999882162,0.999816735,0.99971472,0.999780656,0.999718857,0.999578709,0.999364692,0.999335741,0.999574531,0.999695393,0.999587189,0.999596553,0.999491947,0.998525388,0.997608697,0.995857394,0.994676858,0.993660564,0.810752239,0.554579169,0.998942887,0.999316097,0.999586048,0.999377811,0.9992712,0.997999022,0.995891729,0.999357303,0.999227281,0.998707804,0.999604674,0.999677184,0.999621849,0.999549616,0.999529674,0.999602751,0.999528917,0.998978405,0.998625851,0.998686943,0.999323398,0.999452025,0.999075843,0.998973609,0.999021346,0.996812044,0.993497789,0.988287852,0.99084893,0.992107484,0.70877898,0.467873429,0.00161211757,0.00101420354,0.000290045189,0.00103219389,0.00193175561,0.00294613748,0.00382454267,0.000524577332,0,0.00118330805,0.00150713802,0.00122161785,0,0,0.000854796857,0.000386552578,0,0,0,0,0,0,0,0,0,0.0016467513,0.00255572153,0.00874370665,0.00639026387,0.00649405383,0.171509989,0.157145451,14.8453925,17.1613797,15.3936632,18.1412085,17.083798,15.2787345,15.2620556,15.1258337,13.6642719,13.5399927,11.4861769,11.0464282,9.6251679,8.11734588,7.45473333,7.32257078,7.2476794,6.8862466,7.0436481,6.97747824,7.50724415,7.74519978,7.9440703,7.20161255,5.79669581,4.46171549,4.20617367,4.32004633,4.10909852,4.10382221,4.31025998,1.08529083
evaluation/bill-evans-secret-sessions_05/i16_vbr_5ms_320k/master.wav,evaluation/bill-evans-secret-sessions_05/i16_vbr_5ms_320k/c.wav,4.54976024,0.999509727,0.999629814,0.999755085,0.999805663,0.999764918,0.999599517,0.999036653,0.999650278,0.999762024,0.999773269,0.999834324,0.999856565,0.999902077,0.999828436,0.999687331,0.999748171,0.999716148,0.999596763,0.999490512,0.999423474,0.999537795,0.999676342,0.999633448,0.999634804,0.999426028,0.998586715,0.997756078,0.99639346,0.995143677,0.992662659,0.811135578,0.569830758,0.998769862,0.999089715,0.999265315,0.999587012,0.999140158,0.998552948,0.992520325,0.998549576,0.999163422,0.999457422,0.999577414,0.999706749,0.99970315,0.999556015,0.999280474,0.99937955,0.999378167,0.998849363,0.999073173,0.999038486,0.999317146,0.999497098,0.999240784,0.999186906,0.998672815,0.996870214,0.995164315,0.991779751,0.991853868,0.982094123,0.715832217,0.490860119,0.00169864647,0.00143629629,0,0.000500327619,0.00172016965,0.00231532591,0.00847085405,0.00181126704,0,0.00178067163,0.00148004503,0.0012382422,0,0,0.00124619443,0.000578272073,0,0,0,0,0,0,0,0,0,0,0,0.0023612472,0.00433376215,0.00837237861,0.170793201,0.155815106,14.9229329,17.2426317,15.4763861,18.2146897,17.1596296,15.3618017,15.3421346,15.2031753,13.7417093,13.6186665,11.5668828,11.1251768,9.70386659,8.19868602,7.5329055,7.3990877,7.32392607,6.96975313,7.12567763,7.05862956,7.5855498,7.82341249,8.02276172,7.27795646,5.87435706,4.54145213,4.27991764,4.39536924,4.18989862,4.18170882,4.38889923,1.16509579
evaluation/bill-evans-secret-sessions_05/i24_cbr_5ms_192k/master.wav,evaluation/bill-evans-secret-sessions_05/i24_cbr_5ms_192k/rust.wav,4.50912359,0.997646325,0.99841159,0.998952375,0.998975501,0.998670223,0.997712461,0.996657584,0.997714737,0.997450303,0.997396547,0.997828534,0.997624634,0.998453954,0.997067859,0.99480083,0.995488231,0.989759858,0.984155177,0.983188298,0.985951677,0.991976315,0.994496959,0.993986656,0.994035995,0.992681219,0.986989231,0.984993804,0.984073248,0.979392284,0.97033541,0.809962222,0.566435212,0.995777794,0.997039456,0.997836648,0.997838678,0.995995783,0.99460762,0.98874704,0.99219177,0.989024159,0.992909055,0.993727566,0.995133009,0.996320899,0.992079365,0.98788781,0.991872912,0.973208316,0.948216133,0.967088384,0.97831355,0.98580638,0.992222837,0.989439331,0.988122113,0.984381106,0.967933432,0.971015291,0.965349867,0.942272744,0.956901094,0.711561745,0.492063503,0.00408886163,0.00251393533,0.00222121602,0.00275966648,0.00410883662,0.00544930122,0.00853261622,0.00379239769,0.00506966341,0.00759874528,0.00645255034,0.0067652363,0.00269717052,0.00474994728,0.0122160139,0.00713873145,0.0166318613,0.0286415743,0.0227405375,0.0171426063,0.00964196653,0.00860485137,0.00713237852,0.0013347817,0.0071491703,0.0203525134,0.0143407144,0.0256052455,0.0488896959,0.0384821541,0.172222992,0.156530838,14.9290982,17.2359771,15.47146,18.2120686,17.1584163,15.3436002,15.3406959,15.2036517,13.7461497,13.6256606,11.5644274,11.1363649,9.71549277,8.20948488,7.5443879,7.41525027,7.32835661,6.97705998,7.14426327,7.0578754,7.57539221,7.82111231,8.02857979,7.29657208,5.88293201,4.53617692,4.27759676,4.38713403,4.1818499,4.17387467,4.37515133,1.16086
evaluation/bill-evans-secret-sessions_05/i24_cbr_5ms_192k/master.wav,evaluation/bill-evans-secret-sessions_05/i24_cbr_5ms_192k/c.wav,4.5056215,0.997305902,0.998226284,0.998865994,0.998626373,0.998415679,0.997512353,0.99640095,0.997833771,0.997781062,0.997779246,0.997776276,0.997734553,0.998187422,0.996833487,0.9945245,0.995552583,0.991786839,0.985188086,0.981529156,0.986201326,0.990995091,0.993521581,0.992796196,0.99357339,0.9931027,0.987600756,0.985421633,0.985830415,0.978664112,0.963875119,0.811817352,0.556710704,0.994587765,0.995879332,0.998127085,0.997081979,0.995913934,0.993154868,0.991136126,0.996000109,0.994292323,0.994699858,0.994325151,0.993467137,0.994824702,0.991387511,0.989569418,0.992120787,0.976700167,0.946519271,0.960367329,0.975074794,0.979752962,0.98858839,0.985358767,0.984568567,0.985787919,0.969580106,0.970980578,0.968124418,0.952625991,0.926174434,0.712305023,0.477325792,0.00846633764,0.00491839013,0.00248823347,0.00309112706,0.00569991962,0.00709124241,0.00827801341,0.00405853514,0,0.00679647758,0.00775870959,0.00667970295,0.00462619168,0.00515888888,0.00967057325,0.00568132806,0.0142795663,0.0232016991,0.0289401342,0.0206714729,0.0226232773,0.00858540599,0.00737715629,0.008327221,0.00601610311,0.0152953073,0.0152460006,0.0207476476,0.0390457259,0.0559163145,0.170060993,0.157255197,14.8750425,17.2406898,15.4530493,18.1968019,17.1015128,15.3363788,15.3220335,15.1223215,13.7391494,13.5803922,11.5339405,11.0629119,9.69265619,8.14769036,7.51337529,7.37713692,7.32973152,7.01881194,7.15783748,7.06211622,7.58527905,7.82307693,8.01911579,7.26066164,5.83585503,4.49349701,4.24160313,4.35231669,4.1565616,4.14196846,4.33426259,1.10990747
evaluation/bill-evans-secret-sessions_05/i24_cbr_5ms_256k/master.wav,evaluation/bill-evans-secret-sessions_05/i24_cbr_5ms_256k/rust.wav,4.54299145,0.99919512,0.999513809,0.999749305,0.999700347,0.999672983,0.999345395,0.998706245,0.999388268,0.99936798,0.999406728,0.999493491,0.999557711,0.99964177,0.999375945,0.99882492,0.999137768,0.998883733,0.998765386,0.998765385,0.998842108,0.998848689,0.999035186,0.999244801,0.999466266,0.999284016,0.998008661,0.996917337,0.995370604,0.994588683,0.992601439,0.809844495,0.551421925,0.998199051,0.998469026,0.99948516,0.999270948,0.999325963,0.998380547,0.99413127,0.998454822,0.997353265,0.998275838,0.998941413,0.999045874,0.99896889,0.998205891,0.997426912,0.998118536,0.997793868,0.996709969,0.997652251,0.997791537,0.998274822,0.998503422,0.998534198,0.998738079,0.998624803,0.994608568,0.991249733,0.987724212,0.986968559,0.990018516,0.708348854,0.463900433,0.00256878695,0.00168269713,0,0,0.00145758204,0.00218521883,0.00567767874,0.00102005984,0,0.00275799791,0.00249540063,0.0019350902,0.000805236656,0,0.00256403967,0,0,0,0,0,0,0,0,0,0,0,0,0.0078485316,0.00946571889,0.00891264159,0.171945604,0.156466884,14.8260922,17.151503,15.3942116,18.1333259,17.0755452,15.2776441,15.2629035,15.1203478,13.6637732,13.5317107,11.4741177,11.0321644,9.61493468,8.10755022,7.44538417,7.31285933,7.2374222,6.8776692,7.03225289,6.96620539,7.50156777,7.73662369,7.93685151,7.19529219,5.78838215,4.45313242,4.19364723,4.30966941,4.09988509,4.09509264,4.29725368,1.07149213
evaluation/bill-evans-secret-sessions_05/i24_cbr_5ms_256k/master.wav,evaluation/bill-evans-secret-sessions_05/i24_cbr_5ms_256k/c.wav,4.54682206,0.999213305,0.999423528,0.99957516,0.999659172,0.999611812,0.999279173,0.997666358,0.999142052,0.999357031,0.999359625,0.999485828,0.999535238,0.99965296,0.999248474,0.998633939,0.999072363,0.998998312,0.998697777,0.998591745,0.99867294,0.998768057,0.998992117,0.999246459,0.999407139,0.999325078,0.998183154,0.997165398,0.995791855,0.994106444,0.992568972,0.811653777,0.563897549,0.998307788,0.998558159,0.998066416,0.99874643,0.998627348,0.997978727,0.980970298,0.996199828,0.997492846,0.998583499,0.998817688,0.998907632,0.998912362,0.998301324,0.996740669,0.998357963,0.998222619,0.996810135,0.997579488,0.997094103,0.997321229,0.998651904,0.998631754,0.998653342,0.998271944,0.996599545,0.994815954,0.992606167,0.990203274,0.987098754,0.71731427,0.481809383,0.00198005225,0.00217704348,0,0,0.00206740542,0.0030837447,0.0175547282,0.00381163291,0,0.00207258775,0.00289088537,0.00113067113,0,0,0.00335339608,0.0012287486,0,0,0,0.00229006173,0.00314893816,0,0,0,0,0,0,0.00322057181,0.00571520581,0.00544529222,0.170572034,0.155751066,14.8818615,17.204063,15.4339708,18.1828218,17.1218569,15.3273742,15.3092611,15.166751,13.7123292,13.5865157,11.5369897,11.0956185,9.67418308,8.1657795,7.50188731,7.3703551,7.29455724,6.94101413,7.08898531,7.02580755,7.55794501,7.7987635,7.99064586,7.24537959,5.84315783,4.50511328,4.25068207,4.36460428,4.16102533,4.14753699,4.35462297,1.1313433
evaluation/bill-evans-secret-sessions_05/i24_cbr_5ms_320k/master.wav,evaluation/bill-evans-secret-sessions_05/i24_cbr_5ms_320k/rust.wav,4.54479525,0.999412756,0.999666186,0.99979917,0.999793404,0.999761643,0.999579035,0.999265282,0.999711275,0.999748452,0.999617546,0.999813759,0.999866759,0.999896086,0.999810866,0.999718414,0.999790845,0.999698241,0.999580957,0.999503767,0.99941889,0.999577821,0.999666746,0.999573245,0.999614156,0.999489531,0.998451958,0.997567782,0.995854043,0.994506643,0.993385362,0.810584042,0.552445152,0.998882009,0.999341238,0.999453368,0.999509522,0.999280898,0.998920504,0.996494539,0.999232712,0.999319689,0.998559157,0.999416825,0.999769171,0.999685307,0.999531033,0.999582601,0.999691439,0.999343279,0.998945954,0.998767609,0.998668412,0.999343339,0.99941221,0.998994508,0.998960816,0.999034515,0.997001426,0.995477639,0.988553845,0.990598851,0.990915624,0.709349451,0.46238854,0.00150399953,0,0,0.000691681468,0.00164096739,0.00201787552,0.0035929473,0.000146436712,0,0.00124745168,0.00157530471,0.00103517365,0,0,0.000692926793,0,0,0,0,0,0,0,0,0,0,0.000924364884,0,0.00658852802,0.00589599441,0.00645365544,0.172482834,0.157627738,14.8259993,17.1281531,15.3980691,18.1159229,17.0410861,15.2800447,15.2353283,15.1196675,13.6503722,13.5291335,11.4796679,11.0433939,9.60546227,8.10213813,7.44448487,7.31621373,7.23303707,6.87470181,7.03611127,6.9701269,7.5000157,7.7358662,7.93673244,7.1900231,5.78545135,4.44985149,4.18994164,4.30569797,4.09782816,4.09366216,4.29679133,1.07232867
evaluation/bill-evans-secret-sessions_05/i24_cbr_5ms_320k/master.wav,evaluation/bill-evans-secret-sessions_05/i24_cbr_5ms_320k/c.wav,4.54855969,0.999537855,0.999666234,0.999753256,0.999809782,0.999760149,0.999710468,0.999367577,0.999635069,0.999794285,0.999782609,0.999843015,0.999861259,0.999904911,0.999820761,0.999695461,0.999774651,0.999707295,0.999604975,0.999472964,0.999297916,0.999534705,0.999671498,0.999603075,0.999632781,0.999417767,0.998462621,0.997693559,0.995822852,0.993990699,0.992309494,0.81087319,0.570030364,0.999036455,0.999332406,0.999204536,0.99955736,0.999068152,0.999229817,0.995948421,0.998679682,0.99936842,0.99947378,0.999568291,0.999676593,0.999714767,0.999480741,0.999351877,0.999441023,0.999361619,0.999278959,0.999030188,0.998465528,0.999279269,0.999555454,0.999156199,0.999256225,0.99875863,0.996726938,0.994767904,0.990668659,0.986696757,0.986267209,0.713182408,0.493041994,0.000730118692,0.000548679125,0,0.000261774531,0.00169759709,0.00156947377,0.0049259781,0.00140688284,0,0.00140103458,0.00139293943,0.00109651548,0,0.000262527422,0.00123908358,0.000685003329,0,0,0,0,0,0,0,0,0,0,0,0.00183667269,0.00705966506,0.00705562458,0.171101411,0.155933696,14.9197541,17.2450265,15.4793194,18.2169779,17.1587458,15.3613146,15.3443701,15.207298,13.746804,13.623212,11.5700056,11.127601,9.7077038,8.2037979,7.53840536,7.40296385,7.32841346,6.97470952,7.13086907,7.06436145,7.59060801,7.82856729,8.02630486,7.28156204,5.87819547,4.54665397,4.28640703,4.40120636,4.19672533,4.18530302,4.39064565,1.166795
evaluation/bill-evans-secret-sessions_05/i24_vbr_5ms_192k/master.wav,evaluation/bill-evans-secret-sessions_05/i24_vbr_5ms_192k/rust.wav,4.50995876,0.997360058,0.998008948,0.998758156,0.99866752,0.998274524,0.997691585,0.996100555,0.998024143,0.997694611,0.997562341,0.998196479,0.99813011,0.998545082,0.997131047,0.995188839,0.995167585,0.99009362,0.986028954,0.983594242,0.985586958,0.992176364,0.994771351,0.993227007,0.993124686,0.992758054,0.988031336,0.984942215,0.982533132,0.979030731,0.969068736,0.809169013,0.575884634,0.994907503,0.993545965,0.997452356,0.99666348,0.99413567,0.993782681,0.985166097,0.996337367,0.995076196,0.992853287,0.996095382,0.99589576,0.996492524,0.991735152,0.98942483,0.98936476,0.975451362,0.95881199,0.963963876,0.978247511,0.986149803,0.991339388,0.981107233,0.982051347,0.984954148,0.969187833,0.97372757,0.961475774,0.951054743,0.954448308,0.714888532,0.500312078,0.00604438531,0.00608639765,0.00124375667,0.00310670913,0.00546610076,0.00525063626,0.0114898408,0.00322105063,0.00348594161,0.00728897686,0.00511781556,0.00487145055,0.00199695974,0.0048855781,0.00844340796,0.00678660504,0.015396906,0.0212131113,0.0228124476,0.0215861691,0.00985510868,0.0061644794,0.0140368236,0.0139389596,0.00682825226,0.0183345004,0.0214681328,0.0291453197,0.0481081962,0.0411838834,0.171736772,0.156256993,14.9392197,17.2898829,15.5090176,18.2512985,17.2167515,15.4242099,15.3875238,15.2484743,13.8592695,13.697071,11.6254359,11.1949357,9.79674139,8.27345944,7.6269898,7.49369627,7.40093159,7.07301318,7.22642073,7.13634907,7.6529958,7.87119483,8.08188645,7.33508318,5.91288066,4.5627526,4.30666616,4.41835805,4.21134934,4.21401261,4.41572839,1.20305108
evaluation/bill-evans-secret-sessions_05/i24_vbr_5ms_192k/master.wav,evaluation/bill-evans-secret-sessions_05/i24_vbr_5ms_192k/c.wav,4.50818891,0.997341256,0.998330275,0.998469959,0.998722126,0.998629113,0.99746454,0.996241477,0.997731374,0.997812648,0.99798079,0.998092571,0.997994266,0.998385509,0.997014078,0.994783975,0.995462293,0.992208143,0.982020254,0.982424665,0.988117465,0.991643688,0.993996118,0.993210451,0.993443835,0.992756013,0.987923238,0.985339372,0.986395626,0.979459318,0.968841805,0.81071163,0.557079742,0.994359565,0.995944299,0.994337249,0.997417077,0.996256703,0.993597962,0.988221192,0.995393821,0.995403196,0.995407357,0.994757036,0.993505251,0.994945189,0.991216749,0.987543554,0.990284583,0.984779926,0.923672008,0.962769972,0.978510652,0.983621613,0.991267114,0.986938519,0.987044853,0.98741811,0.969424799,0.965174223,0.969075066,0.939989708,0.952144644,0.709040118,0.47422178,0.00578230114,0.0016183597,0.00330120002,0.0022308122,0.00383318354,0.00799419986,0.00863585035,0.0050393518,0.00193001654,0.00538142256,0.00611561411,0.00596020343,0.00160349951,0.00475799629,0.0125470083,0.00855858672,0.00898407547,0.053385373,0.0244941927,0.0214841051,0.0196282731,0.00745046729,0.00675931131,0.00648264783,0.00608473418,0.0161731455,0.0168596005,0.0160384865,0.0480488454,0.0394451051,0.170929153,0.158106607,14.8615405,17.1759623,15.4257984,18.1650002,17.1114069,15.317992,15.3014704,15.1492634,13.6819055,13.5581541,11.5180734,11.0754036,9.65126581,8.15242351,7.49148321,7.35709613,7.28887836,6.94766561,7.08187263,7.01082808,7.52682102,7.76574971,7.97497278,7.23264653,5.81650905,4.48669415,4.22565787,4.33486911,4.13590749,4.12540594,4.32323396,1.1035394
evaluation/bill-evans-secret-sessions_05/i24_vbr_5ms_256k/master.wav,evaluation/bill-evans-secret-sessions_05/i24_vbr_5ms_256k/rust.wav,4.54294091,0.999149927,0.999485907,0.999722343,0.999692252,0.999594633,0.999319638,0.998657604,0.999404347,0.999349617,0.99949115,0.9995402,0.999570276,0.999618406,0.99938848,0.998809491,0.999086788,0.998868524,0.998783667,0.998651523,0.999002398,0.998963522,0.999053036,0.999307964,0.999543667,0.999431563,0.998302273,0.996878349,0.99500527,0.994415063,0.992635098,0.809856795,0.551768809,0.99854317,0.998222879,0.999468201,0.999140173,0.998846111,0.997963825,0.993379714,0.998400582,0.997285817,0.999005175,0.999201939,0.999038904,0.998733586,0.998325395,0.997545909,0.997958877,0.99723457,0.996924372,0.997659804,0.998208133,0.998185557,0.99851482,0.998348079,0.99896097,0.9990984,0.996923523,0.993222253,0.985834901,0.987075904,0.989091395,0.708091726,0.462837239,0.00191880634,0.00190796832,0.000633893627,0,0.00224227065,0.00255676944,0.00599936831,0,0,0.00211634805,0.0023215881,0.00206558276,0,0,0.00254229835,0,0,0,0,0,0.00200297126,0.00217749461,0,0,0,0,0,0.010079391,0.00912853401,0.0074916918,0.171823962,0.156167266,14.8296119,17.1580183,15.3945203,18.1294457,17.0723341,15.2758217,15.2578703,15.1165269,13.6610401,13.5316923,11.4767822,11.0331775,9.61548887,8.10734784,7.44641145,7.31397154,7.23962856,6.87646061,7.03430918,6.96764424,7.49861095,7.73770559,7.93789307,7.19329174,5.78715886,4.45297748,4.1966713,4.31023086,4.0997355,4.09541041,4.29831982,1.07150814
evaluation/bill-evans-secret-sessions_05/i24_vbr_5ms_256k/master.wav,evaluation/bill-evans-secret-sessions_05/i24_vbr_5ms_256k/c.wav,4.54684179,0.999257034,0.999502776,0.999619864,0.999646728,0.999587397,0.999326707,0.998675452,0.999329546,0.999400068,0.999412932,0.999492615,0.999547603,0.999695689,0.999321351,0.998766632,0.999095922,0.999026676,0.998722911,0.998663437,0.998823682,0.998936871,0.999080955,0.999356243,0.999488394,0.999309026,0.998098452,0.997203358,0.995546932,0.994446154,0.992557217,0.81187091,0.563269718,0.998004562,0.999068049,0.998429173,0.998814731,0.998505415,0.998323312,0.992216569,0.998253825,0.997909558,0.998475786,0.998834617,0.99918458,0.999241195,0.998526018,0.997128683,0.998489554,0.998282696,0.996016281,0.997306658,0.997787715,0.997967355,0.998525868,0.998885509,0.999034343,0.998606607,0.99519854,0.994138292,0.988865932,0.989818142,0.98635256,0.717861492,0.478059982,0.00205258815,0.00104880775,0,0,0.00217619582,0.0027546269,0.00747935262,0.00211371122,0,0.00232397969,0.00281156476,0.00165358009,0,0,0.00292320365,0,0,0,0,0,0,0,0,0,0,0,0,0.00241935214,0.00358483934,0.00606075405,0.170469924,0.155962095,14.8754757,17.2002243,15.4315309,18.1759584,17.1200795,15.3219152,15.3055365,15.1586907,13.7054851,13.5834825,11.5307758,11.0894523,9.6684184,8.1607521,7.49405783,7.36241242,7.28751983,6.93022991,7.08577084,7.02064706,7.55082795,7.79046317,7.98340672,7.2400297,5.83741739,4.50313338,4.24461087,4.35841087,4.15473474,4.14230423,4.35020047,1.1278655
evaluation/bill-evans-secret-sessions_05/i24_vbr_5ms_320k/master.wav,evaluation/bill-evans-secret-sessions_05/i24_vbr_5ms_320k/rust.wav,4.54483593,0.999427241,0.999637714,0.99980483,0.999770913,0.99977209,0.999540731,0.999292868,0.999729368,0.999738346,0.999651845,0.99981678,0.999851121,0.999887352,0.999827852,0.999721196,0.999793306,0.99972994,0.999554324,0.99937521,0.999373036,0.999571821,0.999675671,0.999575776,0.999626844,0.999495302,0.998506176,0.997722919,0.995817393,0.994901933,0.993756757,0.810664154,0.550684833,0.998933996,0.999326447,0.999579751,0.999342344,0.999296369,0.997786447,0.995939747,0.999341217,0.999210658,0.998792018,0.999602108,0.999664319,0.999663772,0.999603798,0.999579596,0.999658362,0.999515411,0.998843427,0.998611107,0.998626843,0.999333763,0.999408308,0.999075345,0.998950455,0.999089784,0.996806576,0.994670434,0.987634395,0.991193078,0.992376794,0.709131175,0.460812028,0.0014759994,0.000407146319,0,0,0.00159295371,0.00315810776,0.00380269095,0.0003745712,0,0.000817048202,0.00152172037,0.00122561609,0,0,0.000554563709,0,0,0,0,0,0,0,0,0,0,0,0,0.0107154215,0.00613332327,0.00641449594,0.171638928,0.15714466,14.8235442,17.1429598,15.375461,18.1212114,17.065026,15.2601996,15.2424278,15.1069818,13.6450277,13.5201182,11.465483,11.0256668,9.60396916,8.09705312,7.43551119,7.3037212,7.22845266,6.86654352,7.02435391,6.95844732,7.48971004,7.72625441,7.92527202,7.18240604,5.77730278,4.44239085,4.18531103,4.29974852,4.08932237,4.08451976,4.29118667,1.06524009
evaluation/bill-evans-secret-sessions_05/i24_vbr_5ms_320k/master.wav,evaluation/bill-evans-secret-sessions_05/i24_vbr_5ms_320k/c.wav,4.5474127,0.999496338,0.999623918,0.999759915,0.99980798,0.999761541,0.999625502,0.999010885,0.999659213,0.999748669,0.999766997,0.999824381,0.999856025,0.999906334,0.99982528,0.999702607,0.999764386,0.999716354,0.999604538,0.999512556,0.999394774,0.999526065,0.999668951,0.999618704,0.999613909,0.999404389,0.998411369,0.997619365,0.996211607,0.994333364,0.992553343,0.810987648,0.563508727,0.998870039,0.998926081,0.999320624,0.999543605,0.999183126,0.998831045,0.992087043,0.998607224,0.999174483,0.999491239,0.999588495,0.999710744,0.999702476,0.999512512,0.999378278,0.999423918,0.999367189,0.999062777,0.99911196,0.998973672,0.999271441,0.999549478,0.999194036,0.999027368,0.998680803,0.994972128,0.992658203,0.990565895,0.988328521,0.986803953,0.714065053,0.482247036,0.00146526014,0.00171588639,0,0.000785381913,0.00181017979,0.00216739285,0.00903691677,0.00188304545,0,0.00179497267,0.00159557068,0.00125128232,0,0.000224991195,0.00138839001,0.000780488878,0,0,0,0,0,0,0,0,0,0,0,0,0.00691314365,0.007151876,0.170984077,0.155961957,14.8899036,17.2094456,15.4429037,18.181783,17.1261579,15.3309938,15.3100942,15.1696207,13.7075899,13.5844887,11.5321012,11.0907484,9.66992511,8.16556958,7.50082334,7.36456119,7.29041994,6.93461986,7.09024729,7.02510145,7.55199665,7.79056287,7.98896211,7.24428838,5.8402096,4.50815831,4.24710633,4.36244389,4.1585513,4.14852467,4.35470766,1.13111847
evaluation/blue-nile-hats_01/i16_cbr_5ms_192k/master.wav,evaluation/blue-nile-hats_01/i16_cbr_5ms_192k/rust.wav,4.7189164,0.999783974,0.999861451,0.999723004,0.999509364,0.999466221,0.999448146,0.999326039,0.999627073,0.99972133,0.999685836,0.999796428,0.999534883,0.998540217,0.997862607,0.998276386,0.997272318,0.997900437,0.998463496,0.998513251,0.996627578,0.996070653,0.989424076,0.998664604,0.998941888,0.998496851,0.998213718,0.998928509,0.998012668,0.992174202,0.997208458,0.994980998,0.989017728,0.998894663,0.999504518,0.999015725,0.998768895,0.998209506,0.998707137,0.997298287,0.999273268,0.999427065,0.999151694,0.999647294,0.998963769,0.996337678,0.992366854,0.996454442,0.98834138,0.994925492,0.995691983,0.997285934,0.992685859,0.985264798,0.935125727,0.99566585,0.995267039,0.995807403,0.994605555,0.995890661,0.9948654,0.963969162,0.981861295,0.983358827,0.952781798,0.00133968028,0.00121542676,0.00143323201,0,0,0.000214741706,0.00222206863,0,0,0.000829411954,0,0,0.00307085055,0.00826806795,0.00359478308,0.00360344033,0.00524466856,0.00314417811,0.00269482442,0.00683436256,0.0198986251,0.0490487309,0.00513424614,0.00492798504,0.00500505471,0.00567208443,0.00418595567,0.00617168056,0.023438885,0.0106230946,0.0132779689,0.028707806,22.2892957,25.3323257,22.0040356,22.7908879,22.7092935,20.6296488,20.9234414,20.8744878,20.6863875,22.54006,20.6073753,18.6862106,18.1926748,18.2994295,17.373895,16.7353217,14.7661469,13.4028401,11.0841791,10.1589333,8.79800935,7.5087695,7.10630491,6.67879623,5.9346574,5.6280769,5.19371057,4.64722949,4.56887405,4.141261,2.89236399,2.37979342
evaluation/blue-nile-hats_01/i16_cbr_5ms_192k/master.wav,evaluation/blue-nile-hats_01/i16_cbr_5ms_192k/c.wav,4.71844646,0.999846414,0.999870308,0.999597108,0.999543653,0.999551821,0.999495266,0.99932759,0.999435352,0.999582235,0.999658966,0.99980327,0.99946222,0.998533308,0.998261945,0.997567709,0.997464895,0.998576663,0.998228935,0.998208463,0.997287469,0.996698029,0.986028448,0.998868477,0.999131027,0.998779282,0.997884284,0.998340497,0.997667297,0.99084751,0.997970583,0.995656445,0.989909682,0.999577115,0.99939931,0.998394597,0.999005632,0.998799347,0.998630936,0.998198773,0.998784513,0.998809122,0.998918343,0.999548954,0.998595854,0.995696145,0.996425911,0.995602823,0.99189669,0.997156701,0.993841175,0.996370286,0.994168557,0.987086499,0.929682729,0.99653416,0.99706541,0.996598697,0.993375264,0.991956715,0.993088316,0.960813277,0.989465224,0.982706448,0.960759128,0.00134218693,0.00139560208,0.00273688848,0,0,0,0.00145386685,0,0.00150138357,0.00200464414,0,0,0.004134867,0.00469377373,0.00540701835,0,0.00366157258,0.00543352193,0.00327153791,0.00507119119,0.00539160369,0.0551172124,0.0049098528,0.00430083931,0.00518837316,0.00862439241,0.00797957365,0.00791435081,0.031965304,0.00841752788,0.0127925842,0.029511016,22.4206502,25.3909402,22.0517307,22.7576128,22.649876,20.549893,20.8727033,20.8485199,20.6461785,22.4898343,20.5870373,18.6540369,18.1547149,18.2649515,17.3408447,16.6934708,14.7005071,13.3459742,11.0291105,10.0909109,8.78113149,7.46932339,7.03721521,6.60431979,5.88595911,5.5706019,5.1440466,4.59985374,4.50142995,4.06878421,2.83047966,2.351496
evaluation/blue-nile-hats_01/i16_cbr_5ms_256k/master.wav,evaluation/blue-nile-hats_01/i16_cbr_5ms_256k/rust.wav,4.72644083,0.999891919,0.999935088,0.999831525,0.999769585,0.999692478,0.999692688,0.999528452,0.999758442,0.999818966,0.999834124,0.999868262,0.999721862,0.999544309,0.99936626,0.999126483,0.999071146,0.999148293,0.999109615,0.999256423,0.998877114,0.998766012,0.996531041,0.999454192,0.999555636,0.999632261,0.999506985,0.999627845,0.999372174,0.997857536,0.999404385,0.997041668,0.991126692,0.999557703,0.999734116,0.999263787,0.999501216,0.998892613,0.999177439,0.998564116,0.999295513,0.999653915,0.99952858,0.999495257,0.999174728,0.999096192,0.99833656,0.997397536,0.997883898,0.997020772,0.997751861,0.998073743,0.997896009,0.996198018,0.976405856,0.997571322,0.997327117,0.998693934,0.998551079,0.998805579,0.997944297,0.992059648,0.995937709,0.98671851,0.965251906,0.00101117378,0.000957442543,0.00149402937,0,0,0,0.00125370689,0,0,0.000723651207,0,0,0.000673529785,0.00278202902,0.00295097185,0,0.003617905,0.00289043274,0,0.00197722954,0,0.0194121182,0.0035024402,0.00326656416,0.00261449368,0.00302552855,0.00261274904,0.00349380962,0.00784544877,0.00373763812,0.0102837899,0.0274652186,22.4262936,25.4235727,22.0793961,22.8050839,22.6769852,20.5855757,20.8717338,20.8588171,20.685649,22.537652,20.6281027,18.6431699,18.1658489,18.2738179,17.3397723,16.6846953,14.7178585,13.3774178,11.0305582,10.1274336,8.80009429,7.47912972,7.07033299,6.63406915,5.89403207,5.59296822,5.1579132,4.60772208,4.52794751,4.09518065,2.84120222,2.35358328
evaluation/blue-nile-hats_01/i16_cbr_5ms_256k/master.wav,evaluation/blue-nile-hats_01/i16_cbr_5ms_256k/c.wav,4.72552911,0.999870991,0.999938277,0.999859381,0.999775421,0.999792909,0.999728625,0.999650303,0.999792589,0.99981984,0.999824409,0.999881801,0.999780908,0.999553871,0.999423559,0.999265784,0.999131423,0.999299268,0.999191462,0.999194076,0.998714315,0.998658668,0.99317873,0.99951895,0.999617805,0.999547618,0.999557575,0.999642319,0.99909948,0.996553848,0.999377223,0.996945437,0.991237799,0.999675552,0.99981123,0.999557979,0.999398341,0.999572716,0.999460502,0.999118896,0.999603388,0.999536476,0.999439506,0.999631054,0.99960228,0.999354895,0.998559405,0.998034361,0.997229633,0.997981382,0.997001123,0.998074476,0.996964037,0.997041416,0.967139164,0.99860904,0.99770959,0.998507335,0.998596168,0.998661283,0.997061326,0.98618774,0.996118545,0.984507102,0.965871138,0.00122234243,0.000901344161,0.00132329922,0,0,0.000704226059,0.00139565648,0,0.000623208227,0.000891041747,0,0,0.000565315558,0.00267041667,0.00273658151,0,0.00254717278,0.00281154251,0.00201286209,0.00298095371,0.00289797396,0.0342755517,0.00353656428,0.00313106553,0.00290898965,0.002854003,0.00254827695,0.00457469079,0.0125177231,0.0037993574,0.0108898289,0.0272599882,22.4077934,25.4025898,22.0617423,22.7884441,22.688035,20.6102052,20.9370647,20.8946031,20.7020841,22.5094754,20.6635483,18.683894,18.1977244,18.3157985,17.3997249,16.744666,14.7474032,13.4188247,11.0663889,10.1743941,8.83778863,7.47966395,7.07103785,6.63149963,5.89448338,5.59347134,5.16012503,4.60431053,4.52917065,4.09512217,2.84677186,2.35726637
evaluation/blue-nile-hats_01/i16_cbr_5ms_320k/master.wav,evaluation/blue-nile-hats_01/i16_cbr_5ms_320k/rust.wav,4.72727685,0.999922662,0.999948851,0.999811229,0.999867583,0.999830451,0.999791715,0.999645614,0.999864115,0.999912116,0.999931943,0.999956833,0.999918676,0.999832691,0.999786967,0.999669769,0.999632417,0.99967002,0.999708653,0.999713591,0.999494325,0.999182055,0.996261001,0.999768345,0.999851282,0.999767608,0.999730195,0.999805651,0.999614934,0.998303413,0.999715438,0.997029378,0.991169294,0.999829116,0.999800755,0.998711277,0.99970778,0.99944623,0.999295516,0.997993206,0.999741514,0.999811855,0.999784321,0.999876915,0.999779852,0.999695994,0.999569552,0.99949502,0.998914025,0.99906877,0.999212766,0.999486529,0.99912295,0.995929142,0.975061376,0.9990275,0.999480254,0.999159271,0.999245662,0.999279499,0.998550767,0.990588866,0.998225435,0.984548872,0.964844416,0.000811157556,0.000835568286,0.00195607955,0,0,0,0.00198227271,0,0.000153265936,0.000333696925,0,0,0.000256969936,0.00136966877,0.00126239525,0,0.00167145212,0.000912026462,0.00052972525,0.00165462174,0,0.0137216272,0.00207857783,0.00161759275,0.0020484208,0.0021925088,0.00183865053,0.00272583634,0.00750465581,0.00238481288,0.0106123066,0.0277636564,22.4195683,25.4114349,22.0691534,22.801137,22.6976819,20.6005705,20.9129559,20.8752619,20.6842012,22.5169614,20.6288946,18.6673721,18.1848651,18.3014401,17.3814997,16.705556,14.7344712,13.3850684,11.0421791,10.1436428,8.80835258,7.47562119,7.06700104,6.62992448,5.89412811,5.59352238,5.15402225,4.60340198,4.51830933,4.08887041,2.84217542,2.34958651
evaluation/blue-nile-hats_01/i16_cbr_5ms_320k/master.wav,evaluation/blue-nile-hats_01/i16_cbr_5ms_320k/c.wav,4.72752305,0.999916742,0.999961322,0.999896879,0.999864701,0.999867534,0.999854753,0.999743564,0.999863529,0.999905546,0.999936017,0.999957005,0.999905646,0.999810811,0.999780372,0.999673223,0.999616898,0.999672832,0.999723944,0.999724551,0.999476569,0.999374871,0.996269156,0.999774563,0.999756466,0.999729966,0.999701408,0.99978845,0.999660196,0.998815709,0.999687331,0.997123388,0.990978999,0.999629284,0.999871603,0.999608667,0.999598919,0.999631659,0.999634291,0.99926392,0.999733764,0.999798567,0.999835665,0.999853814,0.999802765,0.999531687,0.999496087,0.99931297,0.999057034,0.998981635,0.998640837,0.999297145,0.998817356,0.997792916,0.973439898,0.999240722,0.998483058,0.998561091,0.998914742,0.998862679,0.999115693,0.99600633,0.997796306,0.985005117,0.963072718,0.000998118639,0.000682485683,0.00107133726,0,0,0,0.00119287715,0,0,0.000500540108,0,0,0.00101778411,0.001569666,0.0017691292,0,0.00189031309,0.00191216249,0.00136187961,0.00197338309,0,0.0183522327,0.00200801854,0.00246929149,0.00225310864,0.00232272076,0.00196646474,0.00248415245,0.00561086486,0.00253194174,0.0103224272,0.0279583986,22.4177039,25.4113894,22.0669911,22.7998069,22.6965819,20.5979601,20.9115599,20.8729076,20.680507,22.5173863,20.6294853,18.6650854,18.1881154,18.3011695,17.3758582,16.7024703,14.7269573,13.3904768,11.0417017,10.1387937,8.80152332,7.476189,7.06982918,6.62939881,5.88746499,5.58873613,5.15624805,4.60660921,4.52410244,4.09067416,2.8413064,2.35015454
evaluation/blue-nile-hats_01/i16_vbr_5ms_192k/master.wav,evaluation/blue-nile-hats_01/i16_vbr_5ms_192k/rust.wav,4.71681929,0.999766065,0.999878722,0.999629746,0.999498926,0.999488647,0.999463018,0.999405176,0.999621954,0.999697346,0.999706363,0.999814598,0.99952508,0.998711552,0.998238584,0.998012864,0.997279448,0.998271449,0.998297377,0.998541973,0.997149573,0.996926948,0.986930563,0.998479385,0.999011436,0.998540838,0.998294002,0.998963038,0.997525591,0.989492084,0.996889349,0.994964394,0.987885854,0.999084624,0.999444414,0.998263974,0.998562259,0.998209215,0.998746528,0.998120754,0.999146631,0.999368635,0.999040129,0.999573596,0.998884098,0.997657109,0.995777752,0.995540939,0.989231081,0.996172847,0.995224268,0.996821389,0.994940642,0.98976643,0.9323423,0.994077084,0.996856582,0.995099626,0.994602213,0.995692594,0.990005096,0.951220412,0.981414264,0.983441777,0.954904648,0.00176634458,0.00135290304,0.00227332987,0,0,0,0.00219349312,0.00100017371,0.000995026884,0.00146414288,0,0,0.00328015595,0.00550137896,0.00460493476,0,0.00475753298,0.00439813503,0,0.00510207443,0.00384006259,0.0580631915,0.00657839284,0.00472045578,0.00579260216,0.00648927913,0.00482485536,0.00889593233,0.0360490801,0.0118544177,0.0138984464,0.0316690775,22.4191494,25.4139306,22.060905,22.8126775,22.711548,20.6202906,20.9374947,20.8906916,20.6961311,22.5470996,20.6197148,18.6799486,18.1858756,18.2994023,17.3676192,16.7108611,14.7463643,13.4174105,11.0768246,10.1658373,8.81073661,7.50761238,7.09919375,6.67302819,5.92257203,5.63190713,5.19254488,4.64409597,4.5697652,4.13959401,2.89664841,2.39799309
evaluation/blue-nile-hats_01/i16_vbr_5ms_192k/master.wav,evaluation/blue-nile-hats_01/i16_vbr_5ms_192k/c.wav,4.71979671,0.99980307,0.999902577,0.999658436,0.999604039,0.999557813,0.999491396,0.999136786,0.99946354,0.999593434,0.99967613,0.999814522,0.999537038,0.99855308,0.998214471,0.997630988,0.997565577,0.997932193,0.998029844,0.998355721,0.997112636,0.996861784,0.987531183,0.998636042,0.998901522,0.998374872,0.998403994,0.999032043,0.998087925,0.992560649,0.997668439,0.995645533,0.989723928,0.999165826,0.999711095,0.998238028,0.998973891,0.998760155,0.99888701,0.996479472,0.998344454,0.998543883,0.999068723,0.999579258,0.998826089,0.996521571,0.996077146,0.995853022,0.99470476,0.994714378,0.992129371,0.996624574,0.993909952,0.985991517,0.916581431,0.99397078,0.995309242,0.994905166,0.994421732,0.997175321,0.99344021,0.973477954,0.988104064,0.982202516,0.961491709,0.0016549549,0.00111226066,0.00236721312,0,0,0,0.00324087033,0,0.00203210129,0.00182453927,0,0,0.00357404595,0.0047082812,0.00530010714,0,0.00634694375,0.00591323375,0.00347871662,0.00551010067,0,0.0450838532,0.00644077327,0.00506712126,0.00712428333,0.00632111109,0.00443988609,0.00691819816,0.0228132968,0.0109089092,0.0131914397,0.0302514742,22.4177612,25.4106463,22.0663596,22.823158,22.7109685,20.6208724,20.9357023,20.8944804,20.6927412,22.5432264,20.6153702,18.6770729,18.1848288,18.2970124,17.3802101,16.7200183,14.7515395,13.3936856,11.0875746,10.1811893,8.81650678,7.51004576,7.1009891,6.67204408,5.93165773,5.63986757,5.19423367,4.65764383,4.57315221,4.1383833,2.89580927,2.39646701
evaluation/blue-nile-hats_01/i16_vbr_5ms_256k/master.wav,evaluation/blue-nile-hats_01/i16_vbr_5ms_256k/rust.wav,4.7262692,0.999833648,0.999912029,0.999805199,0.999738158,0.99968757,0.999645908,0.999546123,0.999724258,0.999828383,0.999852177,0.999890277,0.999744171,0.999497128,0.999360148,0.999123682,0.998863159,0.999177847,0.99916069,0.999262906,0.998828941,0.998804299,0.996541067,0.999423631,0.999632197,0.999614514,0.999433363,0.999573864,0.999373165,0.997820886,0.999310594,0.996895466,0.991109802,0.999268165,0.999653706,0.99895057,0.999335896,0.998546599,0.9991074,0.998337029,0.999543303,0.999605305,0.999577558,0.999722921,0.999044733,0.998953377,0.998325246,0.997755253,0.995254582,0.998237958,0.997848288,0.997736467,0.997451644,0.996694285,0.98923731,0.997751753,0.998555875,0.998732883,0.998575496,0.998777948,0.998459733,0.991577144,0.99517307,0.985375485,0.966401074,0.00134456767,0.000972048854,0.00167996676,0,0,0,0,0,0,0.000941341765,0,0,0.0015981806,0.00336487811,0.00333075035,0,0.00296676025,0.0030689021,0.00103726357,0,0,0.0157764095,0.00392144836,0.00308138078,0.0030678597,0.00371721629,0.00323207546,0.00391486581,0.00888951449,0.00524772024,0.011476338,0.0281341847,22.3580552,25.3623013,22.0736738,22.7822777,22.6575113,20.6089253,20.9391972,20.8976891,20.7125355,22.5116299,20.6561435,18.6815893,18.1967633,18.3070283,17.3909254,16.7265824,14.7252164,13.4054964,11.0610955,10.1570283,8.83608377,7.4797882,7.07161564,6.63494513,5.89627214,5.59269928,5.15507086,4.6027661,4.52675982,4.099057,2.84471385,2.35066
evaluation/blue-nile-hats_01/i16_vbr_5ms_256k/master.wav,evaluation/blue-nile-hats_01/i16_vbr_5ms_256k/c.wav,4.72553842,0.999881887,0.999937501,0.999775257,0.999742323,0.999766111,0.999736501,0.999639656,0.999791333,0.999820271,0.999817303,0.999900023,0.999763498,0.999433968,0.999305605,0.999220807,0.999014633,0.999189381,0.99926381,0.999264315,0.998782446,0.998766742,0.994351831,0.999559359,0.999523824,0.999520404,0.999435768,0.999583424,0.999000121,0.996878035,0.999488452,0.996841415,0.991022601,0.999698484,0.999808728,0.998673383,0.999233777,0.999365643,0.999509975,0.998695098,0.999577443,0.999445578,0.999443057,0.999770463,0.999461307,0.998843175,0.998665005,0.998496863,0.997205833,0.997493266,0.997300551,0.998372307,0.997337651,0.997087724,0.98148923,0.998537117,0.996624686,0.998674488,0.998463691,0.998307301,0.997285458,0.984555232,0.996889366,0.984382082,0.963943288,0.00119356418,0.000913579363,0.00190123626,0,0,0,0.00190660984,9.44964887e-05,0.000622818824,0.00103432574,0,0,0.00152748814,0.00286357266,0.00274133781,0,0.00325729797,0.00230570865,0.000232734969,0.00223497229,0,0.0281911606,0.0028897966,0.00379908021,0.00297818055,0.00327325955,0.00281577348,0.00480987787,0.0110830075,0.00337466088,0.0110555288,0.0275866183,22.4133332,25.4066172,22.0666667,22.8022771,22.7043998,20.6099429,20.9100618,20.8685307,20.6837183,22.509701,20.6276055,18.6579102,18.1757338,18.2932672,17.3644471,16.7144446,14.7448559,13.3798887,11.0372442,10.1295595,8.79818372,7.47907681,7.07095729,6.63317715,5.88967287,5.59035225,5.15929064,4.60652521,4.52752024,4.09635002,2.84804881,2.35292041
evaluation/blue-nile-hats_01/i16_vbr_5ms_320k/master.wav,evaluation/blue-nile-hats_01/i16_vbr_5ms_320k/rust.wav,4.72755249,0.999921814,0.999953375,0.999889364,0.999840183,0.999863356,0.999818408,0.999649516,0.999864137,0.99991784,0.999942236,0.999951603,0.999908947,0.999815289,0.999758387,0.999637571,0.999572503,0.999676994,0.999681365,0.999673052,0.999434321,0.999415876,0.99827601,0.999779681,0.999829112,0.999771891,0.99969773,0.999800625,0.999649481,0.998670332,0.999748251,0.9970994,0.991181801,0.999760056,0.999848193,0.999557433,0.999695019,0.999627442,0.999523388,0.997837586,0.999749354,0.999850597,0.999878796,0.999858455,0.999766461,0.999496057,0.999380808,0.999317872,0.9984488,0.999100785,0.99858725,0.999207081,0.998796451,0.998116328,0.985919791,0.998975059,0.999413061,0.999193915,0.999165453,0.999126153,0.999002237,0.994638792,0.998499134,0.985391781,0.965040666,0.000892409252,0.000805011796,0.0011782669,0,0,0,0.00213775046,0,0.000148826744,0.000357870455,0,0,0,0.00138376936,0.00136737726,0,0.00161849403,0.00160512389,0.00110942773,0.00229363922,0,0.00381929457,0.00199432875,0.00174381224,0.00201455345,0.00237134009,0.00187129049,0.00256699037,0.00600101373,0.0022566319,0.0104436459,0.0276081704,22.4218696,25.412352,22.0684746,22.7976322,22.6961712,20.6001413,20.9097307,20.8721207,20.6833742,22.516765,20.6297653,18.6684777,18.1874753,18.3007715,17.3798002,16.7028709,14.7335403,13.3868531,11.0402378,10.1452381,8.80849339,7.47720793,7.06843712,6.63105085,5.89278771,5.59303611,5.15334859,4.60534495,4.52214494,4.09001242,2.84104722,2.34989392
evaluation/blue-nile-hats_01/i16_vbr_5ms_320k/master.wav,evaluation/blue-nile-hats_01/i16_vbr_5ms_320k/c.wav,4.72754631,0.999930274,0.999957251,0.999866833,0.999834354,0.999858673,0.999842325,0.999775063,0.999873403,0.99991759,0.999941231,0.999954853,0.999916911,0.999851322,0.999813287,0.99967799,0.99959866,0.999722417,0.999733124,0.999751641,0.999510888,0.999474142,0.996445864,0.999747783,0.999771225,0.999783896,0.999706316,0.999790711,0.999639574,0.998806906,0.999747459,0.99710347,0.990941023,0.999801507,0.999872055,0.999372868,0.999547203,0.999541518,0.999613089,0.999232613,0.99971494,0.999870659,0.999884033,0.999849503,0.999851862,0.999770802,0.999557977,0.999276332,0.99886715,0.999342698,0.99885542,0.999520434,0.999134951,0.998851591,0.982608936,0.998852539,0.99868646,0.999030421,0.998871558,0.998956047,0.998967742,0.995438196,0.998557158,0.985408263,0.963662377,0.00088057142,0.000744114629,0.00134032293,0,0,0,0.00126502952,0,0,0.000539888561,0,0,0.000200139196,0.00140458946,0.00158952977,0,0.00160677405,0.00168647548,0.00103138005,0.00140195155,0,0.0214770373,0.00216892866,0.00218906641,0.00196546767,0.00231974531,0.00194537091,0.00259075068,0.00573663154,0.00217630007,0.0103462098,0.028155668,22.4204308,25.4132466,22.0686828,22.8015991,22.6977233,20.5980543,20.9091996,20.8719116,20.682943,22.520516,20.6317026,18.6681408,18.188749,18.3028708,17.3774589,16.7048278,14.7318185,13.3938368,11.044446,10.1372074,8.80554214,7.47767462,7.06976695,6.62979792,5.88747141,5.58950895,5.15355632,4.60322501,4.52518096,4.09044368,2.84342744,2.35016544
evaluation/blue-nile-hats_01/i24_cbr_5ms_192k/master.wav,evaluation/blue-nile-hats_01/i24_cbr_5ms_192k/rust.wav,4.71889716,0.999837674,0.999896491,0.999684734,0.999558353,0.999547659,0.999442752,0.99907704,0.999614068,0.999667089,0.999646186,0.999793061,0.999538064,0.998641206,0.997734182,0.998255978,0.997426459,0.99803341,0.998243621,0.998473598,0.996743443,0.995989198,0.98551582,0.998636499,0.998849126,0.998364874,0.997991041,0.998895512,0.997944879,0.992092052,0.997663863,0.995267073,0.988927959,0.999377145,0.999646555,0.998606708,0.999003403,0.998395818,0.998636149,0.994851126,0.999023678,0.999094948,0.999060876,0.999523616,0.999095114,0.996500912,0.991785822,0.996781084,0.991123106,0.995681653,0.995584574,0.996969422,0.992724857,0.987586665,0.912738964,0.995031289,0.995752152,0.995218621,0.993131498,0.995879814,0.993176444,0.966989807,0.987040172,0.985513528,0.952908866,0.00106701786,0.000990008298,0.00177268656,0,0,0,0.0044297224,0.00119563781,0.000246226499,0.00115305208,0,0,0.00275791597,0.00838380293,0.00373251488,0.0010550459,0.0045617019,0.00295124994,0.00146728905,0.00525227173,0.0112320074,0.0651957679,0.00542732313,0.00474264826,0.0053446019,0.00617196694,0.0043183593,0.00644605894,0.022540537,0.00875205675,0.0123695567,0.0288514246,22.2902313,25.3311102,22.0062511,22.7907968,22.7105918,20.6334547,20.9229547,20.8683472,20.6860087,22.5427088,20.6114917,18.6829745,18.1886798,18.297961,17.3820155,16.7300034,14.7674576,13.4110512,11.0857815,10.1601346,8.7977143,7.50904066,7.10310065,6.67479263,5.93257681,5.6292496,5.19692522,4.64874334,4.57163873,4.13257093,2.89065812,2.37553506
evaluation/blue-nile-hats_01/i24_cbr_5ms_192k/master.wav,evaluation/blue-nile-hats_01/i24_cbr_5ms_192k/c.wav,4.71810733,0.999831439,0.999881924,0.999584154,0.99956372,0.99960379,0.99955676,0.999416253,0.999551707,0.99957702,0.999618531,0.999816102,0.99941789,0.998378986,0.998028731,0.997597018,0.997228722,0.998239126,0.998104048,0.998327678,0.997049357,0.995410218,0.98339688,0.9984894,0.99909178,0.998566071,0.997707091,0.998258973,0.997473538,0.99094455,0.997736568,0.995974309,0.989652774,0.999610153,0.999454277,0.997716676,0.999022391,0.999118766,0.998837651,0.997802137,0.998821313,0.998585926,0.998728615,0.999591784,0.99844264,0.995364821,0.994066034,0.994779046,0.993898127,0.99403835,0.99234615,0.996035003,0.994408938,0.982395772,0.913348399,0.992817082,0.996498855,0.9950614,0.991459354,0.990976296,0.992179902,0.96499771,0.987077513,0.985110656,0.963928094,0.00128088041,0.00131046795,0.00301291908,0,0,0,0.00220468328,0.00104941404,0.00189397489,0.00202376225,0,0,0.00457991629,0.00531244936,0.00494991238,0,0.00556628568,0.00606612242,0.00300184452,0.00407239488,0.0100732035,0.0721011746,0.00645491822,0.0043663373,0.00596522641,0.00848141711,0.00821289131,0.0083999526,0.0270418178,0.00912855536,0.0120003814,0.0299456923,22.414716,25.4075242,22.0692236,22.7967619,22.6962058,20.6020884,20.9123395,20.8769134,20.6829491,22.5212462,20.6325909,18.6769219,18.1892185,18.2992698,17.3913944,16.708054,14.7308669,13.3870313,11.0542305,10.150785,8.82410598,7.49727853,7.0826863,6.63765847,5.90233097,5.60366423,5.16030804,4.62446688,4.534942,4.10499874,2.85818225,2.36240311
evaluation/blue-nile-hats_01/i24_cbr_5ms_256k/master.wav,evaluation/blue-nile-hats_01/i24_cbr_5ms_256k/rust.wav,4.72638679,0.999895656,0.999937982,0.999833304,0.99974172,0.999753734,0.999692638,0.999563606,0.999758451,0.999838456,0.999852524,0.999912203,0.999725774,0.999537084,0.999413443,0.999128197,0.998939864,0.999193176,0.99922114,0.999299179,0.998746874,0.998772309,0.995743833,0.999442916,0.999565164,0.999666041,0.999529605,0.999657556,0.999312969,0.997786117,0.9995083,0.997011175,0.990947378,0.999671043,0.999770628,0.999287076,0.999280271,0.999186249,0.998765709,0.998571788,0.999298118,0.999600878,0.999535027,0.99981432,0.998572534,0.998971945,0.998210608,0.997608919,0.997583677,0.99697987,0.998345966,0.998473672,0.997438746,0.996741617,0.976739747,0.997660505,0.997065426,0.998771808,0.998517637,0.998863646,0.998091892,0.988952554,0.996850827,0.986835183,0.966019847,0.00096479552,0.00089551141,0.00135971707,0,0,0,0.000630751523,0,0,0.000781960457,0,0,0,0.00263544792,0.00348151192,0,0.00341727166,0.00288287069,0,0.00251322668,0,0.0185454771,0.00354731822,0.00331696746,0.00246261839,0.00294051519,0.00248097491,0.00367160175,0.00852917398,0.00322491547,0.0102702029,0.0275017757,22.4154632,25.4040941,22.0654362,22.7966789,22.7070543,20.6121686,20.9090217,20.867833,20.6882055,22.5105257,20.6271663,18.6570097,18.1739593,18.2923916,17.3634018,16.7029767,14.7433475,13.3769984,11.0368769,10.128969,8.79435513,7.47817743,7.06907561,6.63410406,5.89463423,5.59203383,5.15919428,4.60963718,4.52786949,4.0937297,2.84000147,2.3519766
evaluation/blue-nile-hats_01/i24_cbr_5ms_256k/master.wav,evaluation/blue-nile-hats_01/i24_cbr_5ms_256k/c.wav,4.72533992,0.999879616,0.999940081,0.999838732,0.999757268,0.999807122,0.999757545,0.999624831,0.999801624,0.999830998,0.999859026,0.999918332,0.999840196,0.999622819,0.999494575,0.99936416,0.999087878,0.999325777,0.99928043,0.999273209,0.99881246,0.998808065,0.992882211,0.999625125,0.999610826,0.999501413,0.999504665,0.999567347,0.998938359,0.996544067,0.999321134,0.997000723,0.991083657,0.99965633,0.999797832,0.99920215,0.99926802,0.999582803,0.999526567,0.998789913,0.999637809,0.999489578,0.999607214,0.999820717,0.999690037,0.99933989,0.998510816,0.998149781,0.99680082,0.99820523,0.997182192,0.998261627,0.998313295,0.996736949,0.966313673,0.998238965,0.997894356,0.998505807,0.998639987,0.998451534,0.995530685,0.987709411,0.99540206,0.984265602,0.964002584,0.00124393526,0.000887253978,0.00145979928,0,0,0.000445645471,0.00188215851,0,0.000822953314,0.00110442562,0,0,0.00166244093,0.0026529261,0.00258473646,0,0.00272149321,0.00307066952,0.00126107542,0.00265229442,0,0.0408095841,0.00267831322,0.00307126956,0.00306232922,0.00304226096,0.00282536668,0.00554823946,0.0125707316,0.00428886722,0.0108227256,0.0274139865,22.4054061,25.3954753,22.0562111,22.7891362,22.7011525,20.6257303,20.9378788,20.8927171,20.7096933,22.500253,20.6515789,18.667663,18.1776509,18.3057904,17.3801108,16.7431236,14.7545093,13.3993158,11.0605204,10.1412386,8.82353892,7.47822531,7.07002955,6.63076793,5.89136846,5.59206046,5.15573197,4.6031658,4.52932497,4.09513225,2.84331612,2.35559099
evaluation/blue-nile-hats_01/i24_cbr_5ms_320k/master.wav,evaluation/blue-nile-hats_01/i24_cbr_5ms_320k/rust.wav,4.72752795,0.999926157,0.999948229,0.999845537,0.999872373,0.999855599,0.999808303,0.99975621,0.999897596,0.999928083,0.999941752,0.999969378,0.999935071,0.999851368,0.999786412,0.999719253,0.999691809,0.999706836,0.999741831,0.999759603,0.999558178,0.999458439,0.998125873,0.99972979,0.999832588,0.999741644,0.999768322,0.999841032,0.999645673,0.99860565,0.999780859,0.99700986,0.991112015,0.99977957,0.999803421,0.999068005,0.999683677,0.999297693,0.998931119,0.998669545,0.999789321,0.999820532,0.999788699,0.999910025,0.999790926,0.999658049,0.999463026,0.999395879,0.999014708,0.99913658,0.999055788,0.999611617,0.999264714,0.99843504,0.989108371,0.998573107,0.999387821,0.998914243,0.99926606,0.999478084,0.999022951,0.99305123,0.999010877,0.984731162,0.964240656,0.000706647855,0.000711587543,0.00133524453,0,0,0,0.00131939835,0.000325971747,0,0.000468761983,0,0,0,0.00136996284,0.00134383248,0,0.00153426213,0.00133799938,0.000715826171,0.000854624306,0.0023564139,0.00888038841,0.00204453713,0.00142077321,0.00184986544,0.00168054197,0.00137690619,0.00220835541,0.00581608983,0.00168374221,0.00989037919,0.0270496672,22.2959646,25.3374201,22.0162457,22.7679483,22.6869663,20.5969239,20.8970831,20.8592531,20.6712994,22.5166843,20.6252562,18.6749061,18.1922358,18.3071442,17.3898063,16.7109275,14.742937,13.3933877,11.0576085,10.1468476,8.80661272,7.47633068,7.06892233,6.62979405,5.89367092,5.5924046,5.15412002,4.60433324,4.52071145,4.0887299,2.84209313,2.32756773
evaluation/blue-nile-hats_01/i24_cbr_5ms_320k/master.wav,evaluation/blue-nile-hats_01/i24_cbr_5ms_320k/c.wav,4.72777968,0.999924358,0.999958656,0.999901896,0.99988511,0.999892544,0.999868956,0.999811625,0.999907481,0.999929736,0.999945529,0.999966883,0.999933518,0.999835238,0.999803678,0.999699674,0.999619147,0.999744542,0.999751855,0.999753625,0.999625786,0.999648101,0.998623088,0.999784027,0.999779762,0.999751941,0.999724308,0.999822352,0.999698565,0.999030592,0.999777078,0.997122949,0.990974697,0.999779876,0.999867112,0.99963883,0.999732786,0.999743354,0.99967515,0.999420837,0.999758065,0.999790421,0.999844934,0.999921681,0.999861722,0.999582612,0.999550475,0.999307341,0.99905956,0.999225736,0.998698504,0.999303648,0.999215154,0.999161447,0.99456054,0.99921082,0.998439257,0.998496347,0.998861732,0.999167869,0.9991129,0.995869762,0.998771627,0.984712451,0.962522571,0.000843893281,0.000731348371,0.00107167171,0,0,0,0.00103573331,0,0.000198558377,0.000564308959,0,0,0.00115803405,0.00152501851,0.00161239282,0,0.00172193552,0.00179348309,0.000930805303,0.00172431565,0,0.00638801703,0.00197591397,0.00242081376,0.00216557829,0.0022283424,0.00176455004,0.00231152265,0.00485416735,0.00200495433,0.0104538094,0.0281676763,22.4074614,25.4007514,22.0591823,22.7895955,22.6935337,20.608703,20.9387195,20.8952696,20.7067591,22.5097506,20.657291,18.6766293,18.1917234,18.3166404,17.3973089,16.7390162,14.7387147,13.4133988,11.0610793,10.162423,8.83492703,7.47689484,7.06976154,6.62893599,5.8872287,5.59035262,5.15579254,4.6041102,4.52250607,4.09059746,2.83999507,2.34993068
evaluation/blue-nile-hats_01/i24_vbr_5ms_192k/master.wav,evaluation/blue-nile-hats_01/i24_vbr_5ms_192k/rust.wav,4.71613074,0.999800336,0.99989099,0.999718337,0.999545707,0.999565291,0.99948552,0.999321153,0.999540298,0.999655447,0.999713414,0.999814091,0.999566126,0.998672238,0.99793824,0.998053801,0.996960379,0.998228827,0.998222951,0.998326661,0.996729503,0.996300323,0.990555166,0.998804896,0.99911512,0.998373449,0.998229507,0.998928046,0.997456892,0.987915943,0.997262515,0.995095807,0.988088806,0.999290468,0.999603725,0.998858944,0.998637186,0.998779202,0.998921707,0.997457708,0.999109374,0.999213099,0.999111852,0.999651802,0.999170091,0.997056131,0.995439254,0.995858132,0.983753297,0.996471578,0.995193038,0.996997581,0.991777172,0.98998216,0.947490038,0.995537453,0.997114386,0.994638133,0.995291189,0.996127435,0.988240241,0.943307095,0.984897747,0.984920101,0.954196294,0.00169640888,0.00134034002,0.0020024439,0,0,0,0,0,0.00113680964,0.00166307606,0,0,0.00389094813,0.00699588582,0.00475128398,0.00999841308,0.00504364331,0.00460292557,0,0.00201542458,0.00271211483,0.037136519,0.0057457732,0.00489968689,0.00736125669,0.00733200209,0.00540076094,0.00986969823,0.0439602282,0.0118160067,0.0147871757,0.033615383,22.378828,25.3555574,22.0599387,22.7736534,22.6321246,20.5805532,20.9059233,20.8731732,20.665346,22.5204292,20.5760535,18.6581272,18.1584729,18.256426,17.3202841,16.6823615,14.6917273,13.3513871,11.0455513,10.1056416,8.76467969,7.47961488,7.05426798,6.64357006,5.90814146,5.59250037,5.17393835,4.62089089,4.53735154,4.10393251,2.86234109,2.38563784
evaluation/blue-nile-hats_01/i24_vbr_5ms_192k/master.wav,evaluation/blue-nile-hats_01/i24_vbr_5ms_192k/c.wav,4.71946716,0.999830393,0.999905708,0.999595973,0.999576141,0.999604603,0.999500119,0.999194853,0.999558903,0.999651031,0.999691124,0.999814802,0.999457957,0.998366189,0.998025771,0.997862766,0.997043786,0.998053402,0.998214876,0.998382381,0.996800217,0.995526236,0.981743517,0.998458872,0.998780103,0.998356497,0.998254943,0.998760856,0.998161926,0.993091048,0.997205638,0.995417054,0.989376268,0.999356801,0.999735797,0.997686068,0.998752981,0.999190124,0.998869761,0.996574506,0.999050954,0.998815021,0.999180822,0.999504586,0.998215835,0.996155345,0.995882502,0.996111396,0.991219888,0.99494743,0.993717586,0.996293374,0.993703702,0.978880914,0.877211361,0.992388611,0.994478863,0.994810208,0.994118946,0.99358868,0.993602768,0.974465942,0.985727012,0.983804085,0.960637362,0.00144992109,0.0010999312,0.00285155807,0,0,0,0.00309271542,0.00088025386,0.00155433083,0.0015955329,0,0,0.00439834847,0.00572721089,0.00476183614,0,0.00505754137,0.00492104989,0.00298481553,0.00542896101,0.0061885829,0.0714555744,0.0070145024,0.00580215106,0.00705744927,0.00704079556,0.00590477791,0.0067460904,0.0205037899,0.0131947678,0.0130321513,0.0306063979,22.4191526,25.4088286,22.0716829,22.8006063,22.6957241,20.5930878,20.9068804,20.8787842,20.6839099,22.5166256,20.6348544,18.6687276,18.1846822,18.3066781,17.3913271,16.700921,14.7287753,13.3833787,11.0500388,10.1567248,8.81624429,7.49428165,7.07731919,6.6323812,5.89399842,5.59927027,5.16005503,4.62553156,4.54255483,4.10932971,2.85690515,2.36099301
evaluation/blue-nile-hats_01/i24_vbr_5ms_256k/master.wav,evaluation/blue-nile-hats_01/i24_vbr_5ms_256k/rust.wav,4.72590327,0.999850468,0.999928835,0.999817956,0.999758968,0.99975837,0.999683712,0.999599386,0.999789527,0.999851487,0.999861947,0.999922112,0.99981204,0.999545952,0.999410162,0.999193544,0.998978493,0.999197293,0.999094164,0.999287163,0.998907224,0.998414858,0.993389559,0.999493729,0.999657133,0.999678901,0.999486968,0.999615626,0.999371322,0.997424795,0.999164899,0.996811137,0.990774894,0.999229168,0.99965717,0.998789972,0.999300701,0.999251847,0.998793017,0.998597561,0.999633167,0.99970103,0.999684685,0.999821978,0.999639267,0.99896799,0.998473248,0.997923085,0.996678154,0.998322375,0.997335689,0.998543789,0.997822106,0.994630842,0.959285015,0.99830715,0.998434093,0.998906975,0.998539469,0.998959908,0.998252832,0.988229442,0.993900786,0.985495023,0.965655942,0.00131957621,0.000990150699,0.00165519416,0,0,0,0.000682520754,0.000238744877,0,0.000826553904,0,0,0.00155858728,0.00292364985,0.00318887754,0,0.00292922375,0.00322059166,0,0.00275547654,0.00492201769,0.0305916595,0.00322519567,0.00267360133,0.00238785589,0.00311290264,0.00265530058,0.00347160161,0.0100861025,0.00621115385,0.0106837231,0.0275064289,22.4175262,25.409997,22.0685517,22.7949749,22.6975041,20.5999676,20.9100522,20.8697452,20.6809367,22.5168236,20.6338861,18.6675295,18.1851226,18.2968189,17.3743154,16.6995065,14.7341387,13.3882712,11.0351478,10.1488508,8.80244718,7.47898496,7.07015332,6.63293934,5.89414219,5.59271931,5.1542588,4.60660221,4.52805827,4.09734643,2.84063429,2.35150453
evaluation/blue-nile-hats_01/i24_vbr_5ms_256k/master.wav,evaluation/blue-nile-hats_01/i24_vbr_5ms_256k/c.wav,4.72613316,0.999886196,0.999939169,0.999772727,0.999761653,0.999760451,0.999757114,0.999649364,0.999794296,0.999850214,0.999835576,0.999926488,0.999859814,0.999592793,0.999423765,0.999257924,0.999080515,0.999253554,0.999257747,0.999287709,0.999019055,0.998851811,0.994193976,0.999566278,0.999557872,0.999571847,0.999563053,0.999608314,0.999066237,0.997649687,0.999481669,0.996963797,0.99105488,0.999779914,0.999810704,0.998448461,0.999424117,0.999453346,0.99950264,0.998830967,0.999614882,0.999675235,0.999420013,0.99983948,0.999681299,0.999188031,0.998390955,0.997586052,0.996604342,0.997591234,0.996379551,0.997624878,0.997912188,0.996830854,0.97685273,0.998696515,0.996985083,0.99852535,0.998652173,0.998280364,0.997789276,0.991030146,0.9963752,0.984772391,0.963715619,0.00120560785,0.000919719428,0.00205212288,0,0,0,0.00167226326,0,0.000520453424,0.00127241496,0,0,0.00177451296,0.00299632913,0.0028718691,0,0.00303345957,0.0031560342,0.00165415086,0.00271518214,0.000755575493,0.0281864735,0.0028480079,0.00343016485,0.00282940144,0.00284617529,0.0027302645,0.00466026225,0.00831900359,0.00352809479,0.0108770327,0.0275919179,22.4078586,25.4013328,22.0590226,22.7863572,22.6909615,20.6100379,20.9399372,20.8944234,20.7061563,22.5063581,20.6597969,18.6792661,18.1923694,18.3124273,17.3946901,16.7396412,14.7460408,13.4141301,11.0636386,10.1669371,8.83672449,7.47771612,7.06898388,6.63040645,5.88901661,5.58974906,5.15757744,4.60588341,4.52759102,4.09611291,2.84506988,2.35289582
evaluation/blue-nile-hats_01/i24_vbr_5ms_320k/master.wav,evaluation/blue-nile-hats_01/i24_vbr_5ms_320k/rust.wav,4.72765182,0.999917384,0.999950482,0.999869556,0.999865405,0.999885031,0.999853713,0.999775737,0.999899252,0.999920922,0.999946495,0.999967431,0.999934343,0.999827061,0.999803765,0.999680849,0.999661469,0.999712469,0.999705572,0.999726611,0.999545176,0.99939106,0.997423906,0.999769443,0.999844629,0.999783855,0.999743566,0.999830662,0.999673847,0.998796592,0.999759239,0.997068837,0.991137552,0.999653987,0.999804993,0.999371302,0.999678811,0.999639962,0.999556449,0.998941146,0.999785139,0.999854935,0.99987473,0.999898056,0.999814959,0.999469412,0.999561926,0.99920932,0.999077836,0.999231278,0.998653281,0.999395871,0.99930778,0.997510229,0.977070802,0.999040523,0.999379252,0.999158223,0.999326825,0.999399613,0.999008379,0.994120287,0.998827166,0.985478523,0.964420022,0.000782451653,0.000648275175,0.00114664956,0,0,0,0,0,0.000136078519,0.000394344528,0,0,0.00104010344,0.00141401324,0.00133971524,0,0.00150387201,0.00165926392,0,8.38415756e-05,0.00197137174,0.014609727,0.0020662909,0.00166975554,0.00196302756,0.0021450017,0.00170964768,0.00249911514,0.00550132166,0.00218609679,0.0104817461,0.0276834182,22.2450603,25.2941312,22.0239821,22.7637644,22.6592579,20.6075713,20.8926683,20.8560367,20.6782919,22.5117001,20.6119565,18.6615125,18.1817923,18.2896566,17.3758267,16.7045131,14.7370654,13.3739407,11.0506347,10.1214204,8.79641768,7.4785156,7.06880192,6.6301464,5.89112621,5.59347325,5.15146108,4.60351201,4.52273876,4.08986885,2.84338145,2.3289738
evaluation/blue-nile-hats_01/i24_vbr_5ms_320k/master.wav,evaluation/blue-nile-hats_01/i24_vbr_5ms_320k/c.wav,4.72774353,0.999935125,0.999963054,0.999896324,0.999877233,0.999876914,0.999862497,0.999781805,0.999904547,0.999934377,0.999949384,0.999967584,0.999939861,0.999858609,0.99980274,0.999688601,0.999602889,0.999740429,0.999775299,0.999777717,0.999571141,0.99957137,0.9978303,0.999783659,0.999797769,0.999820657,0.999758575,0.999829916,0.999706892,0.998861807,0.999725707,0.997192307,0.991069505,0.999804467,0.999891355,0.999596341,0.999582382,0.999543286,0.999691987,0.999057121,0.999789292,0.999863099,0.999867217,0.999925393,0.999791453,0.99972024,0.999444501,0.999188819,0.998229525,0.999351776,0.999162363,0.999538966,0.999089979,0.998798241,0.986538125,0.999143534,0.998551529,0.998943729,0.999003307,0.99937676,0.999268576,0.994991762,0.998133465,0.985702739,0.964180994,0.000766394323,0.000683513823,0.00114481213,0.000335853908,0,0,0.00147364147,0.000234086983,0.000524936624,0.000544984589,0,0,0.000951142905,0.00154318,0.00169287439,0,0.0016547631,0.00146652185,0.00112623781,0.00191687339,0,0.0122461961,0.00199357381,0.00216160518,0.00180832121,0.00207682536,0.00171886957,0.00230619071,0.00591477014,0.00234488006,0.0101452037,0.0278662032,22.4095594,25.4015828,22.0601321,22.7897781,22.6959364,20.6084457,20.9372568,20.8930776,20.7065338,22.5098398,20.6587687,18.6791084,18.1929732,18.3165104,17.3940091,16.736077,14.7408634,13.4111553,11.0611111,10.1606846,8.83626828,7.47732839,7.06882103,6.628661,5.88630592,5.58967893,5.15481216,4.6016406,4.52373936,4.09070275,2.84137843,2.35052301
evaluation/blue-nile-hats_02/i16_cbr_5ms_192k/master.wav,evaluation/blue-nile-hats_02/i16_cbr_5ms_192k/rust.wav,4.7016672,0.998749542,0.999743873,0.999846713,0.99977485,0.99944175,0.999726351,0.999757367,0.999566526,0.999470459,0.999573752,0.999167739,0.999324923,0.998742165,0.997784954,0.99757288,0.998342043,0.997778381,0.997742567,0.996096887,0.996480603,0.997594113,0.997187521,0.997472513,0.996309275,0.994307809,0.991935402,0.98902015,0.990440909,0.990174389,0.986295097,0.996735483,0.989921341,0.992821002,0.998687989,0.999752115,0.999367955,0.998502801,0.999298347,0.999435246,0.999019968,0.99820055,0.998980915,0.998262709,0.998803059,0.997552381,0.995086349,0.995730153,0.996922509,0.993480432,0.995680306,0.986120768,0.992594304,0.995159166,0.987543803,0.995584261,0.993846451,0.98027866,0.977074615,0.962499325,0.982071395,0.950050284,0.9672577,0.978228244,0.951066361,0.00809371442,0.00231581454,0.00067312815,0,0.00270436257,0.00132211663,0,0,0.00298420218,0.0015097316,0.00128879938,0.00188352367,0.00430553203,0.00433361473,0.00251124506,0.00464516425,0.00700110904,0.00427743379,0.0114303931,0.0071215076,0.00446786503,0.0100751246,0.00271049613,0.000595229435,0.00663794574,0.0190952551,0.0292154269,0.0175865655,0.050897422,0.0436209304,0.0114979242,0.0303658,20.2626311,24.8649135,23.5646605,26.4818735,27.6645601,28.2504017,26.7571832,26.469084,25.4308313,23.6732416,23.2041444,22.3207702,21.0999156,20.100402,20.1502578,18.7695173,16.6866836,15.7610967,14.0235791,13.6008275,12.2767391,10.8688506,9.48133642,8.56231982,7.60405574,7.21133068,6.39184336,5.90103086,5.02267061,3.55737451,2.06748744,2.87933319
evaluation/blue-nile-hats_02/i16_cbr_5ms_192k/master.wav,evaluation/blue-nile-hats_02/i16_cbr_5ms_192k/c.wav,4.70547536,0.999116609,0.999801057,0.999845729,0.99970611,0.999443344,0.999638956,0.999732674,0.999580596,0.999316744,0.99944877,0.999092994,0.999224926,0.998629201,0.9976278,0.997878832,0.998639476,0.998329189,0.997383941,0.996580805,0.997120048,0.997452943,0.997056168,0.997362353,0.996464595,0.99168011,0.990848343,0.990624774,0.991280585,0.993660401,0.990351196,0.996714696,0.990532346,0.996226748,0.999254842,0.999644087,0.998942192,0.998385256,0.999089933,0.99936848,0.998753686,0.996672067,0.998687379,0.998221036,0.998345865,0.997319298,0.996203411,0.995508205,0.997851132,0.997005414,0.991757258,0.989448843,0.993101932,0.994499407,0.990510413,0.994933655,0.993365442,0.979337639,0.976272536,0.968741198,0.982413097,0.983811006,0.979365911,0.98159416,0.956436524,0.00467645685,0.00184236731,0.000837886776,0,0.00242076551,0.00117282404,0,0.00131095392,0.00405765537,0.00142233534,0.00165345608,0.002577501,0.00323351944,0.00438007001,0.0041539098,0.00400562169,0.00485093798,0.00780830371,0.00844487558,0.00669003935,0.00504492008,0.00575718085,0.00199158282,0.002100131,0.0181373294,0.014298665,0.0207110131,0.0142643011,0.0137761836,0.0247080607,0.0130598546,0.0294847981,20.3511151,24.9369962,23.5611712,26.4500104,27.6918454,28.2570065,26.7486157,26.4766874,25.4559504,23.6648516,23.1422,22.3330931,21.1243005,20.1101548,20.1576714,18.7666485,16.6533633,15.7054572,13.9826883,13.5798234,12.2261051,10.8028646,9.39340955,8.45179262,7.4801269,7.10694062,6.29593335,5.78367906,4.91376182,3.44129892,1.96821072,2.84051544
evaluation/blue-nile-hats_02/i16_cbr_5ms_256k/master.wav,evaluation/blue-nile-hats_02/i16_cbr_5ms_256k/rust.wav,4.72058614,0.999353787,0.999872655,0.999891567,0.999848127,0.999615191,0.999833708,0.999818334,0.999807713,0.999727436,0.999792948,0.999572059,0.999674453,0.999550496,0.999364655,0.999296984,0.999328826,0.99905934,0.99882506,0.99846652,0.998897848,0.999162396,0.998748183,0.998993531,0.998873556,0.998184884,0.997516839,0.996641446,0.996498875,0.99680072,0.99614581,0.997595449,0.991310404,0.995822477,0.999379684,0.999804021,0.999649928,0.998880349,0.999685744,0.999490068,0.999688834,0.998854683,0.999446949,0.998538658,0.999461836,0.999200767,0.998636298,0.998488346,0.998732119,0.998143647,0.997897866,0.996915424,0.997924087,0.997603357,0.993639914,0.998176913,0.996786303,0.996823728,0.99250405,0.982733788,0.99139782,0.982814705,0.98121917,0.982410162,0.957082836,0.00511865958,0.00151607081,0.000543695187,0,0.00195173103,0.000642639597,0,0.000772594277,0.00200666307,0.00103836245,0.00121706627,0.000181219354,0.00205808269,0.00198629764,0.000596830031,0.00297744459,0.0039078483,0.00197669823,0.00204003036,0.0031117109,0.00226691269,0.00459405959,0,0,0.00128189085,0.00246038914,0.0104694742,0.00527815641,0.0148847447,0.0183478875,0.0106309993,0.0305231386,20.2201929,24.8897866,23.5412366,26.4495021,27.6964008,28.2646389,26.7563133,26.4631942,25.4549733,23.6732104,23.140255,22.3385534,21.1392371,20.1266745,20.1519096,18.7479834,16.6336709,15.6562334,13.9408373,13.5385432,12.1479995,10.714464,9.30747043,8.36102824,7.3840469,6.99888518,6.17634646,5.66467179,4.79747566,3.3517147,1.91706543,2.81464895
evaluation/blue-nile-hats_02/i16_cbr_5ms_256k/master.wav,evaluation/blue-nile-hats_02/i16_cbr_5ms_256k/c.wav,4.72022933,0.999463399,0.999867402,0.99990283,0.999846796,0.999732733,0.999827918,0.999838595,0.999749368,0.999658746,0.999807332,0.999583491,0.99963298,0.999526539,0.99929318,0.999265115,0.999393047,0.999144685,0.998677631,0.998267029,0.998813957,0.999187591,0.998983652,0.99908596,0.998726086,0.998049188,0.996527377,0.996802107,0.99586121,0.997024244,0.996407601,0.997722788,0.991503216,0.997421903,0.999286609,0.999787287,0.999603288,0.999368711,0.999625636,0.999638434,0.99942365,0.998081519,0.999626725,0.999069769,0.999323116,0.998997921,0.99873063,0.998596923,0.998987496,0.997746834,0.99607875,0.993903195,0.997448155,0.997628851,0.995082311,0.997685686,0.997001237,0.995433868,0.987978966,0.991036039,0.988312299,0.990607414,0.988047106,0.98239597,0.957463894,0.00354492038,0.00157638295,0.000657130958,0,0.00152723574,0,0,0.000367896828,0.00296098472,0.000879814703,0,0,0.00183760747,0.0010351286,0,0.00247272866,0.00359799905,0.00338167287,0.0046728649,0.00298418395,0.00185341765,0.00359106942,0,0,0.00210204541,0.00914390162,0.00527127474,0.0111183547,0.00946903491,0.0128269479,0.0104636305,0.0302758379,20.1088431,24.8229042,23.5291028,26.4433646,27.6746446,28.2540106,26.7541156,26.4728003,25.4341509,23.6912639,23.1346398,22.3200708,21.1308529,20.1030708,20.1296498,18.7387971,16.6386504,15.665787,13.9203466,13.5125685,12.1368256,10.7078365,9.28072645,8.34163524,7.37261335,6.96814079,6.14522746,5.64490213,4.77504022,3.32419548,1.88683662,2.79139294
evaluation/blue-nile-hats_02/i16_cbr_5ms_320k/master.wav,evaluation/blue-nile-hats_02/i16_cbr_5ms_320k/rust.wav,4.72459091,0.999296663,0.999913629,0.999940833,0.999907829,0.999782254,0.999905583,0.999914223,0.99986817,0.999857298,0.999876523,0.999810439,0.99987376,0.999831867,0.999723778,0.999539012,0.999768305,0.999689774,0.999553222,0.999333164,0.999410454,0.999577772,0.999622992,0.999641524,0.999439962,0.998926074,0.998573181,0.998046894,0.997915702,0.998457522,0.997994282,0.997808832,0.991571507,0.994237836,0.999582351,0.999890168,0.999723464,0.999348691,0.999764089,0.999803505,0.999716004,0.999693569,0.999761791,0.999628874,0.999786491,0.999672562,0.999389241,0.998178344,0.999571329,0.999404085,0.999152339,0.998134417,0.998832263,0.999113987,0.999192861,0.999420549,0.998546424,0.997450059,0.996579288,0.993391074,0.991740779,0.994903184,0.993435939,0.982631171,0.955707338,0.00585202007,0.00125262448,0,0,0.00158991284,0.0007211473,0,0,0.000736116482,0,0.0005209458,0.000729863539,0.00097084305,0.000911439351,0.0018389154,0.00152721833,0.00199683114,0,0,0.00127951646,0.000589357311,0.00068929114,0,0,0,0,0.00562649041,0.00341782371,0.00342029434,0.00939336296,0.0103745713,0.030070952,20.1699456,24.8516001,23.5312016,26.4438729,27.7088641,28.2626478,26.7428936,26.4605434,25.4546744,23.6986585,23.1388467,22.340922,21.1455246,20.1139846,20.1503673,18.7452073,16.6173396,15.6469428,13.9275731,13.5164552,12.114694,10.6648019,9.24766232,8.29987018,7.31959628,6.93217567,6.11126309,5.60237568,4.74150745,3.3118914,1.89942193,2.80443603
evaluation/blue-nile-hats_02/i16_cbr_5ms_320k/master.wav,evaluation/blue-nile-hats_02/i16_cbr_5ms_320k/c.wav,4.72498644,0.999733442,0.999927313,0.999942691,0.99991684,0.999845479,0.999904139,0.99989866,0.999865461,0.999876939,0.999884626,0.999849161,0.999888373,0.999811751,0.999713527,0.999629691,0.999767239,0.999612793,0.999525344,0.999506491,0.999465223,0.999575761,0.999494377,0.999546541,0.999462186,0.999048039,0.99841046,0.99848937,0.998405735,0.998351014,0.997900782,0.997777528,0.99172145,0.998845614,0.999635886,0.999861163,0.999706094,0.999679536,0.999760521,0.999706799,0.99970942,0.99948955,0.999694467,0.999731905,0.999796414,0.999556365,0.999288736,0.999062531,0.99948807,0.999114201,0.998980636,0.998793157,0.998965046,0.999295068,0.997482924,0.999020903,0.998653878,0.997631222,0.994499472,0.995303992,0.996076136,0.991538151,0.989739313,0.982500894,0.957925475,0.00234550376,0.00111163003,0,0,0.000982627782,0.000588663439,0,0.000399690909,0.00124056768,0.000752051023,0.0004026374,0.000445333603,0.00126260224,0.00151297382,0.00075920945,0.00151702146,0.00246529263,0.00146869377,0.00131280189,0.0021369952,0.00176419659,0.00206097263,0,0,0.00191400347,0.00271509782,0.000860218711,0.00316244451,0.00797367774,0.0123245281,0.0103443201,0.0296656318,20.2139311,24.8791063,23.5582838,26.4585938,27.6953116,28.2576501,26.7383823,26.4640934,25.4510778,23.7098529,23.1500338,22.3345812,21.1470276,20.1128893,20.148297,18.7555613,16.6251689,15.6663876,13.9411411,13.5333054,12.1519527,10.7091037,9.29874517,8.35376983,7.37152842,6.98288072,6.1642751,5.65339083,4.79211646,3.34880356,1.91644643,2.81339168
evaluation/blue-nile-hats_02/i16_vbr_5ms_192k/master.wav,evaluation/blue-nile-hats_02/i16_vbr_5ms_192k/rust.wav,4.70167494,0.999210535,0.999784992,0.999840181,0.999747145,0.999476029,0.999720359,0.999690225,0.999586604,0.999484133,0.999396867,0.999086698,0.999303881,0.998832749,0.998051022,0.997954478,0.998416489,0.998018894,0.997748174,0.997010723,0.996879126,0.997619491,0.997100447,0.99702692,0.996448351,0.992831435,0.990556796,0.990439434,0.990041294,0.990353126,0.98701477,0.996822441,0.990027952,0.997372649,0.999342333,0.999656702,0.999298522,0.998886043,0.999236097,0.999112342,0.998985479,0.998255497,0.997608576,0.997972438,0.998513481,0.997845576,0.995529183,0.995809712,0.996895982,0.995785762,0.995010033,0.991159065,0.994966415,0.993623039,0.986522782,0.99478183,0.993761507,0.975930074,0.96936464,0.969524836,0.965293418,0.956768535,0.941320878,0.977906785,0.949333303,0.00399050783,0.00172246584,0,0,0.00190335615,0.00132447715,0,0.00106354009,0.00275324682,0.00321862209,0.0019427787,0.00158340413,0.0034362029,0.00439063361,0.00332210791,0.00319592128,0.00555308592,0.00432284303,0.005505292,0.00578991471,0.00417479625,0.00901299198,0.00286408295,0.0015138309,0.0128704322,0.0231507586,0.0242134484,0.0248028045,0.0304416397,0.0449028945,0.0113361303,0.031690738,20.1140165,24.8202744,23.5269968,26.4656887,27.6848033,28.2604972,26.7633254,26.4495023,25.4364613,23.6614074,23.1797164,22.3241147,21.1131403,20.121473,20.1680828,18.7713427,16.6784879,15.723283,13.9777667,13.5598832,12.2029164,10.7668092,9.39175853,8.45480463,7.49564054,7.0970872,6.27038049,5.77846762,4.89571093,3.44201846,2.00173943,2.85425359
evaluation/blue-nile-hats_02/i16_vbr_5ms_192k/master.wav,evaluation/blue-nile-hats_02/i16_vbr_5ms_192k/c.wav,4.70553584,0.998883652,0.999799608,0.999802084,0.999740676,0.999450897,0.999714428,0.999712605,0.99958062,0.99940197,0.999491585,0.999174306,0.999315488,0.998679309,0.997954958,0.997986937,0.998469025,0.998228205,0.997207189,0.997232265,0.996988211,0.997440461,0.99712421,0.99769014,0.996706538,0.992679074,0.990722936,0.989785507,0.990610713,0.994301486,0.989865137,0.997210822,0.991309579,0.992682411,0.999279329,0.999612308,0.999188901,0.998730742,0.999418354,0.999300993,0.998660243,0.997663142,0.998758454,0.998473696,0.998978276,0.997266763,0.996102754,0.996703627,0.997138181,0.995768112,0.993524011,0.992343913,0.992294105,0.99516649,0.989751847,0.995462386,0.993676541,0.98172494,0.974293412,0.972603529,0.978150391,0.984624196,0.976103237,0.982713265,0.958628485,0.00648462875,0.00180047816,0.000705968097,0,0.00242730568,0.000565045518,0,0.00130631535,0.00360136825,0.00113937926,0.00174628708,0.00170297025,0.00323588271,0.00370970762,0.00297911369,0.00478365031,0.00545988452,0.00778674056,0.00438245227,0.00865741009,0.00627954941,0.00625557286,0,0,0.0125850288,0.0147792309,0.0235144278,0.0164921312,0.0146201165,0.0241887727,0.0108361052,0.0290200201,20.3625544,24.9319934,23.5577541,26.4494503,27.6949636,28.2598814,26.7542224,26.4746987,25.4505264,23.6628308,23.1427253,22.3345336,21.1308809,20.1155593,20.1646364,18.7665773,16.659044,15.705551,13.9866894,13.5810448,12.2200195,10.8084102,9.40925963,8.4553458,7.47759585,7.10983436,6.30361144,5.7825945,4.91096847,3.44060747,1.97479453,2.84853329
evaluation/blue-nile-hats_02/i16_vbr_5ms_256k/master.wav,evaluation/blue-nile-hats_02/i16_vbr_5ms_256k/rust.wav,4.72153308,0.999615895,0.999900731,0.999903412,0.999847851,0.999650652,0.999815627,0.999833205,0.999768758,0.999708999,0.999812278,0.999589905,0.999667593,0.999370877,0.999152632,0.999080047,0.999318154,0.99901946,0.998597438,0.998265597,0.998833824,0.999162585,0.999012043,0.999095339,0.998941476,0.998121629,0.99768407,0.99695713,0.996934304,0.997261833,0.996491234,0.997733926,0.99162929,0.998621311,0.999660283,0.999802352,0.999539708,0.998853631,0.999519939,0.999684961,0.999534872,0.998349455,0.999531966,0.999305502,0.999399558,0.9977199,0.998240898,0.997826368,0.998953452,0.997774084,0.997208263,0.995268555,0.997648981,0.997470024,0.995921431,0.998191796,0.998213017,0.995543477,0.994743128,0.990686248,0.992759391,0.986342894,0.984152968,0.982464365,0.956702062,0.00257676916,0.00122529569,0.000246759022,0,0.00192579799,0.00116157094,0,0.000975681815,0.00255130597,0.000806150866,0,0.00052994461,0.0027721982,0.00283260397,0.00208342611,0.00259672601,0.00405568005,0.00410841007,0.00433660604,0.0027041377,0.00237416319,0.00295745402,0.0013613652,0,0.00222203828,0.00161186604,0.00537428818,0.00550608116,0.0113822901,0.0153700007,0.010443794,0.0300086593,20.205381,24.8863088,23.5421989,26.4471268,27.6662916,28.2588597,26.7440458,26.4737496,25.4590569,23.6980163,23.156727,22.3347946,21.1382796,20.1104804,20.1422308,18.749244,16.6222112,15.6632838,13.9337216,13.5320288,12.1352913,10.7023678,9.2926959,8.35998843,7.37969784,6.98807865,6.17216385,5.66436722,4.79547968,3.34794798,1.90861965,2.80723515
evaluation/blue-nile-hats_02/i16_vbr_5ms_256k/master.wav,evaluation/blue-nile-hats_02/i16_vbr_5ms_256k/c.wav,4.72211302,0.999504812,0.999891461,0.999901245,0.99987218,0.999683391,0.999805868,0.999831569,0.999782211,0.999512141,0.999755142,0.999578428,0.999663564,0.9995637,0.999254867,0.999063364,0.999329927,0.999120828,0.998794583,0.998332993,0.998830536,0.999212434,0.999029209,0.999132801,0.998750407,0.998043445,0.997205666,0.997218359,0.996841115,0.99784551,0.997405768,0.997765369,0.991652202,0.997777911,0.999490862,0.999789081,0.999670658,0.998951657,0.999641799,0.999637001,0.999391714,0.996019007,0.999338416,0.998743767,0.999266994,0.99914644,0.998678459,0.998021969,0.998656693,0.998063211,0.997471514,0.994403458,0.997808626,0.998165971,0.995600061,0.997928782,0.997483279,0.995610182,0.991039739,0.989846257,0.993171116,0.994190476,0.994459858,0.982688523,0.957115283,0.00338275884,0.00139460827,0.000542024503,0,0.00158544477,0,0,0.000441088182,0.00575800949,0.000682393363,0,0.00132379988,0.00179448978,0.00167956628,0.00130216448,0.0023279594,0.00350218189,0.0029820559,0.00470118165,0.00246709912,0.0016789211,0.0034974948,0,0,0.00180750854,0.00465201617,0.00336868701,0.00566666433,0.00642408011,0.00768056762,0.0103103286,0.0306394847,20.1838001,24.8634799,23.5340109,26.4467017,27.6691799,28.253063,26.7421841,26.4573031,25.4263822,23.6916465,23.1321705,22.3253163,21.129497,20.1057816,20.1406213,18.7497725,16.6472927,15.6823507,13.9413366,13.5333178,12.1563271,10.7260324,9.31533242,8.37236922,7.40703766,7.00229331,6.18268033,5.67797175,4.79915068,3.33945325,1.89261478,2.79053764
evaluation/blue-nile-hats_02/i16_vbr_5ms_320k/master.wav,evaluation/blue-nile-hats_02/i16_vbr_5ms_320k/rust.wav,4.72474165,0.999685069,0.999933788,0.999946644,0.999904504,0.999805973,0.999900436,0.999899391,0.999853088,0.999859685,0.999859023,0.999792365,0.99987759,0.999836589,0.999723008,0.999587933,0.999778486,0.999694828,0.999499792,0.999382102,0.999370843,0.999519082,0.999588688,0.999612912,0.999526547,0.998970761,0.998197123,0.998016342,0.998058535,0.99858954,0.998246074,0.997828033,0.991556694,0.998256529,0.999748834,0.999889528,0.999674083,0.999456293,0.999750524,0.999692503,0.999700107,0.999642176,0.999688768,0.999384891,0.999781692,0.999713475,0.999452451,0.998863031,0.999624457,0.9992963,0.99873755,0.998259473,0.998980301,0.999013827,0.998889216,0.999239706,0.998995316,0.99709406,0.995091736,0.994798241,0.993743263,0.993131433,0.991886174,0.982911961,0.956399607,0.00278728725,0.000959819545,0,0,0.00112422527,0.000401197462,0,0,0.000999245732,0.000684757057,0.00065889594,0.000384307199,0.000632244545,0.000546899478,0.000923853251,0.00150895175,0.00193225711,0,0.000772054003,0.00174191954,0.00145782099,0.00104026983,0,0,0,0.00104721011,0.00454070308,0.00479712412,0.00639898799,0.00918338073,0.0102010614,0.0298968829,20.1741193,24.8518792,23.5296372,26.4415565,27.7074733,28.2616959,26.7401651,26.4597093,25.4546301,23.7009691,23.1394945,22.3423974,21.147265,20.1165217,20.1497914,18.7477658,16.6180892,15.6482487,13.929201,13.5160254,12.1162138,10.6648141,9.24948372,8.29823185,7.32143111,6.93343727,6.11265216,5.6028713,4.74243575,3.3123532,1.89912813,2.80354597
evaluation/blue-nile-hats_02/i16_vbr_5ms_320k/master.wav,evaluation/blue-nile-hats_02/i16_vbr_5ms_320k/c.wav,4.7248797,0.999658291,0.999931529,0.999949617,0.999923709,0.999851537,0.999905982,0.99991163,0.99987897,0.999824991,0.999888533,0.999854989,0.999892223,0.999805761,0.999702233,0.999618178,0.999759078,0.999686535,0.999562475,0.99951817,0.999504798,0.999588452,0.99951635,0.999605163,0.999506381,0.998944091,0.998571858,0.998531429,0.998207719,0.998227769,0.998089424,0.997762303,0.991484345,0.998225625,0.999684353,0.999883767,0.999795291,0.999687517,0.999808054,0.999843626,0.999651171,0.999135285,0.999796256,0.99971677,0.999755839,0.999479601,0.999377373,0.999211448,0.999485067,0.999242856,0.998877441,0.998771249,0.999193307,0.999263788,0.99833842,0.999199836,0.998915354,0.99723976,0.993763521,0.994275815,0.995556671,0.990980549,0.990610263,0.982366281,0.957336122,0.00289500745,0.00103203911,0,0,0.000920125874,0.000207669651,0,0.000560896842,0.00159467586,0,0.000521322114,0.000798643038,0.00136523391,0.00123121025,0,0.0014348533,0.00194395695,0,0,0.00203595123,0.00145512505,0.00109399124,0,0,0.00239595111,0.00385314603,0.00392419945,0.00549839646,0.00686167616,0.00873907727,0.0104668756,0.0300665164,20.2465248,24.913332,23.5415456,26.4508058,27.6763511,28.2556222,26.7505723,26.4672843,25.4472601,23.6903165,23.1833308,22.3635234,21.1503077,20.1222076,20.1634387,18.763319,16.6372006,15.6873428,13.9602375,13.5619082,12.1783468,10.7447945,9.33644941,8.40294024,7.42068312,7.04428103,6.23650761,5.7209015,4.847955,3.39083148,1.93803721,2.81881749
evaluation/blue-nile-hats_02/i24_cbr_5ms_192k/master.wav,evaluation/blue-nile-hats_02/i24_cbr_5ms_192k/rust.wav,4.70245508,0.998242356,0.999754788,0.99984738,0.999743521,0.999419018,0.999724469,0.999763296,0.999567858,0.999516696,0.999542155,0.999141336,0.999290142,0.998713816,0.997878728,0.997532651,0.998387712,0.997791077,0.997683408,0.99629777,0.996507664,0.997638637,0.997073067,0.997510813,0.996026807,0.992491867,0.991416884,0.990319458,0.98954145,0.992405671,0.986945204,0.996616653,0.989976785,0.986254159,0.998546251,0.999768427,0.999199795,0.998436182,0.999298538,0.999429668,0.998388699,0.998613288,0.999166081,0.998303408,0.998613515,0.997367038,0.996269067,0.995257491,0.996848935,0.994384023,0.995201073,0.988390452,0.993371193,0.99400256,0.984872723,0.996072386,0.99298045,0.977505285,0.969712139,0.975109965,0.969282441,0.970643265,0.928143199,0.977863992,0.950370856,0.0118298481,0.00222596808,0.000473175364,0,0.00243519111,0.00118215973,0,0.00195985073,0.00250340998,0.00120469774,0.000616194867,0.00222637295,0.00388133641,0.00413751206,0.00284933508,0.00437837809,0.00707741354,0.00406530408,0.00917453187,0.00815835527,0.00422888261,0.0114654284,0.00254410408,0,0.0140983855,0.0183673105,0.0209348257,0.0207314711,0.0208742326,0.0540235307,0.0118528466,0.0299062933,20.2486758,24.8435648,23.5704943,26.4847096,27.6818448,28.2492955,26.7476085,26.4591479,25.4221019,23.6916612,23.1962425,22.3246067,21.1072337,20.0935417,20.1541982,18.7703944,16.6900196,15.7606487,14.0237324,13.5976584,12.2686399,10.8587423,9.47178841,8.54526325,7.58793994,7.17498773,6.36229808,5.87246487,5.00536815,3.53753513,2.06451564,2.87947975
evaluation/blue-nile-hats_02/i24_cbr_5ms_192k/master.wav,evaluation/blue-nile-hats_02/i24_cbr_5ms_192k/c.wav,4.70254137,0.999064987,0.999796087,0.999835375,0.999663444,0.999431652,0.999714159,0.999746588,0.999650012,0.999371441,0.999493388,0.999171868,0.999202886,0.998694407,0.997869437,0.997871189,0.998532734,0.998115112,0.997397677,0.99712241,0.99698017,0.997263423,0.997213064,0.997508053,0.996750811,0.994151192,0.99270557,0.990435623,0.988655408,0.991266589,0.986182544,0.996987,0.990923663,0.996058082,0.999291774,0.999686235,0.998772211,0.998698489,0.99948921,0.999536857,0.998968348,0.996631915,0.998705313,0.998188397,0.998577693,0.997162512,0.995569552,0.995856217,0.997624949,0.996394254,0.992058153,0.992268046,0.992770006,0.993435319,0.993139723,0.995369367,0.994505432,0.987897601,0.982200308,0.9683579,0.974295173,0.972462556,0.952050469,0.981363534,0.956214982,0.00468595171,0.00181590584,0.000587439333,0,0.00252349454,0,0,0.00152850445,0.00438850722,0.0018798595,0.0022359307,0.00264137139,0.0038538446,0.00446118717,0.00442523233,0.00438881513,0.00547340737,0.00751097048,0.00550327683,0.00727042675,0.00564082194,0.00384719097,0.00266443058,0,0.00749450462,0.0138486832,0.0202471863,0.0234999836,0.0229553962,0.0434519975,0.0112049456,0.0284866543,20.3533268,24.9395914,23.5599088,26.4493326,27.6908753,28.2562624,26.7494701,26.4762235,25.4534054,23.6640198,23.143673,22.3323944,21.1263072,20.1105123,20.1567147,18.7639798,16.6523784,15.7092475,13.9821755,13.5737934,12.2295901,10.7979039,9.39546212,8.45295273,7.4841207,7.11249871,6.29959384,5.77439296,4.91087156,3.44064559,1.97443336,2.84084203
evaluation/blue-nile-hats_02/i24_cbr_5ms_256k/master.wav,evaluation/blue-nile-hats_02/i24_cbr_5ms_256k/rust.wav,4.71969815,0.999524044,0.999898772,0.999915851,0.999852121,0.99966275,0.999847557,0.999863852,0.999819436,0.999749949,0.9998062,0.999688532,0.999721798,0.999649822,0.999409728,0.999378804,0.99937337,0.999185165,0.999027354,0.998821488,0.998979667,0.999338127,0.998996478,0.999030599,0.998899961,0.998085057,0.996737331,0.99600331,0.996319156,0.996982542,0.995233741,0.997654703,0.991439986,0.997990248,0.999641455,0.999851792,0.999495946,0.999123255,0.999632016,0.999655495,0.99964399,0.998945998,0.999501784,0.999541653,0.999529972,0.99937757,0.998867674,0.998517485,0.99863577,0.997747681,0.997720406,0.99743788,0.998368624,0.998374714,0.995645923,0.99794794,0.997931006,0.994750993,0.981254773,0.984844165,0.990268275,0.991468033,0.988858058,0.982323722,0.957023045,0.00345023989,0.00127672417,0,0,0.00185606292,0.000756216961,0.000506567648,0,0.0019005675,0.000582155788,0,0.000756135922,0.00170898413,0.000966355511,0,0.00267439027,0.00361450889,0.00212638571,0,0.00262978877,0.00156940569,0.0035927348,0,0,0.00389494185,0.0116412818,0.00951205821,0.00547513338,0.00766230406,0.0146064843,0.0104689513,0.0302988026,20.2164645,24.8880251,23.5374287,26.4490009,27.6961739,28.2623067,26.7551077,26.462068,25.4519284,23.6671783,23.1382423,22.3354448,21.1398739,20.1262873,20.1575887,18.7514786,16.6331448,15.6514253,13.9372161,13.5401102,12.1435742,10.7076495,9.30556118,8.36329113,7.38069302,6.99107329,6.17743475,5.66820926,4.79952654,3.35237184,1.91307084,2.813586
evaluation/blue-nile-hats_02/i24_cbr_5ms_256k/master.wav,evaluation/blue-nile-hats_02/i24_cbr_5ms_256k/c.wav,4.71889242,0.999389936,0.999868173,0.999919616,0.999888378,0.999743741,0.99985459,0.99987764,0.999824665,0.999667776,0.999803425,0.999673656,0.999701984,0.999589683,0.999418968,0.999381412,0.999423824,0.999185903,0.998972317,0.998233202,0.998850373,0.999244484,0.999063547,0.999105678,0.998804552,0.997895092,0.996909176,0.995666442,0.993677312,0.997087909,0.996731285,0.997789657,0.99166368,0.996656316,0.999268552,0.999803256,0.999684357,0.999413198,0.999628449,0.999771666,0.999553288,0.998004233,0.999551764,0.99939325,0.999349271,0.998879947,0.998461812,0.998577205,0.998810475,0.99804412,0.997742308,0.995242721,0.997860024,0.998035819,0.996224242,0.998169669,0.99745048,0.994540308,0.988671567,0.984892821,0.970195987,0.990721762,0.991592962,0.982746821,0.957702818,0.00419020558,0.00161769108,0.000443590426,0,0.00149701306,0.000703086353,0,0.000916461056,0.002916951,0.000703428085,0.000383930858,0.00108967295,0.00156503854,0.00105576084,0,0.00240971838,0.0034211076,0.00295695274,0.00382174258,0.00331490603,0.00194044427,0.00307828155,0,0,0.00378454179,0.00739462771,0.00871471534,0.0281998576,0.00820260324,0.00883925757,0.0102225758,0.0301266473,20.1478207,24.8380565,23.5197044,26.4362607,27.7032616,28.2581346,26.7423283,26.4270597,25.4362811,23.6972126,23.1211882,22.3219336,21.1238436,20.1037932,20.1402605,18.7271014,16.6530047,15.6716609,13.9181865,13.5026362,12.1257523,10.6849201,9.26448682,8.3085062,7.33758887,6.93038013,6.114058,5.60802447,4.74222748,3.29559867,1.87616183,2.78885304
evaluation/blue-nile-hats_02/i24_cbr_5ms_320k/master.wav,evaluation/blue-nile-hats_02/i24_cbr_5ms_320k/rust.wav,4.72530514,0.999529054,0.99991601,0.99994836,0.999921146,0.999852998,0.999940919,0.999942201,0.999915464,0.999891145,0.999905466,0.999858834,0.999897457,0.999868334,0.999768771,0.999588876,0.999788052,0.999726106,0.999675348,0.999487097,0.999471347,0.999649753,0.999673081,0.999684891,0.999597617,0.999216239,0.998706557,0.998423725,0.998237824,0.998572803,0.998192083,0.997836705,0.991711805,0.996767304,0.999603191,0.99991814,0.999744617,0.999576552,0.999879612,0.999899245,0.999745207,0.99969364,0.999817303,0.999738046,0.99981416,0.999785976,0.999550398,0.998598784,0.999680815,0.999310226,0.999428509,0.998691051,0.998948876,0.999193946,0.998685317,0.999224601,0.999364506,0.9980801,0.995725434,0.993412459,0.995393315,0.994852596,0.995525461,0.982614492,0.956364783,0.00381490875,0.00124331752,0.000232296699,0,0.00116702668,0.000303385615,0,0.000636466442,0.000984753049,0.000731129661,0,0.000666533045,0.000996357197,0.00105709025,0.00126021714,0.00114747983,0.00186175085,0.000498065587,0,0,0.000587624462,0.00133930563,0,0,0,0,0,0.000934391882,0,0.00586135419,0.0104626727,0.0300491893,20.1120368,24.8213516,23.5208398,26.4351251,27.7105956,28.2670917,26.7554509,26.4582022,25.4726845,23.7040598,23.1479535,22.3217816,21.1216419,20.1022135,20.1324911,18.7210948,16.6116629,15.6310711,13.8961488,13.4746003,12.0795065,10.6164275,9.20377908,8.2504158,7.27350556,6.87176167,6.05872393,5.55468236,4.70835122,3.28292813,1.88932167,2.80407034
evaluation/blue-nile-hats_02/i24_cbr_5ms_320k/master.wav,evaluation/blue-nile-hats_02/i24_cbr_5ms_320k/c.wav,4.7246049,0.9997153,0.999933657,0.999952232,0.999924544,0.999868025,0.999919973,0.999916836,0.99991198,0.999888713,0.999901212,0.999879839,0.999888066,0.999849137,0.999738893,0.999708791,0.99979781,0.999716498,0.999661265,0.999565377,0.999620282,0.999700107,0.999619545,0.999650799,0.999527645,0.99907022,0.998726039,0.998355108,0.998459971,0.998025224,0.997128908,0.997756795,0.991805665,0.998441254,0.999676937,0.999890117,0.999686806,0.999683363,0.999753768,0.999766176,0.999791861,0.999466195,0.999653464,0.999774003,0.999751755,0.999670218,0.999373784,0.999285522,0.999542816,0.999503016,0.999373365,0.998683011,0.9993828,0.999370317,0.998829606,0.999367064,0.998732248,0.997243242,0.996977532,0.993225254,0.995917674,0.992147566,0.990382692,0.982287144,0.958129508,0.00254159243,0.0010368671,0,0,0.00096376208,0,0,0.000750131515,0.00121989999,0.000771421877,0,0,0.000933733654,0.00155148202,0.000864249615,0.00141389313,0.00172668981,0,0.000583721309,0.001406007,0,0,0,0,0,0,0.00244255656,0.00179151672,0.00506314012,0.011996751,0.0104204148,0.0297667418,20.2153332,24.8793412,23.5566526,26.4570153,27.694416,28.257916,26.7355629,26.4635492,25.4511557,23.707776,23.1511081,22.3353697,21.1456983,20.1128597,20.1489008,18.752708,16.6249708,15.6647317,13.9425755,13.5320769,12.1481181,10.7053981,9.29907263,8.35395424,7.37250636,6.98245441,6.16549189,5.65340983,4.79400051,3.34792651,1.91724573,2.81325823
evaluation/blue-nile-hats_02/i24_vbr_5ms_192k/master.wav,evaluation/blue-nile-hats_02/i24_vbr_5ms_192k/rust.wav,4.70383143,0.998862741,0.999759793,0.99984048,0.999659874,0.999388187,0.99975024,0.999747587,0.999610947,0.999423865,0.999228074,0.99901456,0.999317024,0.99880686,0.99776394,0.997413195,0.998261071,0.99784107,0.997716542,0.997623145,0.997001572,0.997717828,0.997146603,0.997170577,0.996000868,0.992709874,0.990904679,0.989937675,0.989500188,0.993277101,0.990139476,0.996657591,0.989112709,0.995209812,0.999148144,0.999696864,0.998313925,0.998140982,0.999354377,0.999412007,0.998921498,0.998007209,0.997046566,0.997772212,0.998710248,0.997638182,0.995948446,0.99442094,0.997306822,0.994804042,0.9938913,0.992494126,0.995247289,0.995106182,0.985807687,0.994213248,0.990647484,0.978925337,0.976409553,0.968924579,0.966217428,0.977130809,0.958703818,0.978104254,0.946799901,0.00575896131,0.00180213778,0,0,0.00283821628,0.00118859268,0.000145343179,0.00148542367,0.0028891272,0.00356356462,0.00121214031,0.00176262213,0.0037090197,0.00485605533,0.00320543188,0.00349180794,0.00583220796,0.00373782327,0.00441309861,0.00611017227,0.00500567409,0.0100034725,0.00208243235,0.00261037898,0.0144895395,0.0183747779,0.0249252995,0.0245621259,0.0165302783,0.0293352433,0.0115076235,0.0316979109,20.2583698,24.8676884,23.5615393,26.4821247,27.6621368,28.2479523,26.7555574,26.4680416,25.4233226,23.6723752,23.2002284,22.3159975,21.0959214,20.092863,20.1548463,18.7722904,16.6882038,15.7591786,14.0154856,13.5934266,12.2843549,10.8676753,9.48421158,8.56599221,7.60670923,7.21012025,6.39255889,5.89842038,5.01644104,3.54136978,2.0645459,2.87948881
evaluation/blue-nile-hats_02/i24_vbr_5ms_192k/master.wav,evaluation/blue-nile-hats_02/i24_vbr_5ms_192k/c.wav,4.70346095,0.999063554,0.999800636,0.999782559,0.999715867,0.999480816,0.999730426,0.999706555,0.999589792,0.999479486,0.999536883,0.999277211,0.99932457,0.998705353,0.998276482,0.998182451,0.99838477,0.9981289,0.997117555,0.996923516,0.996549964,0.996995315,0.99709247,0.997606623,0.997023237,0.993704957,0.991828768,0.990341811,0.988249695,0.993233193,0.987402102,0.997215085,0.9906111,0.995163598,0.99933282,0.99932622,0.999097139,0.998657279,0.9992743,0.999218917,0.998822039,0.997921044,0.999172749,0.998800785,0.99896953,0.997026735,0.997543135,0.996748723,0.996742608,0.995884155,0.993127734,0.989508166,0.990089492,0.992890922,0.991251927,0.995624591,0.994362834,0.983484178,0.979392413,0.963884427,0.967312265,0.982651852,0.958776702,0.982814046,0.95795296,0.00523715822,0.00186215719,0.00145863648,0,0.00266086587,0.00112850892,0.000684333441,0.00147954366,0.00323238241,0.00120260067,0.00130833406,0.00176635277,0.00249194065,0.002442232,0.00213057912,0.00506415193,0.00538142992,0.00756443374,0.00619466845,0.0108248076,0.00856054712,0.00436948678,0.00173875871,0,0.00740671394,0.0154076482,0.0264153423,0.0226269885,0.0147025772,0.0375425536,0.0107316648,0.0296853883,20.3557506,24.9341277,23.5593996,26.45008,27.6965486,28.2590811,26.7564931,26.4746151,25.4456564,23.6627191,23.1408939,22.3318367,21.128349,20.114463,20.1584541,18.7664328,16.666016,15.7020448,13.9853017,13.583989,12.2279571,10.8028886,9.39729776,8.4506054,7.47762482,7.11931248,6.30188842,5.77544754,4.91319969,3.44129006,1.97204359,2.8448741
evaluation/blue-nile-hats_02/i24_vbr_5ms_256k/master.wav,evaluation/blue-nile-hats_02/i24_vbr_5ms_256k/rust.wav,4.71926303,0.999658351,0.999894554,0.999923035,0.999864894,0.999681778,0.999846742,0.999852316,0.999822721,0.999727213,0.999827778,0.999675985,0.999713343,0.999603299,0.999400003,0.999247891,0.999358359,0.999170677,0.998853657,0.998561349,0.998961838,0.999240162,0.998929852,0.999212061,0.998989007,0.997699813,0.996752352,0.99478499,0.996137803,0.996753618,0.996095228,0.997728364,0.991657108,0.998915102,0.999559133,0.999861192,0.99956286,0.998845278,0.999611424,0.999651293,0.999579663,0.998559638,0.999603908,0.999391488,0.999486707,0.999364142,0.998887741,0.99862673,0.99875793,0.997928976,0.997114912,0.995400612,0.998142077,0.997879336,0.994725041,0.99837847,0.998498029,0.991699279,0.989364062,0.981011206,0.990706179,0.986930789,0.987494443,0.982499833,0.957499865,0.00238264156,0.00130607299,0.000317251314,0,0.0019163693,0.000748686267,0,0.0010012846,0.00250334274,0.000855380146,0.000705468462,0.00100124456,0.00202264078,0.0019859118,0.00140080896,0.00251903705,0.00346026267,0.00354616826,0.0023594137,0.000731303521,0.000822895087,0.00362521532,0,0,0.00438185376,0.00779681907,0.0183343955,0.00800487217,0.00927745813,0.0129065582,0.0103686042,0.0297141669,20.2158502,24.8893246,23.5383676,26.4481737,27.69886,28.266421,26.7579975,26.4644695,25.4562114,23.6659366,23.1390831,22.3333761,21.140747,20.1258927,20.1566519,18.745886,16.6306876,15.6651308,13.9332687,13.5411869,12.1426064,10.7042168,9.30718128,8.36706198,7.3882719,6.99020698,6.17511638,5.66850295,4.80045526,3.34846633,1.91041913,2.81497468
evaluation/blue-nile-hats_02/i24_vbr_5ms_256k/master.wav,evaluation/blue-nile-hats_02/i24_vbr_5ms_256k/c.wav,4.71956766,0.999590911,0.999899243,0.999902953,0.999885716,0.999754345,0.999842845,0.999837741,0.999810428,0.999506858,0.99979179,0.999639073,0.999740702,0.999620432,0.999406649,0.999202472,0.999282716,0.999111796,0.998850786,0.998689223,0.998977205,0.999232586,0.999041157,0.999054307,0.998746986,0.997894695,0.997019117,0.996413162,0.995794261,0.996398708,0.995647891,0.997782755,0.99165703,0.997646834,0.999472017,0.999797825,0.999661983,0.999097072,0.999592831,0.99965675,0.999479101,0.995966785,0.999364865,0.998993245,0.999513646,0.998911454,0.998838739,0.998680969,0.998368159,0.997880315,0.997805358,0.995162548,0.998152267,0.998410949,0.995300625,0.997818567,0.99695567,0.994264377,0.990459142,0.990091171,0.988816,0.986729042,0.983273007,0.982983026,0.956855315,0.00311682698,0.00134830646,0.000386739833,0,0.00132106438,0.000858888914,0,0.000899583853,0.00564401702,0.000922289056,0.00113820667,0.00129764723,0.00197103848,0.00170984095,0.000999389816,0.00262934557,0.00401086129,0.00301248922,0.00321109025,0.00231557597,0.00196355059,0.00318098299,0,0,0.00307629629,0.00651509495,0.00696454019,0.00922536094,0.0114212736,0.0144837677,0.0102318036,0.0308361743,20.2233688,24.8982811,23.5364794,26.4471301,27.6964254,28.2668145,26.7540551,26.4588999,25.4537697,23.6667416,23.1356357,22.330804,21.137381,20.1239955,20.1459782,18.7447667,16.630478,15.6615704,13.9431479,13.5351143,12.1432961,10.7009597,9.29737203,8.35689157,7.38984256,6.99242314,6.17402094,5.66811081,4.8015183,3.3426284,1.91377086,2.81353194
evaluation/blue-nile-hats_02/i24_vbr_5ms_320k/master.wav,evaluation/blue-nile-hats_02/i24_vbr_5ms_320k/rust.wav,4.72440724,0.999686938,0.99993862,0.999953595,0.999930376,0.999835651,0.999911951,0.999924509,0.999908643,0.999889599,0.99989215,0.999857836,0.999881796,0.999832666,0.999740791,0.999625736,0.999801934,0.999759026,0.99969035,0.999522048,0.99949502,0.999648673,0.999724777,0.999725953,0.999619023,0.999213417,0.998619207,0.998272244,0.998214409,0.997845655,0.997195783,0.997857298,0.991785819,0.998073846,0.999738942,0.999912648,0.99980861,0.999521866,0.999712484,0.999771683,0.999844634,0.999685576,0.9997517,0.999596795,0.999746658,0.999526459,0.999492082,0.998729588,0.999689845,0.999601049,0.999443054,0.998636711,0.998901121,0.999103759,0.999098614,0.99946734,0.999174656,0.997761047,0.995028681,0.993445462,0.994163013,0.988532673,0.988260149,0.982824784,0.956932262,0.00293510372,0.00102332211,0.000182429202,0,0.0011099405,0.000407763445,0.000156591213,0.000527469248,0.000841790982,0,0,0.000756401655,0.00107796176,0.000972693939,0.00163987198,0.00125675171,0.00153176433,0,0,0.000581194401,0.00102267366,0.00113675703,0,0,0,0.000698058258,0.0056294085,0.00492416621,0.0114223321,0.0163999578,0.010282652,0.0297100417,20.1330807,24.8414043,23.5089238,26.4351664,27.6841195,28.2552886,26.7439694,26.4568608,25.4294974,23.6843316,23.1277808,22.3333769,21.1364371,20.1129691,20.1479525,18.7468973,16.6318336,15.6633733,13.9243979,13.5179998,12.1212942,10.6798955,9.26225082,8.31975032,7.3490012,6.95054396,6.13051107,5.61436167,4.74367364,3.30070904,1.87511993,2.78093887
evaluation/blue-nile-hats_02/i24_vbr_5ms_320k/master.wav,evaluation/blue-nile-hats_02/i24_vbr_5ms_320k/c.wav,4.72576607,0.999590879,0.999916412,0.999956491,0.999931346,0.99987821,0.999921436,0.999934379,0.999917369,0.999878393,0.999909017,0.999869918,0.999886502,0.999850828,0.999768802,0.999741386,0.999801076,0.999779123,0.999667208,0.999514654,0.999633883,0.999701626,0.999580872,0.999665792,0.999582355,0.999072428,0.99874903,0.998437975,0.998760959,0.998790515,0.998285642,0.997833863,0.991872465,0.997920546,0.999627146,0.999913108,0.999792649,0.999685816,0.999843304,0.999884025,0.999747142,0.99951313,0.999808703,0.99967008,0.999721605,0.999563586,0.999545693,0.999413093,0.999647969,0.999489915,0.999330657,0.998484478,0.999364194,0.999320556,0.998254245,0.999326723,0.999264989,0.997758555,0.995384334,0.994088751,0.997166908,0.996486131,0.995027558,0.982447507,0.957725684,0.00322616172,0.00121598918,0,0,0.000981453824,0,0,0.000772798438,0.00110950939,0.000718756909,0,0,0.00101232807,0.000799745193,0.000686130635,0.00147991642,0.00168252397,0,0,0.00103205984,0.000701181358,0.00139562644,0,0,0,0.00124679435,0.0026318033,0.00130970839,0,0.00545369018,0.0103477366,0.0298244058,20.2034893,24.8725712,23.5436782,26.4519871,27.7181252,28.2656717,26.7465143,26.4573118,25.4529443,23.6904434,23.134841,22.3394808,21.1452235,20.1225132,20.1527567,18.7495986,16.6282646,15.6581072,13.9385863,13.5296573,12.1349911,10.6842351,9.27853682,8.32920419,7.34546307,6.96030252,6.14902873,5.63245275,4.77390487,3.33277852,1.91110514,2.81476739
evaluation/blue-nile-hats_03/i16_cbr_5ms_192k/master.wav,evaluation/blue-nile-hats_03/i16_cbr_5ms_192k/rust.wav,4.71329706,0.997423217,0.999556907,0.999728325,0.999315792,0.999537195,0.999517485,0.9993304,0.999478053,0.999753754,0.999667876,0.999203188,0.998984542,0.998880407,0.998576782,0.997877818,0.997920988,0.998031062,0.9977903,0.996747083,0.995950506,0.996489733,0.997345003,0.997416602,0.997524204,0.998509244,0.998654104,0.998751134,0.999290017,0.999243498,0.999180881,0.985495598,0.957679843,0.991764397,0.998519091,0.999305361,0.998350944,0.998728779,0.999086815,0.998285105,0.998773167,0.999539816,0.999370857,0.997391594,0.995251932,0.997300496,0.997647491,0.996689632,0.995193,0.996882673,0.996182796,0.991746189,0.988833855,0.991344577,0.993562122,0.993791923,0.994131996,0.996186824,0.995849666,0.992812799,0.998007454,0.99786969,0.997346456,0.96502184,0.89083883,0.0109583105,0.0024472462,0.00100137241,0,0.00199289538,0.00125065254,0,0.0020257818,0.00126468028,0.00136234607,0.00298228114,0.00210840361,0.0027048462,0.00236703114,0.0023543605,0.003650834,0.00393889291,0.00506366624,0.00852229689,0.00872111274,0.00415144729,0,0,0.00526981794,0.00297325599,0.00260594038,0.0057557323,0,0,0,0.0220072256,0.0651170129,24.7468882,25.3944912,25.4150671,24.9264487,23.4779485,24.0540149,24.2047669,23.4089792,25.3404147,22.4083727,22.0752093,20.0938316,19.072567,17.9443281,17.450021,18.2451024,17.4765809,17.5326492,16.7472002,17.0349909,16.8710063,17.348513,16.5224745,17.0365269,15.9112871,15.6984849,15.4807134,14.6928712,13.8716272,12.1398168,9.21429452,6.42838875
evaluation/blue-nile-hats_03/i16_cbr_5ms_192k/master.wav,evaluation/blue-nile-hats_03/i16_cbr_5ms_192k/c.wav,4.71261759,0.998699635,0.999651983,0.999666024,0.999346748,0.999525532,0.999464666,0.99922722,0.999244747,0.99959851,0.999673015,0.999110105,0.999261903,0.999062376,0.998536217,0.998168896,0.997940018,0.997793101,0.998099827,0.997315971,0.99601412,0.996303884,0.997218976,0.997477368,0.997678383,0.998544222,0.998712369,0.999052225,0.999405374,0.999219452,0.998679303,0.984297343,0.956214049,0.99543286,0.999195502,0.999208841,0.998695158,0.998952332,0.998914436,0.998197013,0.998257381,0.999000984,0.999398105,0.997038325,0.998061317,0.997235872,0.997050254,0.996931203,0.995678492,0.995738588,0.995904345,0.993643037,0.989668606,0.989223826,0.993488784,0.994037256,0.994568105,0.996468702,0.996523272,0.99506573,0.998341195,0.997098457,0.991848988,0.962365838,0.872126798,0.00411664718,0.00148354263,0.000821857289,0,0.00181133457,0.000496646172,0.00137124808,0.00284967913,0.00205519325,0.00158299377,0.00206182993,0,0.00177099171,0.00380484437,0.00353517372,0.00511125407,0.00546743475,0.00457429984,0.00712837516,0.00861369087,0.00729541859,0.00233387458,0.00278864079,0.00456017392,0.00321080632,0.00307531597,0.00416240958,0,0,0.00887268934,0.0246731707,0.0740362806,24.8689575,25.5466395,25.491956,24.9547522,23.4681654,24.0916696,24.216744,23.3610548,25.3502789,22.4221916,22.1227944,20.1699337,19.0930832,17.9709275,17.468136,18.2115765,17.4416445,17.4627472,16.7333668,17.0134798,16.851798,17.3326308,16.4783951,17.0185604,15.8826935,15.6650667,15.46205,14.6843799,13.8574689,12.1059268,9.19289343,6.40979187
evaluation/blue-nile-hats_03/i16_cbr_5ms_256k/master.wav,evaluation/blue-nile-hats_03/i16_cbr_5ms_256k/rust.wav,4.7153176,0.999282396,0.999788113,0.99982992,0.9996839,0.999781687,0.999745949,0.999681219,0.999724015,0.999856596,0.99984352,0.999724529,0.999718262,0.999655161,0.999513411,0.999342412,0.998977296,0.99906254,0.998873738,0.998689271,0.998436626,0.998779802,0.998844141,0.999100681,0.999176285,0.99952962,0.999531056,0.999563785,0.99976423,0.99969189,0.999536168,0.985768158,0.956529376,0.997325553,0.999441221,0.999658675,0.999235627,0.999467193,0.999376812,0.999293548,0.999426874,0.999728554,0.999733942,0.999146214,0.998949397,0.999350768,0.999077463,0.998437586,0.997111493,0.998281601,0.997877308,0.997923745,0.997144007,0.997867179,0.99760455,0.998138602,0.996799956,0.998690311,0.998535798,0.997480299,0.999432395,0.998894386,0.996463268,0.963741658,0.874587282,0.000638711579,0.000698532006,0,0,0.000720969699,0,0,0.00173229668,0.00127021041,0.001165806,0.00103713308,0,0,0.00209739018,0.00255729939,0.00408576419,0.00192390506,0.00261157737,0.00296538982,0.0039815032,0.00184529787,0,0,0.00210378568,0.000456186726,0.00106323246,0.00271788335,0,0,0.00278688224,0.0230641611,0.0754803759,24.7804545,25.4416102,25.4620598,24.9319416,23.4778424,24.0681593,24.1928389,23.3671132,25.3243933,22.3953633,22.0705125,20.1021982,19.0404447,17.9154741,17.4271397,18.1822207,17.4255876,17.4549217,16.702674,16.9896966,16.81343,17.3133226,16.4532296,17.0044294,15.8728118,15.671962,15.4487192,14.6563407,13.8421594,12.0796518,9.17314323,6.38930763
evaluation/blue-nile-hats_03/i16_cbr_5ms_256k/master.wav,evaluation/blue-nile-hats_03/i16_cbr_5ms_256k/c.wav,4.71551167,0.998680996,0.99979344,0.999837635,0.999637646,0.999755556,0.999716849,0.999667077,0.999641033,0.999828833,0.999842638,0.999703714,0.999759037,0.999678564,0.999560845,0.999322751,0.99890149,0.99902442,0.999015613,0.998859954,0.998616042,0.998871453,0.998986382,0.999103817,0.999162974,0.999512234,0.999567154,0.999646929,0.999777103,0.999654901,0.999438508,0.985770786,0.957502029,0.991482612,0.999422598,0.999661692,0.99893278,0.999316893,0.99935335,0.999234848,0.999138522,0.999541507,0.999702634,0.99908145,0.999346578,0.999356933,0.999218786,0.998226804,0.995929806,0.998274202,0.998176714,0.997506949,0.995949089,0.996816945,0.997769377,0.997225738,0.997234384,0.99843439,0.998788995,0.998307542,0.999419898,0.998368357,0.995529944,0.965103344,0.880921222,0.0088952251,0.00111523549,0,0,0.00133909332,0.00101815888,0.000838656874,0.00218927067,0.0014536186,0.00115051834,0.00159100557,0,0.000645971213,0.00128278705,0.00200970816,0.00485984073,0.0021866477,0.00110685215,0,0.002819595,0,0,0,0.00127549842,0.00133549132,0.000666280183,0.00185255046,0,0,0.00435872809,0.0229013993,0.0738625835,24.8011415,25.4357041,25.4623496,24.9342415,23.4794222,24.0654269,24.1945713,23.3618907,25.3195782,22.3940418,22.0730941,20.0979817,19.0355659,17.9144106,17.4226903,18.1834848,17.4175477,17.4575323,16.7040936,16.9887791,16.8146416,17.2988905,16.45727,16.9997971,15.8778776,15.6604013,15.4421446,14.6577473,13.8306636,12.0746389,9.16699353,6.38563314
evaluation/blue-nile-hats_03/i16_cbr_5ms_320k/master.wav,evaluation/blue-nile-hats_03/i16_cbr_5ms_320k/rust.wav,4.71609218,0.999347312,0.999842094,0.999893013,0.999796419,0.999848957,0.999810916,0.999787993,0.999851292,0.999928919,0.999934713,0.999844054,0.999897861,0.999884898,0.999854806,0.999784161,0.999714923,0.99966895,0.999649855,0.999516905,0.999345354,0.999319134,0.999577977,0.999640105,0.999691779,0.999783229,0.999762287,0.999775406,0.999873637,0.999835346,0.999795773,0.985773567,0.95692167,0.99720102,0.999409192,0.999752887,0.999177452,0.999545132,0.999551529,0.99945799,0.999566246,0.999844042,0.999895325,0.999498979,0.999624127,0.999672669,0.999622322,0.99950768,0.999387841,0.999162033,0.99913529,0.999045934,0.998268364,0.998573569,0.999180953,0.998988124,0.999134353,0.999315085,0.999143991,0.998702163,0.999803801,0.999487251,0.998652263,0.963579003,0.874895096,0.000292378779,0.000986605695,0,0,0.000775590966,0,0,0.00114280399,0.000814866982,0.000555563925,0.000725575406,0,0.000522487114,0.000709227031,0,0.00109416927,0.000570073712,0,0.00201457727,0,0.0011916969,0,0,0.000599024771,0,0,0.00137603319,0,0,0,0.0233433622,0.0759955425,24.7930489,25.4396324,25.4627009,24.9305094,23.4837105,24.0676385,24.1916972,23.3596905,25.3257602,22.3943252,22.0716086,20.0977341,19.0391686,17.9116296,17.4260353,18.1777783,17.4129512,17.4451997,16.6966823,16.9920663,16.8096279,17.3021653,16.4515421,16.993912,15.8668133,15.6638327,15.4379908,14.653304,13.8295936,12.0764082,9.17911921,6.38819514
evaluation/blue-nile-hats_03/i16_cbr_5ms_320k/master.wav,evaluation/blue-nile-hats_03/i16_cbr_5ms_320k/c.wav,4.71627807,0.999067343,0.999837194,0.999858652,0.999714787,0.999808573,0.999828582,0.999821019,0.999859662,0.999927728,0.999924963,0.999864928,0.999880615,0.999890367,0.999850343,0.999782267,0.999772822,0.999707765,0.999670745,0.999556966,0.999477586,0.999428163,0.999665356,0.999732028,0.999700506,0.999802331,0.999774102,0.999771136,0.999852941,0.999789425,0.99958367,0.98602013,0.957847871,0.995766609,0.999568464,0.999560854,0.999034325,0.999172879,0.999512516,0.999510805,0.999738712,0.99986146,0.999860483,0.999537925,0.999577571,0.99974137,0.999643691,0.99938888,0.999427163,0.999360814,0.999218927,0.99903382,0.998855165,0.998524201,0.99912099,0.999236768,0.998979634,0.999537363,0.99941245,0.99880445,0.999678712,0.999191369,0.996299124,0.964680295,0.875947812,0.00240146985,0.000835134422,0,0,0.00147465659,0,0.000796617063,0.00127912892,0.000906551959,0.000705658647,0.000774106912,0,0,0.000754154489,0.000554575495,0.00121350548,0,0.0011469342,0.00158335159,0,0,0.000364201617,0,0.000607388823,0.000161235235,0.000585111393,0.00150028951,0,0,0.00387004221,0.0227787626,0.0722317037,24.7969207,25.4373913,25.4639869,24.9286195,23.473644,24.0646185,24.1886017,23.3599477,25.3250277,22.3952907,22.067604,20.0941414,19.0384046,17.9123785,17.4265986,18.1810534,17.4193993,17.4506845,16.6938798,16.987236,16.807887,17.2994218,16.4536413,16.9952875,15.8680416,15.661952,15.4357585,14.6538573,13.8308478,12.073261,9.17143545,6.39219943
evaluation/blue-nile-hats_03/i16_vbr_5ms_192k/master.wav,evaluation/blue-nile-hats_03/i16_vbr_5ms_192k/rust.wav,4.71267538,0.997768791,0.999589825,0.999730792,0.999303977,0.99954748,0.99946771,0.99925419,0.999352351,0.999719798,0.999698117,0.999296994,0.999204363,0.998858626,0.998360741,0.997927685,0.997958226,0.997022754,0.997524359,0.997156072,0.996137696,0.996536715,0.99723228,0.997219495,0.997440165,0.998457145,0.998608501,0.999018984,0.99934969,0.99931871,0.999273612,0.984860079,0.955226463,0.989740751,0.998767594,0.999554456,0.997850817,0.998788567,0.998762777,0.998021606,0.998571169,0.999381292,0.99944924,0.997770303,0.997084441,0.997623305,0.99531704,0.995637358,0.995454821,0.989923009,0.995870872,0.995606179,0.990681873,0.991831193,0.99257814,0.992444339,0.993391555,0.995812973,0.995215224,0.995619092,0.997963334,0.998116247,0.998170054,0.964480766,0.88778431,0.0085861539,0.00204242128,0,0,0.00172480118,0.00129932506,0,0.00290218949,0.00176338813,0.00153531256,0.00204211932,0,0.00198585438,0.00444190277,0.00314844117,0.00409548499,0.0134965757,0.00545286236,0.00474190589,0.00633205894,0.00636807183,0,0.0018805633,0.00563530777,0.00336018499,0.0029045379,0.00394113315,0,0,0,0.0227267796,0.0689981009,24.8560622,25.5332484,25.4797006,24.9576044,23.4794934,24.1689193,24.1921108,23.3422762,25.3350614,22.3996877,22.0925238,20.154786,19.0917724,17.9697066,17.4531396,18.1966208,17.4192864,17.4552055,16.7115661,16.9836888,16.828393,17.3136268,16.4646967,17.0182624,15.873221,15.6557261,15.4506946,14.6753851,13.8463329,12.0868745,9.16511844,6.38040148
evaluation/blue-nile-hats_03/i16_vbr_5ms_192k/master.wav,evaluation/blue-nile-hats_03/i16_vbr_5ms_192k/c.wav,4.71218383,0.998720445,0.99963196,0.999679725,0.999276717,0.999477467,0.999376223,0.999246146,0.999311218,0.999646967,0.999616042,0.99929597,0.999273795,0.999106777,0.998340603,0.99807667,0.997028373,0.997907682,0.99790413,0.99713521,0.995911271,0.996077989,0.996737632,0.997546244,0.997708297,0.998232403,0.998562356,0.999072065,0.999423793,0.99916615,0.998543636,0.98439059,0.955264951,0.99554541,0.999008296,0.999299971,0.998153258,0.998843994,0.998803515,0.998232498,0.998668355,0.999125468,0.999298697,0.997589811,0.997948934,0.99769824,0.994408772,0.996562061,0.990584615,0.996408379,0.996565326,0.993748515,0.98779563,0.987624264,0.992476045,0.994352492,0.991467791,0.994258266,0.995756931,0.997113633,0.998684439,0.996714281,0.990949087,0.963979086,0.873248132,0.00337823768,0.00125211117,0.000467793743,0.00177463921,0.0021002394,0.00158939112,0.000951956667,0.00265770489,0.00189834101,0.00176487335,0.00146215141,0,0.000989896296,0.00581603956,0.00433488214,0.011574192,0.00383315759,0.00359591028,0.0050327594,0.0110284434,0.00521857938,0.00349867175,0.00183660773,0.00692302037,0.00466169167,0.00291285653,0.00195568768,0,0.00272112491,0.0105035167,0.0243895489,0.0732020657,24.8462031,25.5221701,25.4863791,24.9629968,23.4879098,24.113618,24.1872614,23.3388241,25.334847,22.4070298,22.0803578,20.1551235,19.0788508,17.9511561,17.4587976,18.2072121,17.4538786,17.484932,16.7314078,17.0056297,16.838803,17.3198602,16.4842444,17.0104809,15.887596,15.6901247,15.4669088,14.681008,13.8595771,12.103173,9.19437691,6.41753832
evaluation/blue-nile-hats_03/i16_vbr_5ms_256k/master.wav,evaluation/blue-nile-hats_03/i16_vbr_5ms_256k/rust.wav,4.71548039,0.998984199,0.999789334,0.999816144,0.999599913,0.99975264,0.999699382,0.999634171,0.999694858,0.999854447,0.999856632,0.999691591,0.999734414,0.999548392,0.999388137,0.999322611,0.99906878,0.999004055,0.998902018,0.998697326,0.998769904,0.99876714,0.998891828,0.998961946,0.999168242,0.999458863,0.999534069,0.999617289,0.999743417,0.999709747,0.999708972,0.985795122,0.95695724,0.995046189,0.999445474,0.999633745,0.998940345,0.999342861,0.999264177,0.999068215,0.999347613,0.999666092,0.999739062,0.99856592,0.999171846,0.998714707,0.997291603,0.998541836,0.997496802,0.997936614,0.998000366,0.997148511,0.997770299,0.997246993,0.997250971,0.99731623,0.99810087,0.998286849,0.998392562,0.99803662,0.999353289,0.998795296,0.998673824,0.964098555,0.878240098,0.000966061283,0.000602364174,0,0,0.00105328798,0.000393992757,0.00139771314,0.00188150542,0.0010703441,0.000665213243,0.00172126525,0,0,0.0023247522,0.00151653787,0.00257792383,0.00243094513,0.00276292108,0.0027288052,0.00117789415,0,0.00177994758,0.00108587254,0,0.000724752772,0.000989336646,0.00200644949,0,0.000793660928,0,0.022993814,0.0764788887,24.7976555,25.4463151,25.4536785,24.9203332,23.4602591,24.1267456,24.192239,23.3656883,25.3142672,22.3835836,22.0842797,20.0994735,19.0555448,17.9447033,17.4181081,18.1770036,17.395387,17.4383253,16.6826673,16.9605126,16.7916285,17.2967118,16.4348303,17.0096818,15.8583615,15.6478656,15.4361522,14.6542185,13.8316079,12.0601344,9.15045984,6.37382229
evaluation/blue-nile-hats_03/i16_vbr_5ms_256k/master.wav,evaluation/blue-nile-hats_03/i16_vbr_5ms_256k/c.wav,4.7153969,0.998650385,0.999824176,0.999841937,0.999701317,0.999736888,0.999755396,0.999616221,0.999583859,0.999842766,0.999827816,0.999579397,0.999781594,0.999709528,0.999498859,0.999219565,0.999167139,0.99907348,0.998941564,0.998718431,0.998570695,0.998629384,0.99898637,0.999251158,0.999245434,0.999522391,0.999538881,0.999517966,0.999725559,0.999632804,0.999331801,0.985883272,0.957488598,0.992761537,0.999669889,0.999647497,0.999405374,0.999266346,0.999502171,0.998765279,0.998813848,0.999665862,0.999625124,0.997612782,0.999329713,0.99944009,0.999016263,0.998550989,0.998186778,0.997866837,0.997890197,0.997833816,0.997110973,0.996752868,0.997598432,0.998220546,0.998262001,0.998866071,0.9985729,0.997054617,0.999266668,0.997709868,0.993769813,0.964683636,0.879050326,0.00839677125,0.000910900771,0,0,0.00145360727,0.000572188246,0.00164473659,0.00272140437,0.0013978486,0.00125908323,0.00338306389,0,0.000921541912,0.00186264336,0.000857153774,0.0022510661,0.00242115255,0.0022821636,0.00224963107,0.00269128257,0,0,0,0.00163767904,0,0.000929971817,0.00285281687,0,0,0.0050822384,0.0229381523,0.07357179,24.7886488,25.4382103,25.4675223,24.9378021,23.4829087,24.0646895,24.1950067,23.3653159,25.3256779,22.4003055,22.0714012,20.0966639,19.0403132,17.9218072,17.4307383,18.1936388,17.4206602,17.4575883,16.7044256,16.9896274,16.8147339,17.3107425,16.4651998,17.0022508,15.8786417,15.6652329,15.4481786,14.6661596,13.8345028,12.0796114,9.17132787,6.39197136
evaluation/blue-nile-hats_03/i16_vbr_5ms_320k/master.wav,evaluation/blue-nile-hats_03/i16_vbr_5ms_320k/rust.wav,4.7161019,0.999358466,0.999828782,0.999877575,0.999768457,0.999868771,0.999847967,0.999806143,0.999836433,0.999929105,0.999932485,0.99982394,0.999856397,0.999882134,0.999812334,0.999722691,0.999589164,0.999674958,0.999685923,0.999517712,0.999454094,0.999494608,0.999577345,0.999677985,0.999677246,0.999783522,0.999788489,0.999810992,0.999875455,0.999877213,0.99988547,0.985766657,0.956621862,0.997650845,0.999217868,0.99958221,0.999123916,0.999690891,0.999680343,0.999383725,0.999438799,0.999846879,0.999821692,0.999313949,0.999422415,0.999692276,0.999468584,0.999394574,0.999086472,0.999397195,0.999148926,0.998878376,0.998485092,0.998795481,0.998781323,0.999397428,0.999041502,0.99936553,0.999282129,0.998962045,0.999625846,0.999659223,0.999621428,0.963501222,0.873329671,0.0013046056,0.00120611866,0,0,0.000442597661,0,0,0.00150210783,0.000932610272,0.000599319704,0.000943496469,0,0.000165284305,0,0,0.00173313268,0.000736488604,0.000717969553,0.00183546565,0,0,0,0,0.000833486442,0,0.000876128455,0.0013266005,0.000274101929,0.000188746866,0,0.0231930952,0.0755638273,24.7925717,25.4369235,25.4629324,24.9315144,23.4827683,24.0679126,24.1883551,23.3571726,25.322421,22.3922696,22.0712736,20.0991366,19.040204,17.9132213,17.4256302,18.1823636,17.4149554,17.4486816,16.6924794,16.9880402,16.812196,17.3053502,16.4544687,16.9972229,15.8655418,15.6642027,15.439359,14.6576573,13.8345325,12.0768653,9.17689352,6.38651047
evaluation/blue-nile-hats_03/i16_vbr_5ms_320k/master.wav,evaluation/blue-nile-hats_03/i16_vbr_5ms_320k/c.wav,4.71616148,0.999291266,0.999815665,0.999884331,0.999777688,0.999793903,0.999808771,0.999813675,0.999845921,0.999935407,0.999936806,0.99988114,0.999895929,0.999896364,0.999828537,0.999776343,0.999720717,0.999673224,0.999677347,0.999540972,0.999453328,0.999482032,0.999651074,0.999730465,0.999649035,0.999763601,0.999759238,0.99978757,0.999874384,0.999785221,0.999393415,0.985944774,0.957792587,0.997669988,0.999405094,0.999735243,0.999480906,0.999117686,0.999639682,0.99956308,0.999608129,0.999884519,0.99988677,0.99964432,0.999721709,0.999743837,0.999530704,0.999463836,0.999375998,0.999324339,0.999474837,0.998825511,0.998857662,0.998929093,0.999264265,0.999391998,0.998785044,0.999118925,0.999057971,0.998740277,0.999694582,0.999074055,0.994129067,0.964544426,0.878466924,0.00233307687,0.0006794291,0.000181344703,0,0.00132700017,0,0,0.00133418219,0.000765099855,0.000513125266,0,0,0,0,0,0.000656306847,0.000976883456,0,0.00211087438,0.000112300018,0,0,0,0.00182413681,0.00113866734,0.000827067749,0.00158618957,0.000329966657,0,0.00738590258,0.0228984266,0.0724470362,24.807482,25.4377592,25.4619576,24.9283569,23.4790355,24.0660011,24.1925125,23.3653244,25.3259374,22.3937006,22.0707811,20.0956244,19.0387365,17.9140141,17.423186,18.1795873,17.4176523,17.4504953,16.696605,16.9886244,16.8076491,17.2990739,16.45503,16.9974843,15.8699857,15.6627951,15.438076,14.6543658,13.82977,12.0738687,9.17206766,6.3922719
evaluation/blue-nile-hats_03/i24_cbr_5ms_192k/master.wav,evaluation/blue-nile-hats_03/i24_cbr_5ms_192k/rust.wav,4.71271556,0.997523474,0.999571552,0.999723822,0.999299841,0.999537612,0.99950451,0.999328206,0.999498098,0.999747928,0.999604303,0.99920085,0.998960078,0.998893006,0.99854537,0.997942667,0.997911727,0.998095971,0.997916495,0.996742379,0.995984393,0.996435371,0.997094407,0.997447228,0.997508745,0.998492604,0.998664011,0.998668074,0.999368086,0.999061946,0.998273596,0.985378274,0.957430835,0.992294596,0.998447166,0.999278169,0.998113578,0.998741052,0.999076188,0.99824994,0.998770159,0.999493905,0.999056016,0.997273004,0.995178049,0.99750784,0.997635732,0.996157452,0.994901515,0.997061191,0.996384465,0.991938287,0.990567251,0.9914081,0.992670461,0.99382627,0.993461886,0.996150388,0.995625279,0.991894431,0.998348179,0.996119866,0.987110351,0.965195723,0.89197955,0.0109842064,0.00228539656,0.00059610739,0,0.00193850128,0.00148967834,0,0.00196124446,0.00139607298,0.00206347113,0.00330052877,0.00232992358,0.00263427696,0.00281729819,0.00145544109,0.00349897298,0.00385000738,0.00465840575,0.00822397956,0.00760234661,0.00508636826,0.0022368005,0,0.00526106483,0.00312154679,0.0023441099,0.00615649645,0,0,0.0125181502,0.0220696084,0.0649656803,24.7298786,25.3980646,25.4259639,24.9310011,23.5063763,24.0966963,24.2055484,23.4178729,25.3431355,22.4109042,22.0837176,20.1025967,19.083608,17.9561406,17.4596239,18.2636488,17.4868759,17.5227223,16.7466657,17.0470956,16.8957904,17.3702384,16.5375381,17.0603887,15.9431693,15.7473162,15.5349311,14.7593954,13.944892,12.2123127,9.26032036,6.45788225
evaluation/blue-nile-hats_03/i24_cbr_5ms_192k/master.wav,evaluation/blue-nile-hats_03/i24_cbr_5ms_192k/c.wav,4.71268389,0.998670967,0.999623552,0.999667932,0.999286964,0.999506922,0.999432251,0.999229845,0.999264581,0.999576599,0.999682711,0.999179472,0.999268124,0.999056287,0.998607577,0.998133808,0.997994209,0.997716359,0.998125729,0.997411639,0.99606446,0.996165501,0.997122029,0.997485856,0.997807577,0.998478472,0.998669813,0.999058358,0.999443716,0.999194659,0.998621999,0.984338735,0.956586132,0.994901513,0.998962473,0.999189382,0.998082333,0.998624667,0.998657895,0.998326444,0.99826303,0.999053512,0.999356283,0.99698687,0.998206028,0.997410311,0.997429581,0.996764658,0.996068826,0.995704869,0.995996342,0.994885624,0.990711079,0.989457323,0.993416486,0.993696086,0.994492656,0.996517521,0.996583146,0.994711243,0.998649165,0.996519095,0.990773027,0.962849118,0.877096784,0.00412709805,0.00182572046,0.000979980389,0.00179685842,0.00208224751,0.00117702099,0.00140392965,0.00285709131,0.00217588669,0.00151644492,0.00188923852,0,0.00179189507,0.00363574051,0.00342738761,0.00465373061,0.00567263524,0.00427582637,0.00542213544,0.00797022979,0.0082585324,0.0037694137,0.00325747813,0.00471667077,0.00356869005,0.00317979019,0.00454009165,0,0.000910798051,0.0103219013,0.0242607504,0.072413598,24.8727789,25.546956,25.4923435,24.9560954,23.4665739,24.0904576,24.2132222,23.361543,25.3502777,22.4213006,22.1213588,20.1694422,19.092489,17.969183,17.4642546,18.2106026,17.4362271,17.4575191,16.7322696,17.0057164,16.8508841,17.3333507,16.4785965,17.0168383,15.8839942,15.665625,15.4626285,14.6836716,13.8578053,12.1042984,9.18819314,6.40666137
evaluation/blue-nile-hats_03/i24_cbr_5ms_256k/master.wav,evaluation/blue-nile-hats_03/i24_cbr_5ms_256k/rust.wav,4.71556527,0.999221306,0.999765988,0.999831578,0.999707111,0.999773315,0.999748643,0.999682377,0.999727762,0.999869716,0.999875023,0.999732736,0.999697385,0.999642285,0.999571378,0.999370094,0.99908384,0.999135676,0.998895677,0.998694291,0.998506442,0.998782498,0.998893793,0.999054101,0.99911843,0.999542559,0.999551432,0.99955921,0.999761126,0.99975953,0.999783647,0.985812014,0.956882211,0.997234614,0.999138072,0.999585724,0.999341111,0.999451912,0.999352962,0.999184778,0.999341976,0.99972831,0.999792581,0.999129159,0.998932575,0.999159129,0.999226134,0.998320155,0.997851327,0.99843871,0.997844932,0.997078453,0.997286396,0.99782126,0.997953996,0.998095764,0.9967981,0.998862852,0.998594419,0.997305183,0.999334716,0.999166798,0.999145919,0.964404461,0.878318223,0.00169734932,0.0011713965,0,0.000308364926,0.00107836445,0,0,0.0017904035,0.00117553201,0.000895421641,0.00121951603,0,0,0.00183519661,0.00238718533,0.0025252547,0.00153504334,0.00268229753,0.0036127318,0.00353677031,0.00140047357,0,0,0.00191051762,0,0.00127762055,0.00302037933,0,0,0,0.0227733648,0.0751408819,24.776708,25.4402532,25.461696,24.9321019,23.4794929,24.0680757,24.1931912,23.3647448,25.3244798,22.3958334,22.0706354,20.1022574,19.0428055,17.9180606,17.4285093,18.180915,17.4218547,17.4556266,16.700184,16.9879738,16.8135661,17.3123886,16.4570075,17.0019612,15.8710936,15.6712255,15.4469998,14.6563231,13.8392022,12.077732,9.17171576,6.38900612
evaluation/blue-nile-hats_03/i24_cbr_5ms_256k/master.wav,evaluation/blue-nile-hats_03/i24_cbr_5ms_256k/c.wav,4.71554862,0.998679097,0.999785047,0.999847578,0.999705438,0.999734082,0.999716672,0.999657621,0.999659721,0.999824527,0.999847716,0.999546832,0.999747096,0.999692436,0.999590571,0.999389446,0.99887629,0.999085364,0.999114119,0.998963881,0.998632669,0.998886957,0.999113442,0.999210306,0.999199378,0.999511487,0.99950922,0.999594914,0.999787666,0.999732052,0.999522163,0.985712832,0.957546377,0.99144687,0.999207662,0.999660345,0.999368689,0.998920905,0.999394539,0.999262499,0.999163355,0.999493229,0.999698251,0.996990112,0.999353393,0.999359322,0.999179395,0.998367854,0.995490892,0.998116982,0.998197534,0.997898945,0.997052906,0.997387231,0.998308574,0.997598773,0.997341033,0.998468651,0.998489409,0.997892972,0.999447227,0.998725852,0.996474055,0.964950508,0.881280841,0.0089123124,0.00126718629,0.000478563162,0,0.00158066527,0.000849800944,0.000954251834,0.0020865155,0.00153368765,0.00119033217,0.00425020539,0,0.000558942075,0.00117187583,0.00212023692,0.00521599074,0.00248659467,0.00123068708,0.00198120874,0.00127301007,0,0,0,0.00124749412,0.00146053231,0.00133148572,0.0023262724,0,0,0.00151719457,0.0229181654,0.0715886576,24.8015478,25.4362585,25.4618313,24.9347896,23.4811749,24.0637781,24.1944283,23.3645705,25.3214809,22.3954456,22.0752165,20.1001833,19.0367818,17.9147581,17.4222964,18.1849175,17.4171384,17.4583545,16.7044867,16.9848505,16.8110708,17.2990228,16.4589832,17.0028748,15.8784211,15.6602978,15.4432348,14.6575262,13.8319924,12.0761931,9.16944281,6.38435208
evaluation/blue-nile-hats_03/i24_cbr_5ms_320k/master.wav,evaluation/blue-nile-hats_03/i24_cbr_5ms_320k/rust.wav,4.71624349,0.999406363,0.999832973,0.999893669,0.999792905,0.999857063,0.999832146,0.999811824,0.99986353,0.999936849,0.999944243,0.999874901,0.999900453,0.999907976,0.999874271,0.999783935,0.999751682,0.999696434,0.999695417,0.999548358,0.999380087,0.999459912,0.999640273,0.99968008,0.999668865,0.999786921,0.999775969,0.999821616,0.999880175,0.999873995,0.999853414,0.985819759,0.957122608,0.997317966,0.999233323,0.999730308,0.999219043,0.999566479,0.999638796,0.999482513,0.999590929,0.999871519,0.999881031,0.999508318,0.99959844,0.999758821,0.999742604,0.99955496,0.9995549,0.999319305,0.999245181,0.998932683,0.998575813,0.998872082,0.999349113,0.999270679,0.998596576,0.999347314,0.999357425,0.999114047,0.999713539,0.999743879,0.999137177,0.96376001,0.87480042,0,0.00129724214,0.000627587286,0,0.000937163396,6.43837262e-05,0,0.0010734127,0.000736444657,0.000474270423,0.000776689403,0,0,0.000213749033,0,0.00107344002,0.000848516873,0.000516489602,0.00242367818,0.00165469523,0.00141259293,0,0,0.000725109871,0,0,0.000816885583,0.000315493494,0,0,0.0232154209,0.0752285038,24.7914624,25.4403953,25.4614335,24.9292295,23.4818184,24.0683584,24.1912175,23.3593257,25.3246485,22.3925437,22.068792,20.0974968,19.0401157,17.9136628,17.4248523,18.1769946,17.4120013,17.4471083,16.6975272,16.9879967,16.8098954,17.3000256,16.4525887,16.9941872,15.867395,15.6648949,15.4389535,14.6531973,13.824478,12.0733942,9.17860052,6.38945743
evaluation/blue-nile-hats_03/i24_cbr_5ms_320k/master.wav,evaluation/blue-nile-hats_03/i24_cbr_5ms_320k/c.wav,4.71635947,0.999045608,0.999842474,0.999872614,0.999735408,0.999831235,0.999845173,0.999833744,0.999848279,0.999936432,0.999929155,0.999879432,0.999902454,0.999911694,0.999876254,0.999799375,0.999746258,0.999738216,0.999721006,0.999590458,0.99948035,0.999456194,0.999693187,0.999759686,0.999731892,0.99981066,0.999802421,0.99976038,0.999869799,0.999850039,0.999738317,0.986021416,0.957671816,0.995714406,0.999539809,0.999582044,0.999123331,0.999478733,0.99965035,0.999501757,0.999595114,0.999890195,0.999860043,0.999578366,0.99961648,0.999798728,0.999754544,0.999529667,0.999399976,0.999366333,0.999232274,0.998820405,0.998894615,0.998477556,0.999308845,0.999350662,0.999092785,0.999521734,0.999501558,0.998491881,0.999764041,0.999614771,0.9980715,0.964915217,0.878180877,0.00248279589,0.000841807141,0,0,0.00119779644,0.000546161037,0.000974177748,0.00136419099,0.000833854191,0.000766229837,0.000927488735,0,0,0.000229097899,0,0.000839996967,0.00114349365,0.00115663879,0.00156285874,0.000763626265,0,0,0,0,0,0.000516657608,0.00177927146,0,0,0,0.0227121363,0.072451296,24.7966645,25.438758,25.4628534,24.9268582,23.4754335,24.0685107,24.1905971,23.3608295,25.3234919,22.3942526,22.0683144,20.095491,19.0384842,17.9123124,17.4271068,18.1805979,17.4199558,17.4505797,16.6939081,16.9864897,16.8081277,17.2963384,16.4542174,16.9978966,15.8669377,15.6633668,15.434628,14.6529395,13.8311688,12.0749296,9.17110359,6.39080964
evaluation/blue-nile-hats_03/i24_vbr_5ms_192k/master.wav,evaluation/blue-nile-hats_03/i24_vbr_5ms_192k/rust.wav,4.71246435,0.997910315,0.999608339,0.999706089,0.999258758,0.999528442,0.999478847,0.999341066,0.999344201,0.999691005,0.999662873,0.99929396,0.999189469,0.998926963,0.998503072,0.998110091,0.998089688,0.997129951,0.997611073,0.997136869,0.996138548,0.996706173,0.997404133,0.997204266,0.997376975,0.998342368,0.998672477,0.999046792,0.999414549,0.999207454,0.999077225,0.984745779,0.954879102,0.989816955,0.998772713,0.999539201,0.997179503,0.998831575,0.998803349,0.998129163,0.998561538,0.999409795,0.99944152,0.997551893,0.996839376,0.99764684,0.995262724,0.995969764,0.9954607,0.989969296,0.995977875,0.9957171,0.989851872,0.991320064,0.993352195,0.99229661,0.993723937,0.995869452,0.995282048,0.995576987,0.998583947,0.997604962,0.996576285,0.964296502,0.886579571,0.00878553533,0.00193740324,0,0,0.00169889529,0.000960576134,0,0.00280985813,0.00174058708,0.00162671726,0.00139491419,0,0.00217770662,0.00428127523,0.00233643158,0.0040983957,0.013556367,0.00558884744,0.00524487986,0.00554141039,0.00509915436,0,0,0.00538076568,0.0029941105,0.00288367998,0.00400582514,0,0,0,0.0227854511,0.0695722636,24.8585862,25.5340573,25.4807726,24.9577413,23.4821002,24.1689488,24.1913056,23.3427023,25.335384,22.4028237,22.0933859,20.1523444,19.0887899,17.9710091,17.4524862,18.1934282,17.4242967,17.4555953,16.7095769,16.9886443,16.8265792,17.3103804,16.4690879,17.0193594,15.8710733,15.6593688,15.4524536,14.6760804,13.8492785,12.0904928,9.17557404,6.38511713
evaluation/blue-nile-hats_03/i24_vbr_5ms_192k/master.wav,evaluation/blue-nile-hats_03/i24_vbr_5ms_192k/c.wav,4.71274236,0.99876,0.999585805,0.999672975,0.999361008,0.999474387,0.99935946,0.99913657,0.999245862,0.999625316,0.999612467,0.999251528,0.999260399,0.999153424,0.998456581,0.998028062,0.997688062,0.998024233,0.998013609,0.997226912,0.995715727,0.995176794,0.996789107,0.997359449,0.997247228,0.998385203,0.99863636,0.999077877,0.999413652,0.999306826,0.998748346,0.9844788,0.956632042,0.994879224,0.998388888,0.999189691,0.998401971,0.998849417,0.998797805,0.997110211,0.998570983,0.999051538,0.999290129,0.997873759,0.997398135,0.997628278,0.996233303,0.996575839,0.993880097,0.996296469,0.995628616,0.994433536,0.988911978,0.981639812,0.994200025,0.994885996,0.989428347,0.995615726,0.99612707,0.996745803,0.998868069,0.997394545,0.992016828,0.964068087,0.882943436,0.00198515167,0.00189545177,0.000752103198,0.00170557102,0.00203333221,0.00152573135,0.00245571071,0.00284303661,0.00205573966,0.00189218145,0.00247567694,0,0.00124484009,0.00377685039,0.00397713055,0.00761553326,0.00421476679,0.00407247962,0.00540178137,0.0104163916,0.0173721727,0.00509703877,0.0042181139,0.0107539215,0.00282068487,0.00236592978,0.00223456451,0,0,0.0061448635,0.0244884999,0.0711568849,24.8497196,25.5251609,25.4910665,24.965311,23.4887235,24.1084536,24.1926204,23.3398265,25.3371356,22.4126619,22.0842043,20.1540552,19.0828939,17.9472571,17.4579404,18.2060931,17.4554954,17.4833218,16.7275105,17.0055544,16.8395626,17.3148077,16.4810203,17.0114159,15.8916126,15.6901102,15.4687607,14.6796866,13.8600576,12.1030421,9.19563905,6.41514377
evaluation/blue-nile-hats_03/i24_vbr_5ms_256k/master.wav,evaluation/blue-nile-hats_03/i24_vbr_5ms_256k/rust.wav,4.71561765,0.999020141,0.999754244,0.999824931,0.999651572,0.999745345,0.999689532,0.999617261,0.999687349,0.999853825,0.999863816,0.999687845,0.999746706,0.999617353,0.999452891,0.999297617,0.999244109,0.999091972,0.99897636,0.99864112,0.998669725,0.998732779,0.998946151,0.999038483,0.999197502,0.999509999,0.999561592,0.999600578,0.999707091,0.999776409,0.999805142,0.985790813,0.957170513,0.99625108,0.998942863,0.999666596,0.998975508,0.999243124,0.99918258,0.998863143,0.999015667,0.999661262,0.99972232,0.99871692,0.999143335,0.998941526,0.99787731,0.998781797,0.998269544,0.997947452,0.997957916,0.996889662,0.997242596,0.996901456,0.997921838,0.997784758,0.998137357,0.998634279,0.998784472,0.998161447,0.999069491,0.999429459,0.999276594,0.964163961,0.878934589,0.00251221651,0.0014773582,8.33690581e-06,0.000905286031,0.00132324831,0.000649670778,0.00165612204,0.0019646458,0.001077826,0.000635783062,0.00163103452,0,0,0.00142697468,0.000992209009,0.00243114047,0.00300455918,0.00294467911,0.00320520844,0.00132303495,0,0,0.000604542772,0,0,0,0.00185312514,0,0,0,0.0229929299,0.0759652517,24.7991834,25.4447391,25.4525214,24.9173925,23.4603246,24.1235754,24.1873713,23.3606924,25.3135188,22.3835847,22.0829793,20.0961174,19.0528337,17.9423892,17.4169738,18.1708091,17.3949237,17.4376316,16.6822656,16.9600427,16.7909609,17.2957785,16.4336204,17.0071714,15.8569825,15.6446246,15.4332261,14.6542807,13.8284654,12.0568555,9.14889757,6.37096037
evaluation/blue-nile-hats_03/i24_vbr_5ms_256k/master.wav,evaluation/blue-nile-hats_03/i24_vbr_5ms_256k/c.wav,4.71541506,0.998706179,0.999827379,0.999860328,0.99970099,0.999689279,0.999754433,0.999643598,0.999602047,0.999841993,0.999827242,0.999633088,0.99978945,0.99968964,0.999564012,0.99923348,0.999127939,0.999051686,0.999046546,0.998728243,0.998492945,0.998462521,0.998910476,0.999288629,0.999268205,0.999548395,0.999558894,0.999553894,0.999733049,0.999572851,0.999185105,0.985836689,0.957850415,0.99304969,0.999491133,0.999618306,0.999396838,0.998973603,0.99948934,0.998808117,0.99888176,0.999681925,0.999649877,0.998091738,0.999326703,0.999308677,0.999220219,0.998473936,0.997690267,0.997882594,0.997997873,0.997449946,0.997167592,0.996255203,0.997574579,0.998398833,0.998094507,0.998870496,0.998687203,0.99727437,0.999353822,0.997102692,0.992071871,0.964698575,0.880829817,0.007357218,0.00103909786,0,0,0.00182114586,0.000642256177,0.00139578402,0.0025315697,0.00130529934,0.00125841938,0.00272111956,0,0.000953813022,0.00124778395,0,0.00275947299,0.00277607992,0.00236211736,0.00230612704,0.00244738342,0,0,0,0.00246467343,0.000970062162,0.00101675142,0.00265957003,0,0,0.00624747184,0.0230460781,0.0735035102,24.7899022,25.4389449,25.4687293,24.9381469,23.4830042,24.0665894,24.1934804,23.3597227,25.3229873,22.3972087,22.0740708,20.0980744,19.036545,17.9159455,17.4327539,18.1958466,17.4179682,17.4599224,16.7027157,16.9870476,16.8165539,17.3112679,16.4652116,17.0029281,15.8789336,15.6669203,15.4497124,14.6662809,13.8351012,12.0812109,9.17296857,6.39106803
evaluation/blue-nile-hats_03/i24_vbr_5ms_320k/master.wav,evaluation/blue-nile-hats_03/i24_vbr_5ms_320k/rust.wav,4.71629945,0.999426872,0.999835406,0.999879984,0.999790579,0.999876277,0.999851498,0.999808724,0.999834738,0.999933654,0.999939985,0.999752264,0.999874511,0.999898521,0.999843756,0.999766156,0.999668078,0.999709751,0.999722118,0.999584557,0.999546495,0.999544563,0.999634646,0.999657624,0.999676901,0.999791296,0.999818538,0.999871531,0.99987994,0.999875165,0.999849708,0.985797942,0.957249296,0.997857241,0.99926327,0.999585867,0.999341282,0.999611245,0.999679027,0.999288001,0.999479467,0.999845589,0.999867855,0.998701118,0.999417756,0.999760605,0.999473548,0.999531442,0.999117469,0.999476633,0.999255029,0.998902791,0.999149488,0.998868356,0.998889347,0.999264969,0.998909573,0.999344801,0.999500873,0.999518481,0.999677962,0.999702604,0.999145197,0.963760117,0.876602332,0.000644309192,0.0011899682,0.000353015561,0,0.000264400957,0,0,0.00147782363,0.000879886844,0.000535868559,0.00198847999,0,0,0,0,0.001664383,0.000644044727,0.000966224263,0.00174921506,0.00066885905,0,0,0,0.00105401888,0.000380400114,0.000420330642,0.000611663234,0,0,0,0.0230316519,0.0749879356,24.7934533,25.4360703,25.4611723,24.931704,23.48326,24.0666926,24.1869962,23.3567037,25.3216709,22.3921737,22.0703299,20.0979002,19.0407152,17.9140753,17.425847,18.1819013,17.4135079,17.4486783,16.6950024,16.9886318,16.8112699,17.3044335,16.4554676,16.9970073,15.8657149,15.6633032,15.4389904,14.656083,13.8311877,12.0759962,9.17635302,6.38737879
evaluation/blue-nile-hats_03/i24_vbr_5ms_320k/master.wav,evaluation/blue-nile-hats_03/i24_vbr_5ms_320k/c.wav,4.71645818,0.999260183,0.99980891,0.999884101,0.999785327,0.999828345,0.999817195,0.999803199,0.999852024,0.999935727,0.999937722,0.999863495,0.999908584,0.99991041,0.999857375,0.999780312,0.999691506,0.99968972,0.999670536,0.999551347,0.999531268,0.999503189,0.999658826,0.999712122,0.999702933,0.999797451,0.999782696,0.999768442,0.999885126,0.999866098,0.999846063,0.98598874,0.957896362,0.9965086,0.999329154,0.999752193,0.999489791,0.999458851,0.999634317,0.999493252,0.999622358,0.999863112,0.999873557,0.999588617,0.999698318,0.999795966,0.999635554,0.999554214,0.999386941,0.999347502,0.999353941,0.998937855,0.999086215,0.998744061,0.999088643,0.999299388,0.998733228,0.999163321,0.999048108,0.998441775,0.99979304,0.999642736,0.999210911,0.96517487,0.880922576,0.00107983944,0,0,0,0.00119266288,0,0,0.00119402758,0.000763432912,0.000571672495,0.000923577334,0,0,0.00044158028,0.000961111533,0.00096212194,0.00102889741,0.00112001509,0.00206616329,0.00123600851,0,0,0,0.00103931742,0.000868101269,0.00105208401,0.00177318671,0,0,0,0.0226238897,0.072860932,24.8081651,25.4393729,25.4618735,24.9248137,23.48146,24.0662696,24.1926081,23.3635004,25.3246921,22.3928002,22.0703109,20.095141,19.0388294,17.9144426,17.4233983,18.1807929,17.4201588,17.4511112,16.6959908,16.9864537,16.8077792,17.2985026,16.4549843,16.9976077,15.86839,15.6627047,15.4381892,14.6546983,13.8301666,12.0738667,9.17181717,6.39101233
evaluation/blue-nile-hats_04/i16_cbr_5ms_192k/master.wav,evaluation/blue-nile-hats_04/i16_cbr_5ms_192k/rust.wav,4.72433722,0.999622408,0.999902418,0.99989835,0.999818455,0.999567031,0.999803703,0.999615996,0.999611201,0.999689397,0.999620763,0.999533657,0.999423282,0.999196379,0.998885664,0.998086785,0.997226398,0.998377624,0.998328003,0.994122003,0.984033195,0.996436851,0.99609062,0.997743417,0.998062024,0.996482592,0.998408729,0.998888015,0.999594184,0.999603841,0.99825315,0.994416141,0.992761973,0.99857518,0.999535347,0.999772388,0.999427092,0.998508642,0.999433809,0.998820229,0.999061651,0.999219459,0.998698173,0.998954004,0.998573128,0.998049966,0.997789,0.99630758,0.994013933,0.996475309,0.997290998,0.988297981,0.964437208,0.989055841,0.965514114,0.987344099,0.988891366,0.979749198,0.99369698,0.994211302,0.998166103,0.99869847,0.988262981,0.975387679,0.948387254,0,0.000817090179,0.000906343058,0,0.00161201347,0,0.00164020049,0,0,0,0.000662270782,0,0,0,0.00234576504,0.00398024792,0.00378056498,0.00366982419,0.00978199618,0.0386831166,0.0160104977,0.0294174411,0.0120732488,0.00520411135,0.0194853812,0,0.00255355061,0,0,0.0067843503,0.0239580842,0.0320222067,19.4049385,22.9130658,21.9749124,20.0718398,20.6932512,19.5043406,16.5556147,17.5607244,14.998034,15.3608476,13.4392611,14.2688963,11.9018154,11.2119442,9.19655757,8.08210517,6.80349697,4.43898316,2.36124527,2.27901002,2.59481342,2.02755793,2.0731167,1.47418451,1.89786453,1.91262974,2.21435381,2.4273636,1.61486718,1.20294293,0.613138548,0.399465597
evaluation/blue-nile-hats_04/i16_cbr_5ms_192k/master.wav,evaluation/blue-nile-hats_04/i16_cbr_5ms_192k/c.wav,4.72487316,0.999473971,0.999885283,0.999895462,0.999831759,0.999657637,0.999791967,0.999636434,0.999468417,0.999680595,0.999649699,0.999497451,0.999476741,0.999218491,0.99843522,0.997247763,0.997527502,0.998602399,0.99848425,0.993032408,0.976935075,0.995812138,0.994735242,0.996241739,0.997765812,0.997415588,0.998162598,0.998530151,0.999616669,0.999514393,0.99852152,0.9953834,0.993666519,0.996548403,0.999569837,0.99977613,0.999537237,0.999081471,0.999244436,0.998487201,0.998170492,0.999322706,0.99933751,0.999202911,0.99893816,0.998171304,0.991171139,0.991994673,0.995987574,0.997388633,0.997230166,0.981655449,0.911644781,0.974548487,0.961077278,0.977678561,0.986921543,0.990947384,0.988576906,0.993347231,0.998043816,0.997671509,0.991777902,0.9753343,0.952310286,0.00229156267,0.000802647822,0.000708779385,0,0.00144428487,0,0.00188715012,0.00202159587,0,0,0,0,0,0.00651049477,0.00814467047,0.00224445263,0.00290957559,0.00314864109,0.0172833325,0.080948702,0.0326178812,0.0348566216,0.0226609215,0.00592153447,0.00503739614,0.00276843147,0.0066726986,0,0,0.00345933535,0.0228035683,0.0336622412,19.4106905,22.8943242,21.957566,20.0621602,20.6870118,19.4954751,16.5057488,17.5453634,14.9895144,15.3391331,13.4441914,14.2397623,11.8909187,11.2034683,9.19025425,8.11037906,6.79863489,4.42901908,2.36810666,2.27841833,2.58266112,2.03098935,2.0720841,1.47184692,1.90000453,1.90403127,2.20405987,2.40277714,1.61048646,1.20599313,0.612933405,0.405034143
evaluation/blue-nile-hats_04/i16_cbr_5ms_256k/master.wav,evaluation/blue-nile-hats_04/i16_cbr_5ms_256k/rust.wav,4.7282137,0.99967131,0.999930783,0.999935766,0.999894685,0.999736539,0.999885623,0.999816954,0.999754887,0.999812042,0.999804604,0.999737557,0.999614371,0.999585987,0.999627821,0.999220537,0.998871881,0.999340872,0.999201404,0.998057388,0.992195347,0.998733904,0.997925059,0.998416817,0.998628541,0.99862031,0.999506632,0.999802318,0.999761318,0.99971743,0.999557722,0.997507613,0.993855933,0.998063219,0.999768313,0.999853623,0.999675993,0.999206518,0.99954424,0.999503826,0.999216092,0.99957071,0.999470589,0.999466589,0.999247082,0.99877359,0.999171145,0.998061045,0.997756916,0.998942974,0.998710598,0.996299774,0.970823132,0.994448631,0.980611618,0.990201513,0.989348574,0.990810544,0.998099773,0.999310468,0.998516052,0.997690219,0.997442829,0.978323153,0.957043544,0.00121998303,0.000715299272,0.000572355591,0,0.000886124883,0,0.000698802125,0.00101795029,0.000199741241,0.000352082334,0.000733264611,0,0.000181306559,0,0.00219517892,0,0.00138079122,0.00172219413,0.00423559898,0.0288765215,0.00773092234,0.0180951817,0.010694569,0.00725358365,0.00767091523,0,0,0,0,0.00141070031,0.0161759012,0.0296811296,19.3804881,22.9127938,21.9477327,20.0416387,20.696301,19.5090871,16.492681,17.532871,14.989678,15.3388854,13.4391147,14.2279695,11.8844597,11.2031551,9.17498467,8.09028841,6.80189751,4.42761976,2.35596666,2.266897,2.57528085,2.02351402,2.06384258,1.46356387,1.88994882,1.89598513,2.1964314,2.39692416,1.60356151,1.1972134,0.610204478,0.403636711
evaluation/blue-nile-hats_04/i16_cbr_5ms_256k/master.wav,evaluation/blue-nile-hats_04/i16_cbr_5ms_256k/c.wav,4.72786088,0.999802653,0.999929766,0.999944737,0.999920541,0.999716649,0.999856941,0.999819575,0.999739316,0.999832696,0.999791757,0.999751664,0.999677219,0.999618119,0.999692993,0.999279293,0.99904132,0.99939351,0.999201448,0.997409003,0.991478806,0.998209603,0.9984293,0.998058827,0.999472077,0.999017375,0.999322166,0.999517635,0.999790188,0.999815694,0.999588937,0.997221185,0.992487825,0.999265239,0.999699978,0.999863073,0.99982343,0.998818923,0.999542826,0.999361121,0.99915871,0.999656282,0.99938,0.999386444,0.999321704,0.999183438,0.999503105,0.997919971,0.997485124,0.999072586,0.998702626,0.995518585,0.972006739,0.98511313,0.985808179,0.980494075,0.997102359,0.994183858,0.995975484,0.997115693,0.999386119,0.999573348,0.996714316,0.976531853,0.952987713,0,0.000691639342,0.000588712147,0,0.00168896121,0,0.000807995231,0.00126483335,0.000544244678,0,0.000199476957,0,0,0,0,0.00141721214,0.00141267326,0.00234526179,0.00591239374,0.0268903586,0.0202849509,0.0132788967,0.0207798567,0.00227968271,0.00524147554,0,0,0,0,0.00269183515,0.0179983224,0.0377879541,19.3653762,22.9112986,21.9625667,20.0450602,20.7209653,19.5404379,16.5670126,17.5503313,15.001172,15.4054731,13.4819431,14.291467,11.9596675,11.2901467,9.26376298,8.1907947,6.89321948,4.53430148,2.4788559,2.3281019,2.59957337,2.05308334,2.07941651,1.46493396,1.89185566,1.89986093,2.19871843,2.40254252,1.60567862,1.1976636,0.610344103,0.402606831
evaluation/blue-nile-hats_04/i16_cbr_5ms_320k/master.wav,evaluation/blue-nile-hats_04/i16_cbr_5ms_320k/rust.wav,4.72829527,0.999837246,0.999955426,0.999967907,0.999939155,0.999855839,0.999933225,0.99991076,0.999849855,0.999885541,0.999868223,0.999857876,0.999890263,0.999887367,0.999857991,0.999699817,0.999551867,0.999710745,0.999725584,0.999097757,0.996634076,0.99888271,0.999420407,0.999508828,0.999617858,0.999571204,0.998421021,0.999742432,0.999806262,0.999740969,0.999728904,0.997714455,0.993000242,0.99905275,0.999797609,0.999932679,0.999788637,0.999517969,0.999734526,0.999690892,0.999553331,0.999723707,0.999575379,0.999622496,0.999817749,0.999739391,0.999575991,0.999294338,0.999223037,0.999462883,0.999480504,0.998192331,0.99228498,0.991936303,0.996822831,0.998301608,0.997365577,0.997579883,0.983463786,0.998533093,0.998636257,0.997874635,0.998705726,0.978306144,0.956712849,0.000922164165,0.000600822841,0.000374527423,0,0.000918765345,0,0.000644287959,0.00104409641,0,0,0,0.000236704255,0,0,0,0,0.00161817439,0.00173809668,0.00357317218,0.0123733019,0.0106982966,0.00329545753,0,0,0,0.0194073563,0,0,0,0,0.016063422,0.0350316806,19.3623719,22.9607495,21.966773,20.0537686,20.6939921,19.5254456,16.5067093,17.525482,14.9952705,15.3395912,13.412673,14.2483334,11.8791018,11.195709,9.16936007,8.06251348,6.76137593,4.39084321,2.33091535,2.24758484,2.54095745,2.00231266,2.05966428,1.46055536,1.87909763,1.88206453,2.18418154,2.39685993,1.59091418,1.18549256,0.609993403,0.399176608
evaluation/blue-nile-hats_04/i16_cbr_5ms_320k/master.wav,evaluation/blue-nile-hats_04/i16_cbr_5ms_320k/c.wav,4.72838459,0.999860948,0.99995816,0.999964651,0.999952819,0.999845487,0.99992991,0.999884262,0.999826506,0.999902645,0.999903674,0.999880928,0.999869994,0.99987826,0.999881487,0.999653723,0.999554912,0.999759265,0.99973844,0.999069945,0.995796868,0.998810256,0.998416014,0.99861648,0.999591079,0.999587825,0.999602009,0.999856284,0.999659652,0.999558146,0.999794622,0.997510762,0.992421963,0.999466528,0.999829721,0.999889777,0.999908578,0.999530715,0.999829327,0.999642995,0.999377211,0.999791622,0.999777347,0.999691906,0.999538186,0.999731901,0.999691636,0.999253789,0.999303414,0.999566081,0.999560224,0.997983394,0.98269522,0.991003602,0.9852217,0.988501647,0.997766825,0.998372697,0.997910156,0.999492649,0.996785081,0.995578993,0.999236494,0.976618515,0.952858987,0,0.000550565352,0.000538501245,0.000262070019,0.00115353228,0,0.00037626685,0.000219132848,0,0,0.000405838667,0,0,0,0.000366640984,0,0.00134110333,0.0013946499,0.00310684556,0.0196517495,0.0106616175,0.0123622628,0.0122029879,0,0,0,0,0,0.00473881156,0,0.017678016,0.0374810217,19.3806401,22.9148259,21.9514257,20.0437758,20.6981677,19.5130108,16.49984,17.5391182,14.99468,15.3417982,13.439481,14.2306641,11.8873466,11.2002063,9.17933716,8.0912939,6.79052943,4.41408766,2.34571098,2.26429095,2.57351305,2.02143634,2.06415248,1.46368786,1.88872603,1.89525069,2.19530101,2.39849904,1.60304713,1.19575929,0.610289248,0.402403954
evaluation/blue-nile-hats_04/i16_vbr_5ms_192k/master.wav,evaluation/blue-nile-hats_04/i16_vbr_5ms_192k/rust.wav,4.72465063,0.99966979,0.999899646,0.999901405,0.999825624,0.999604874,0.999808633,0.999729005,0.999651021,0.999672991,0.999567624,0.999497284,0.999401067,0.999064793,0.998512624,0.997432612,0.997043887,0.998409252,0.998351761,0.995283065,0.986004244,0.995825579,0.995677109,0.997125471,0.998257741,0.997695392,0.998552129,0.998729246,0.999583998,0.999536485,0.998261662,0.995115864,0.991741823,0.998903269,0.999599694,0.999779568,0.9996133,0.998694239,0.99941702,0.999290146,0.999153354,0.999232785,0.998332995,0.99895535,0.998643287,0.997966818,0.995173723,0.988671376,0.994821687,0.997046128,0.996544023,0.989063352,0.955920416,0.983045174,0.965284382,0.986631843,0.988270555,0.990093762,0.992255745,0.991586748,0.998798936,0.998303522,0.989393999,0.975524209,0.954748839,0.00131634744,0.000930939845,0.000915567585,0,0.00174336951,0,0.000906737757,0,0,0.000687473133,0,0,0.00174443319,0,0.0091512773,0.00236275732,0.00371354877,0.0037622747,0.00727517274,0.0423551783,0.0271744781,0.027397707,0.0139786974,0.00606989589,0.00534394195,0,0.00582109411,0,0,0.00628275018,0.0239234416,0.0324728232,19.3800586,22.8798396,21.9550588,20.0623003,20.6910003,19.49946,16.5422118,17.5503831,14.9806739,15.3496739,13.4382171,14.261279,11.8938373,11.2036884,9.18090207,8.0786318,6.80134726,4.42835279,2.36022966,2.27119451,2.59138625,2.02852214,2.0765908,1.46737313,1.897605,1.90935604,2.21587214,2.42885882,1.61801816,1.20312224,0.604332388,0.404631952
evaluation/blue-nile-hats_04/i16_vbr_5ms_192k/master.wav,evaluation/blue-nile-hats_04/i16_vbr_5ms_192k/c.wav,4.7254564,0.999522554,0.999890639,0.99989331,0.999847393,0.999615398,0.999797741,0.999647388,0.99953034,0.99967903,0.999632177,0.999497581,0.999376515,0.999136324,0.998510375,0.997414317,0.997396717,0.9984025,0.998306081,0.993758661,0.980369871,0.996960264,0.994610087,0.997251928,0.998999061,0.998306668,0.998256611,0.998583724,0.999427089,0.999255212,0.998922979,0.996320252,0.993047755,0.997588615,0.999690056,0.999742658,0.999612448,0.998669518,0.999104037,0.998874428,0.998651623,0.999239548,0.999010106,0.999072114,0.997866798,0.998132142,0.993449389,0.993188097,0.994744067,0.997730484,0.997223926,0.985137455,0.926523776,0.986126451,0.952983674,0.976595745,0.997431184,0.992075156,0.986092491,0.988472761,0.99602631,0.994430044,0.994530928,0.975420276,0.951057381,0.00148813653,0.00085196876,0.000579217001,0,0.00152120482,0,0.00123981715,0.00189689354,0.000891026723,0.000142266266,0,0,0,0.00367863114,0.00706793204,0.00342096559,0.00289874077,0.00339453042,0.0139106247,0.0630278722,0.0183968324,0.0339164649,0.021856265,0,0.0017510422,0.00839228585,0.0101887257,0,0.00518013617,0.00180932778,0.0198802285,0.0369952955,19.375399,22.9107065,21.9452382,20.0395317,20.6933315,19.5066201,16.488593,17.5379336,14.9893169,15.3416878,13.4402028,14.2221394,11.8886224,11.1895602,9.18636527,8.09634312,6.79765442,4.42446133,2.36572573,2.2761753,2.5778277,2.02792335,2.06637797,1.46845314,1.89640443,1.90348764,2.20252911,2.40374051,1.60896612,1.20540972,0.614052491,0.399693947
evaluation/blue-nile-hats_04/i16_vbr_5ms_256k/master.wav,evaluation/blue-nile-hats_04/i16_vbr_5ms_256k/rust.wav,4.72817339,0.999713488,0.999929803,0.999934295,0.999892829,0.999693694,0.999883316,0.999836678,0.999757075,0.999787475,0.99975965,0.99968936,0.99967061,0.999643529,0.999638487,0.999258385,0.998844929,0.999341551,0.999225397,0.997759976,0.992402312,0.99880701,0.99819625,0.998925687,0.99944277,0.999314367,0.999408354,0.999718199,0.999537534,0.99945065,0.999640777,0.997640753,0.993560588,0.998389684,0.999739326,0.999876957,0.999816301,0.998883907,0.999485949,0.999577178,0.999471434,0.999457576,0.999324273,0.999434117,0.999290707,0.999132845,0.999141562,0.997683724,0.996462375,0.998843014,0.998300641,0.994911865,0.970533352,0.994147843,0.983622363,0.992469156,0.996699437,0.995618213,0.997018979,0.999038646,0.996270055,0.994628387,0.99756174,0.978041915,0.956484656,0.0011585902,0.000653249845,0.000363942976,0,0.00159968344,0,0.000646501231,0,0,0,0.000695021976,0,0,0,0.00131101122,0.000958035125,0.0016694887,0.00264407531,0.00505586248,0.0318517931,0.007358664,0.014935073,0.00801909219,0,0,0,0,0,0.00578372082,0.00185133642,0.015964164,0.030412459,19.4066553,22.8916599,21.9579557,20.0622637,20.6865796,19.4952685,16.4957098,17.5366759,14.9825261,15.3404248,13.4431607,14.2437325,11.8882068,11.2054383,9.17779269,8.09052087,6.79594623,4.42572034,2.35602214,2.27048353,2.57638353,2.02275991,2.06600647,1.46668376,1.89282887,1.89845647,2.19613464,2.39935905,1.60443754,1.19966156,0.609968132,0.403045627
evaluation/blue-nile-hats_04/i16_vbr_5ms_256k/master.wav,evaluation/blue-nile-hats_04/i16_vbr_5ms_256k/c.wav,4.7277122,0.999744459,0.999934811,0.999950629,0.999913333,0.999685691,0.999880945,0.999838211,0.999757334,0.999844675,0.999807645,0.999724641,0.999654843,0.999624145,0.999685894,0.999193761,0.998893811,0.999320161,0.999216775,0.997858339,0.993490484,0.998633491,0.998311211,0.998785552,0.999529088,0.999020768,0.999354598,0.999617419,0.999603608,0.999499746,0.999494169,0.997077004,0.993057124,0.99870735,0.999708446,0.999887093,0.99978253,0.998089038,0.999633664,0.999534185,0.999124842,0.999652151,0.999513006,0.999244884,0.99938342,0.99905648,0.999150318,0.998021822,0.997075762,0.998679245,0.998651324,0.995646976,0.97721002,0.989775699,0.98606943,0.991502311,0.998318084,0.993883212,0.997391382,0.998038953,0.996506421,0.995276661,0.996783614,0.976703815,0.954103057,0,0.00072818089,0.000349534172,0.000349968083,0.00231475021,0,0,0,0,0,0,0,0.000737036038,0,0,0,0.00183103347,0.00249828609,0.00400841984,0.0203301822,0.0139594761,0.0124766006,0.00893744711,0,0.00597952038,0,0,0,0.00425965667,0.00127282292,0.0178500326,0.0344146291,19.3786338,22.9155984,21.9492274,20.0430599,20.6976016,19.5143067,16.5041906,17.542937,14.9939194,15.3412607,13.4388567,14.2300029,11.8909038,11.2031948,9.18224051,8.08813332,6.79039984,4.41850914,2.36117316,2.27055945,2.57572299,2.02381806,2.06781917,1.46822218,1.89286291,1.90229139,2.19880809,2.40055992,1.6043398,1.19969612,0.611306074,0.403678583
evaluation/blue-nile-hats_04/i16_vbr_5ms_320k/master.wav,evaluation/blue-nile-hats_04/i16_vbr_5ms_320k/rust.wav,4.72895826,0.999864144,0.999959118,0.999964406,0.999930238,0.999843287,0.999934888,0.999834581,0.999838229,0.999885056,0.999862272,0.999886167,0.999859027,0.999864551,0.999846981,0.999665818,0.999511594,0.999716455,0.999705557,0.999104023,0.996312747,0.999026161,0.998956305,0.999620084,0.99979955,0.999597487,0.999764108,0.999792241,0.999871917,0.999812275,0.99968019,0.997586686,0.993547494,0.999328357,0.9998289,0.999907662,0.999687862,0.999239398,0.999816985,0.998999201,0.99959312,0.999654804,0.99955924,0.999748213,0.999588835,0.999681318,0.999671096,0.999443613,0.999145773,0.999543904,0.999342712,0.997963827,0.978462107,0.993019939,0.991631916,0.998291113,0.999209753,0.997355773,0.998916265,0.998913373,0.999279362,0.998865856,0.998526833,0.9782859,0.956607094,0.000627288276,0.000550904777,0.000349240827,0,0.000983113536,0,0.00125306378,0.000600289795,0,0,0,0,0,0,0,0.000416057597,0.00134304258,0.00139013934,0.0029845111,0.0166713208,0.00926033903,0.00785479979,0,0,0.00208962627,0,0,0,0,0,0.0162622517,0.0313841081,19.3968176,22.9440292,21.9674134,20.0502914,20.702889,19.5150261,16.5073316,17.5428827,15.0047247,15.3514952,13.4389781,14.23403,11.8814076,11.2045621,9.18865158,8.07923808,6.78878241,4.41628935,2.35054206,2.26845245,2.57267688,2.02022675,2.06356524,1.46327624,1.88965569,1.89594431,2.19442717,2.39749483,1.60482474,1.19927793,0.610039619,0.404439445
evaluation/blue-nile-hats_04/i16_vbr_5ms_320k/master.wav,evaluation/blue-nile-hats_04/i16_vbr_5ms_320k/c.wav,4.72853912,0.999871462,0.999961483,0.999968331,0.999960692,0.999877178,0.999934717,0.999864699,0.999832716,0.999909763,0.999882309,0.999875861,0.999877197,0.999867063,0.999868325,0.999664174,0.999531111,0.999749123,0.999728818,0.99892525,0.995321954,0.99922909,0.999489043,0.998831308,0.999748928,0.999836207,0.999803727,0.999769156,0.999505931,0.999396339,0.999864575,0.997691893,0.99280299,0.999606536,0.999858053,0.999934697,0.999924356,0.999610135,0.999815599,0.999442059,0.999504021,0.999776512,0.999685724,0.999673885,0.99968433,0.99957972,0.999705388,0.99912195,0.99898649,0.999469765,0.99960881,0.997989538,0.984940452,0.995149947,0.996444057,0.98998096,0.998713473,0.999567609,0.999271431,0.998851286,0.995072231,0.993620474,0.999393311,0.976596868,0.95276101,0,0.000565102044,0.000466604078,0.000297986577,0.00095960331,0,0.000922278808,0,0,0.000350271805,0.000783670046,0,0.000716294892,0,0.000851516099,0,0.001062324,0.00127961579,0.00366196582,0.0175587063,0.00634835034,0.00241061582,0.0107483058,0.00107998835,0,0,0,0.00267321641,0.00716746435,0,0.0176599585,0.0351480804,19.3789674,22.9144295,21.9492593,20.0416164,20.6976629,19.5102994,16.4975682,17.5373635,14.995443,15.3437754,13.4407709,14.2294283,11.8875708,11.2008377,9.18077451,8.09296537,6.79627551,4.41738245,2.34945158,2.26785308,2.57452356,2.02105563,2.0627623,1.46423932,1.89169332,1.89640668,2.19383594,2.39653181,1.60346084,1.19582834,0.610186748,0.402280371
evaluation/blue-nile-hats_04/i24_cbr_5ms_192k/master.wav,evaluation/blue-nile-hats_04/i24_cbr_5ms_192k/rust.wav,4.72476123,0.999614862,0.999885096,0.999892536,0.9998267,0.999653031,0.999807083,0.999619266,0.999615627,0.999700411,0.99959816,0.999462039,0.99921825,0.999128928,0.998855275,0.99789982,0.997259216,0.998201797,0.998361719,0.994842142,0.981738663,0.99505088,0.995786203,0.997227401,0.998400357,0.997899053,0.998575161,0.998869378,0.999212557,0.999111339,0.998273224,0.995217227,0.993276669,0.998398001,0.999419814,0.999768146,0.99952851,0.999058601,0.99934085,0.998627511,0.999032726,0.999312081,0.998850046,0.998991721,0.998336845,0.997981834,0.997322969,0.993600783,0.996228932,0.996957562,0.99734508,0.990213439,0.942222409,0.976863877,0.967695968,0.985856137,0.993490857,0.98860858,0.992910504,0.992177743,0.993918605,0.992853066,0.986115018,0.975551948,0.948479406,0.000754283492,0.000926931291,0.00083400554,0,0.00157689112,0,0.00198497923,0.00126906127,0.000805347498,0.000610960315,0.00110361231,0,0,0,0.00405477515,0,0.00378348052,0.00354813826,0.00973866943,0.056737873,0.0357897961,0.0250630766,0.0132541688,0.00417330304,0.00969539124,0,0.00502362739,0.00230373925,0.00615603262,0.00886603889,0.0237431405,0.029826896,19.3519179,22.9018643,21.9482005,20.048589,20.7047697,19.5201016,16.536874,17.5524151,14.9965945,15.3535171,13.4450109,14.2528644,11.8947405,11.2045426,9.19266144,8.09553083,6.79171123,4.44277815,2.36693638,2.27807508,2.5968118,2.02493855,2.07690123,1.4728963,1.89905218,1.9061166,2.21351558,2.42601925,1.61566366,1.20249813,0.609267217,0.398693407
evaluation/blue-nile-hats_04/i24_cbr_5ms_192k/master.wav,evaluation/blue-nile-hats_04/i24_cbr_5ms_192k/c.wav,4.72440286,0.999545241,0.999868774,0.999895852,0.999858122,0.999672055,0.999801418,0.999686887,0.999337434,0.9996566,0.999606741,0.999522328,0.99927073,0.999242823,0.998510155,0.997542525,0.997773662,0.998455363,0.998302661,0.994323859,0.984993157,0.992664087,0.994755947,0.995823989,0.998628965,0.998127446,0.997872086,0.997754359,0.999497428,0.999258188,0.998011356,0.995727516,0.99362744,0.997372808,0.99957702,0.999714631,0.999695306,0.999262741,0.999203102,0.999081658,0.997550202,0.999145329,0.999217825,0.999089941,0.996942105,0.998217424,0.992374625,0.991606604,0.996047512,0.99726093,0.997041704,0.986324885,0.944883641,0.936393749,0.969184265,0.981226713,0.995671432,0.993247597,0.983649095,0.981172439,0.997887946,0.996142715,0.985898371,0.97604887,0.953374193,0.00196307619,0.00102474993,0.000459272763,0,0.00124214608,0,0.000568395788,0.00213328266,0.000413478496,0,0,0,0,0.00505446959,0.00788506213,0,0.00292668245,0.00351447552,0.0117086254,0.0452439604,0.054309362,0.0218527346,0.0286050733,0,0,0.00970817244,0.0189643461,0,0,0.0095530782,0.0213986243,0.0323393154,19.3849651,22.9166016,21.9491763,20.045219,20.7028339,19.5136145,16.5084199,17.5378912,14.9950852,15.3475314,13.4449852,14.2252253,11.8924554,11.2044534,9.19074176,8.10177528,6.80594192,4.43504716,2.37340843,2.27097987,2.58113782,2.03013566,2.07405072,1.47138593,1.89971469,1.90302163,2.20728216,2.40470232,1.60933824,1.20909084,0.616388826,0.407402651
evaluation/blue-nile-hats_04/i24_cbr_5ms_256k/master.wav,evaluation/blue-nile-hats_04/i24_cbr_5ms_256k/rust.wav,4.72818994,0.999803695,0.999945304,0.999941669,0.999899094,0.999794543,0.999886785,0.999834433,0.999816788,0.999861498,0.999835798,0.999825759,0.999662765,0.999667892,0.999703506,0.999452525,0.999211412,0.999412813,0.999363681,0.99791755,0.993891044,0.99927137,0.998240168,0.998747431,0.999445401,0.999619407,0.999714913,0.999801511,0.999760675,0.999654889,0.999404342,0.996934514,0.992972255,0.999344191,0.999842862,0.999834264,0.999784263,0.999330352,0.999453781,0.999577758,0.999618886,0.999739095,0.999622728,0.999690046,0.999093759,0.999084625,0.999203757,0.998804542,0.998573085,0.999096944,0.998836843,0.993322773,0.978270815,0.996320615,0.984765431,0.994372701,0.99793256,0.998623715,0.999135312,0.999120399,0.998408311,0.9973141,0.996581067,0.978506646,0.957532473,0,0.000337446411,0.000673411923,0.000182341504,0.00110267369,0,0.000841133935,0.000505151221,0,0,0,0.000918984674,0.000941103762,0,0,0,0.00143326985,0.00229966454,0.00637272661,0.0214437591,0.00344241668,0.0120486465,0.00644703243,0,0,0,0,0,0.00163746514,0.00170437716,0.0177188667,0.0331824516,19.3680894,22.9087518,21.9601422,20.0690006,20.681142,19.5089094,16.503484,17.5282603,14.9807483,15.331328,13.4180535,14.2598288,11.8848422,11.1958013,9.16651743,8.07832325,6.78354064,4.40008504,2.32855985,2.2472998,2.54299349,2.00568036,2.06078913,1.46488635,1.88206241,1.88626974,2.18892338,2.39892241,1.59852314,1.19101202,0.610961961,0.398753306
evaluation/blue-nile-hats_04/i24_cbr_5ms_256k/master.wav,evaluation/blue-nile-hats_04/i24_cbr_5ms_256k/c.wav,4.72831094,0.99984609,0.999934544,0.999951457,0.999934924,0.999804783,0.999882754,0.99981778,0.999795424,0.999871,0.999848264,0.999824591,0.999725695,0.999727895,0.999734354,0.99928888,0.999106279,0.999444965,0.999300657,0.99814698,0.992916701,0.998113067,0.9991396,0.999085896,0.999631158,0.999416601,0.998813186,0.999621067,0.999860565,0.99987116,0.999805991,0.997600115,0.992874847,0.999283972,0.99972779,0.999899183,0.999855483,0.999420067,0.999575839,0.999238029,0.999430442,0.999673247,0.99955981,0.999623546,0.999240175,0.999408342,0.999551247,0.998211314,0.998222679,0.999143159,0.998725964,0.994984474,0.96495312,0.981615347,0.995997705,0.995623002,0.998335724,0.997401043,0.989011897,0.997426761,0.999425743,0.999478475,0.999161745,0.976529053,0.953028642,0.000655154174,0.000803911756,0.000532850264,0,0.00133895804,0,0.000867828613,0.000348711356,0,0,0,0,0,0,0,0,0.00169595196,0.00237820481,0.0045204538,0.0260165957,0.0215570236,0.0014904669,0.00153895262,0,0,0.0120950609,0,0,0,0,0.0177228642,0.0367677004,19.3828868,22.9172341,21.9528136,20.0427234,20.6993518,19.5145895,16.5013634,17.5417669,14.9980899,15.3437356,13.4403484,14.231902,11.8889244,11.1972148,9.17687496,8.08878966,6.79062164,4.41304237,2.35049245,2.26596343,2.57283545,2.02372637,2.06523093,1.46534461,1.8902316,1.89917687,2.19730281,2.40162457,1.60561861,1.19919816,0.611666873,0.403276235
evaluation/blue-nile-hats_04/i24_cbr_5ms_320k/master.wav,evaluation/blue-nile-hats_04/i24_cbr_5ms_320k/rust.wav,4.72938788,0.999876103,0.999963316,0.999970023,0.999946588,0.999910167,0.999948811,0.999932904,0.999923327,0.999935096,0.999928263,0.999928713,0.999914955,0.999926561,0.999901181,0.999726844,0.999687826,0.999823623,0.999791601,0.998971298,0.995343977,0.998552475,0.999520524,0.99970922,0.999869439,0.999872688,0.999775312,0.999890702,0.999883737,0.999833301,0.999833736,0.997919252,0.993811625,0.999363332,0.999859165,0.999910698,0.999824508,0.999740211,0.999794098,0.999789294,0.999832227,0.999820345,0.999812238,0.999843408,0.999702107,0.999839829,0.99979882,0.998866519,0.999381204,0.999670967,0.999606607,0.997737104,0.983486385,0.984637607,0.998098651,0.998798171,0.999594714,0.999673851,0.998460626,0.999530617,0.999158159,0.998698872,0.999319371,0.978161378,0.956544209,0.000620336295,0.000454428479,0.000362840845,0,0,0,0,0,0,0,0,0,0,0,0.00149369712,0,0.000684514855,0.00128166973,0.00331724677,0.0207227834,0.0226661022,0,0,0,0,0,0,0,0,0,0.0159401378,0.0309682097,19.375575,22.913316,21.9486299,20.0406045,20.694782,19.509595,16.4960766,17.5387773,14.9895036,15.3414304,13.4424614,14.2306864,11.882764,11.1998774,9.17764516,8.08353288,6.78869788,4.41261513,2.35323656,2.26679835,2.57122392,2.01889709,2.06369769,1.46256009,1.89059738,1.89567457,2.19353869,2.39490639,1.60337645,1.19750214,0.61072362,0.404032571
evaluation/blue-nile-hats_04/i24_cbr_5ms_320k/master.wav,evaluation/blue-nile-hats_04/i24_cbr_5ms_320k/c.wav,4.72870464,0.999884246,0.99997031,0.999975416,0.999962624,0.999897702,0.999947752,0.999914914,0.999885681,0.999938211,0.999939741,0.999931493,0.999925035,0.999926668,0.999876165,0.999701564,0.999746822,0.999810991,0.999813838,0.999303381,0.99718326,0.999398621,0.999291945,0.999393403,0.999501875,0.999551496,0.999717718,0.999848525,0.999903653,0.999881471,0.999855584,0.997679169,0.991793141,0.999627219,0.999914656,0.999947216,0.999916917,0.999708221,0.999877187,0.999689836,0.999675906,0.999880757,0.999833549,0.999813018,0.999833122,0.999850178,0.99942124,0.998883464,0.999482768,0.999705762,0.999597474,0.998416441,0.986380963,0.997009449,0.995157293,0.996624523,0.995359696,0.997032608,0.998319187,0.999476016,0.999485886,0.999343588,0.999355793,0.976877175,0.953907798,0,0.000507036558,0.000447177046,0,0.00086188362,0,0.000476038648,0,0,0,0.000255898061,0,0,0,0.00107127183,0,0.00123551138,0.00126827868,0.00278859216,0.0155222045,0.00474639509,0.00405411107,0,0,0,0,0,0,0,0,0.0174458951,0.0409404959,19.404977,22.9471938,21.9705687,20.0504009,20.7026009,19.5125767,16.5105171,17.5452579,15.00771,15.3561775,13.4429169,14.2364527,11.8863663,11.2060137,9.19125948,8.08954387,6.79022564,4.41792457,2.34975111,2.26621723,2.57212242,2.02175739,2.06307888,1.46357968,1.89006865,1.89659617,2.19252777,2.39748441,1.60386988,1.19660508,0.611486302,0.40309525
evaluation/blue-nile-hats_04/i24_vbr_5ms_192k/master.wav,evaluation/blue-nile-hats_04/i24_vbr_5ms_192k/rust.wav,4.72507442,0.999692032,0.999906475,0.999900112,0.999845793,0.99969346,0.999802651,0.999655545,0.999610477,0.999698833,0.999587201,0.999420339,0.999224338,0.999104865,0.998702971,0.998098366,0.997181277,0.998422397,0.998534566,0.993814415,0.978995898,0.996359106,0.997404586,0.99630917,0.997341641,0.998000166,0.998674655,0.998968411,0.999429367,0.999265271,0.99853845,0.995559228,0.992667422,0.999125346,0.999711293,0.999783976,0.999691283,0.999377025,0.999254956,0.998778543,0.998904978,0.999356904,0.998498917,0.998609207,0.997530344,0.997158244,0.995927672,0.994608033,0.99406437,0.997286218,0.997327852,0.985263973,0.938917296,0.981612714,0.984443962,0.982944222,0.986066547,0.989340011,0.992090322,0.993972895,0.996358779,0.995172846,0.990251768,0.976748669,0.954333298,0.000607045129,0.000926914233,0.000858708556,0,0.00122037003,0,0.00116793403,0.0017558468,0.00130990156,0.000980886247,0,0,0,0,0.00388567351,0.00233290589,0.00347109845,0.00363637615,0.0148322381,0.0739882756,0.0197789777,0.0104854632,0.0193248294,0.0122728202,0.0028829466,0,0.00230789488,0,0.00362851451,0.0083076687,0.0215761862,0.033506925,19.367377,22.9088749,21.9456187,20.0381736,20.6972076,19.5104626,16.4911109,17.5358907,14.9851859,15.336026,13.4319328,14.2156741,11.8776572,11.1998096,9.18664459,8.09229608,6.79890448,4.42966617,2.36659142,2.27363448,2.5812387,2.02900143,2.06498093,1.47170582,1.8926437,1.89983665,2.20322569,2.4081075,1.61300593,1.19987795,0.61080399,0.400979659
evaluation/blue-nile-hats_04/i24_vbr_5ms_192k/master.wav,evaluation/blue-nile-hats_04/i24_vbr_5ms_192k/c.wav,4.72470242,0.999538309,0.999885048,0.999904429,0.999848185,0.99962768,0.999786241,0.999606039,0.999621516,0.999692948,0.999671071,0.999527137,0.999315887,0.999100142,0.998694826,0.998006755,0.997719799,0.998453433,0.998216763,0.993998187,0.984077858,0.995207986,0.99614751,0.998229222,0.998898175,0.997855357,0.997555978,0.998258162,0.999619618,0.999536166,0.998213068,0.995850489,0.992807929,0.997458132,0.999610985,0.999807035,0.999686994,0.99862802,0.999157951,0.997995021,0.999056928,0.99942678,0.999350198,0.998949875,0.997561412,0.997865611,0.995364435,0.995528411,0.996233229,0.997578772,0.997028109,0.987465177,0.937542093,0.973288406,0.977165889,0.991987139,0.996482826,0.989939165,0.982337699,0.985619991,0.998639049,0.998379405,0.986987727,0.97553067,0.95118459,0.00215390536,0.00104291958,0.000789684952,0,0.00196117411,0,0.00184425148,0.000300539925,0.001044943,0.000755577941,0,0,0,0,0.00314927001,0.00282141754,0.00317880611,0.0039895093,0.0121452424,0.0529529462,0.0289475725,0.0221025649,0.00631641814,0,0.00907318458,0.0145260816,0.0134987943,0,0,0.00855645112,0.0199365724,0.0341773803,19.3771058,22.910934,21.9467834,20.0408167,20.696189,19.5067669,16.4984999,17.5401665,14.9893482,15.3451508,13.4421557,14.2238195,11.8872053,11.2051729,9.18712237,8.09406246,6.80665372,4.42995762,2.37087075,2.26987312,2.58333998,2.02726411,2.06715276,1.46861712,1.90190804,1.90631094,2.20638242,2.40436911,1.60950851,1.20457178,0.612764073,0.401781641
evaluation/blue-nile-hats_04/i24_vbr_5ms_256k/master.wav,evaluation/blue-nile-hats_04/i24_vbr_5ms_256k/rust.wav,4.72808958,0.999805915,0.999944144,0.999946272,0.999907616,0.999812421,0.999907122,0.999811039,0.999821087,0.99985947,0.999804444,0.999804256,0.999731581,0.99969705,0.99970366,0.999356869,0.998996323,0.999259036,0.999284324,0.997085893,0.989716912,0.999031213,0.998832579,0.999302914,0.99958482,0.999376653,0.999584675,0.99970156,0.99976797,0.999606106,0.999095931,0.997148902,0.993577734,0.9994495,0.999822037,0.999877604,0.999806457,0.999493544,0.999707037,0.999348578,0.999560045,0.999689938,0.999395645,0.999560677,0.999346609,0.999144584,0.999305317,0.997970627,0.997862558,0.998947132,0.998490279,0.992416903,0.958269064,0.996377011,0.991341199,0.996793136,0.998797638,0.996132706,0.99822613,0.999023705,0.998741532,0.997008645,0.992149608,0.978106399,0.956697288,0.00106018296,0.000584906861,0.000255833699,0,0.00104510355,0,0.00115659767,0,0,0,0,0.000854686433,0,0,0,0,0.00121170691,0.00263437773,0.00901252559,0.0374860348,0.00606156967,0.00658409115,0.00406762089,0,0.0028018443,0,0,0,0.00228723506,0.00633459328,0.0170612913,0.0308653865,19.3333001,22.8917092,21.9707882,20.07605,20.7090698,19.5422827,16.6076963,17.5467839,14.9894121,15.4074764,13.4572625,14.3452201,11.9666401,11.2767031,9.24375113,8.17337927,6.86155899,4.50887773,2.44963935,2.31386108,2.57998866,2.03209401,2.07886577,1.46619856,1.88377259,1.88775773,2.20214515,2.42088596,1.598546,1.18986466,0.609920728,0.397328592
evaluation/blue-nile-hats_04/i24_vbr_5ms_256k/master.wav,evaluation/blue-nile-hats_04/i24_vbr_5ms_256k/c.wav,4.72781515,0.999819379,0.999941941,0.999957354,0.999932758,0.999805398,0.999892743,0.999838819,0.999832771,0.999882646,0.999864132,0.999810639,0.999770375,0.999746983,0.999736729,0.999327826,0.999045639,0.999472738,0.99935949,0.998037079,0.9919623,0.997856809,0.998330521,0.999104209,0.999662033,0.999505868,0.998931468,0.999356799,0.999793111,0.999841063,0.999669557,0.997073609,0.992300439,0.999308629,0.999754187,0.999907969,0.999824766,0.999442451,0.999601601,0.999453486,0.999695735,0.999689746,0.999662747,0.999694062,0.999552592,0.999353946,0.999230441,0.998269548,0.998219307,0.999177886,0.998834585,0.99531954,0.966662455,0.979039003,0.984460621,0.994510318,0.998706365,0.997477066,0.989361848,0.99565069,0.998776376,0.999057544,0.997944072,0.976659891,0.953835065,0.00115201888,0.000797202264,0.000421826052,0,0.00142749368,0,0.000739596039,0,0,0,0,0,0,0,0,0.000624624808,0.00152697244,0.00233726527,0.00469191444,0.0297035425,0.0271566334,0.0158777375,0.0052466832,0,0.00050679812,0.0118969306,0.00128349506,0,0,0.00102810138,0.0192315963,0.0409147966,19.4084836,22.8939136,21.9592664,20.0609509,20.684489,19.4948094,16.5035906,17.5418819,14.9848786,15.3395716,13.4382972,14.2394669,11.8846132,11.1986923,9.18080757,8.09015793,6.79393027,4.40965759,2.34933172,2.26542869,2.57091478,2.02422598,2.06556658,1.46594402,1.89405658,1.90198665,2.19776722,2.40030796,1.6028642,1.19860515,0.612009982,0.404045353
evaluation/blue-nile-hats_04/i24_vbr_5ms_320k/master.wav,evaluation/blue-nile-hats_04/i24_vbr_5ms_320k/rust.wav,4.72931052,0.99986417,0.999961638,0.999969805,0.999953157,0.999912896,0.999950419,0.999909372,0.999904853,0.999926266,0.999924622,0.999914288,0.99992565,0.999916986,0.999899665,0.999777692,0.999694494,0.999793815,0.999779596,0.999206291,0.996005973,0.998504947,0.999524694,0.99981696,0.999868711,0.999794451,0.999787637,0.999872102,0.999920934,0.99987705,0.999705117,0.997833224,0.993755816,0.999487339,0.99988447,0.999940443,0.999859495,0.999748147,0.999815144,0.99960373,0.999641173,0.999807926,0.999772975,0.999809035,0.999827569,0.999846211,0.999791083,0.999505863,0.99945098,0.999611556,0.999601658,0.997985764,0.987798335,0.985296868,0.996499972,0.99922559,0.999571206,0.999284829,0.998715104,0.999284325,0.999534881,0.999236573,0.99796832,0.978169272,0.956578305,0,0.000328326045,0,0,0.000551550977,0,0.000830824299,0.000655331871,0,0,0,0,0,0,0,0,0.000934021171,0.000827767275,0.00256643079,0.0163558605,0.0168811406,0.00309647722,0,0,0,0,0,0,0,0.00201949299,0.0158348495,0.0313451169,19.3726118,22.9136796,21.9495527,20.0434682,20.698213,19.5107897,16.4971001,17.5389357,14.9909765,15.3414246,13.4398238,14.2294753,11.8816447,11.1994545,9.17854689,8.08454483,6.78898915,4.41660829,2.35237043,2.2644471,2.5706012,2.02070125,2.06306516,1.46235044,1.88860071,1.89716675,2.19241295,2.39450524,1.60302956,1.19688004,0.610109178,0.40353133
evaluation/blue-nile-hats_04/i24_vbr_5ms_320k/master.wav,evaluation/blue-nile-hats_04/i24_vbr_5ms_320k/c.wav,4.72893247,0.99986357,0.999960464,0.999973489,0.99996395,0.999898057,0.999954642,0.999905967,0.999895325,0.999939396,0.999944963,0.999930109,0.999916956,0.999906837,0.999883552,0.999750884,0.99972593,0.999806269,0.999801099,0.99935393,0.997307136,0.999696229,0.999464634,0.999660917,0.999817993,0.999837585,0.999864081,0.999881217,0.999923455,0.999912205,0.999848029,0.997594171,0.991978227,0.999475308,0.999814043,0.999942475,0.999908565,0.99975717,0.999863943,0.999518084,0.999667798,0.999831695,0.999877163,0.999854207,0.999759161,0.99978476,0.999477728,0.999356652,0.999467139,0.999570573,0.999647327,0.99836468,0.985277658,0.998774268,0.995533852,0.998398715,0.999319255,0.999564817,0.999423143,0.999471961,0.999747511,0.999586279,0.999405214,0.976572262,0.952713267,0,0.000589031819,0.000361685099,0,0.000671551517,0.000307129243,0.000845348855,0,0,0,0,0,0,0,0,0,0.00119470578,0.00134608498,0.00288830125,0.0121406334,0.00226408289,0.00565878858,0.00224056515,0,0,0,0,0,0,0,0.0176085408,0.0404439356,19.3785474,22.9136092,21.9490257,20.0416085,20.6979853,19.5106602,16.4975387,17.537866,14.9939659,15.34439,13.4418607,14.2282404,11.885437,11.1978903,9.17739069,8.0852755,6.78986817,4.41276625,2.34975128,2.26602047,2.57216076,2.01984104,2.06131026,1.46403957,1.88885662,1.89550228,2.19199193,2.39727121,1.60194144,1.19680162,0.610948506,0.402433791
evaluation/blue-nile-hats_05/i16_cbr_5ms_192k/master.wav,evaluation/blue-nile-hats_05/i16_cbr_5ms_192k/rust.wav,4.70761758,0.990743652,0.998582602,0.99970586,0.999716566,0.99954411,0.999364954,0.999784764,0.999618893,0.999442719,0.999382805,0.999201328,0.998929313,0.998872921,0.998832717,0.997680361,0.997890174,0.997825942,0.99809333,0.998086849,0.997643361,0.997932072,0.998150429,0.997887489,0.998031211,0.996929516,0.995520591,0.995987801,0.996288711,0.995885135,0.992347729,0.990832518,0.965750235,0.978980014,0.995480873,0.999437458,0.99855638,0.999008343,0.995734194,0.999575528,0.999150502,0.998683365,0.998574877,0.99748607,0.998398272,0.998128386,0.995856622,0.991988645,0.995476657,0.993087317,0.990432215,0.996812727,0.994863478,0.993337925,0.994286271,0.993478514,0.995728141,0.990697837,0.983232024,0.984013894,0.990313864,0.986249907,0.973581843,0.957633655,0.863872611,0.0230546013,0.00501734629,0.00160876803,0.0013496876,0.000392183783,0.00361370475,0.00054513102,0.0016321526,0.000483449676,0.00138690341,0.00285856534,0.00107962078,0.00251762311,0.00448491267,0.00672403807,0.00417486709,0.00662775088,0.00607858772,0.002882606,0,0,0,0.00378768079,0.00354734064,0.00936361103,0.0139589665,0.0194426947,0.00984947644,0.00996489123,0.0255062482,0.0374019578,0.113600123,20.692333,22.4460442,22.9943367,27.4277916,28.096103,27.9788419,27.5334912,25.5139694,24.9440388,22.7440819,22.1541075,20.5330791,20.1712025,19.2379131,19.8618965,18.4719675,18.1125572,16.4928939,14.9031276,15.4346061,13.5222053,12.1812434,12.249957,10.7748242,11.1750497,10.5586429,8.9611632,9.04721477,7.65459911,5.57771844,3.69277659,3.3684784
evaluation/blue-nile-hats_05/i16_cbr_5ms_192k/master.wav,evaluation/blue-nile-hats_05/i16_cbr_5ms_192k/c.wav,4.70596706,0.993691876,0.998853327,0.999738664,0.999775758,0.999572227,0.999517141,0.999721675,0.999686615,0.999542267,0.999539483,0.999510775,0.998941294,0.998938947,0.998821295,0.997818815,0.998070358,0.998201199,0.998422994,0.997937152,0.997894842,0.998269526,0.998333261,0.998194547,0.997853622,0.997179647,0.995849056,0.995911011,0.995106706,0.993470466,0.991315091,0.990849592,0.967323564,0.982286465,0.996246821,0.999410364,0.999359206,0.999283272,0.998453698,0.999444108,0.999272347,0.998889634,0.998754188,0.999171748,0.997629581,0.998029339,0.997155319,0.992491741,0.996148452,0.99417985,0.994838018,0.99452545,0.995816928,0.995541751,0.992015117,0.992101574,0.995935994,0.992985326,0.983098132,0.984173532,0.976987399,0.9570096,0.952590167,0.959275844,0.870722245,0.0215133889,0.00492858448,0.00107608735,0,0,0,0,0.00114844549,0,0.00137773804,0.00138786333,0,0.00218576612,0.00370749054,0.00648678343,0.00424374119,0.00521287655,0.00454449047,0.00266473948,0,0,0.00148072886,0.000996913714,0.00364411288,0.00822915405,0.0148246568,0.0165903696,0.0182303032,0.025501556,0.0415370181,0.0362364829,0.108598237,20.6228255,22.4273519,22.9846593,27.4423211,28.1084861,27.9517054,27.5265862,25.5197603,24.9510502,22.7391533,22.165924,20.5336025,20.1722978,19.2465778,19.867611,18.4661105,18.1035891,16.4858061,14.8742794,15.3736647,13.4690377,12.1467731,12.2158019,10.7435056,11.148576,10.5141225,8.90034412,8.96892509,7.60773371,5.54381423,3.67525259,3.36906704
evaluation/blue-nile-hats_05/i16_cbr_5ms_256k/master.wav,evaluation/blue-nile-hats_05/i16_cbr_5ms_256k/rust.wav,4.71739052,0.995411522,0.999353992,0.999833607,0.999880995,0.999766317,0.999761651,0.99986872,0.999830538,0.999777819,0.99977124,0.999743733,0.999590199,0.999615409,0.999644413,0.999231768,0.999220582,0.999197465,0.999204505,0.999173663,0.99912342,0.999376124,0.999225349,0.999434646,0.999351748,0.99921394,0.998886092,0.999100831,0.998756732,0.998595153,0.998429936,0.991208156,0.966776311,0.982798684,0.997637621,0.999661173,0.999580884,0.99947136,0.99866484,0.999691881,0.99955806,0.999435441,0.999458669,0.999510742,0.999299014,0.999232908,0.999066249,0.99811166,0.998481798,0.998334672,0.997253533,0.998136957,0.998287127,0.99817721,0.997012651,0.998251336,0.998397293,0.998166243,0.994724314,0.996275291,0.996080698,0.99520239,0.993639721,0.957069841,0.867773537,0.0126157749,0.00286504037,0.00100518317,0.000780927678,0.000474979488,0.00115680344,0.000288391412,0.000962428587,0,0.000862683512,0.00104146544,0,0.0015029425,0.00185131358,0.0024114466,0.00196509493,0.00309866877,0.00311983132,0.00179617996,0,0,0,0,0.000740443037,0.00185225398,0.00383968807,0.0034695188,0.00368214493,0.00361247584,0.00638910816,0.0384335606,0.112033201,20.6132906,22.4311661,22.9776004,27.4423821,28.103003,27.9683036,27.5304133,25.5124001,24.931453,22.7335622,22.1560772,20.5358406,20.1474624,19.2177721,19.8403774,18.4551781,18.0905041,16.4555228,14.8521166,15.350614,13.4476331,12.1140216,12.2012522,10.7108059,11.1049718,10.458658,8.86917983,8.96516526,7.58146814,5.51653279,3.66263988,3.35545063
evaluation/blue-nile-hats_05/i16_cbr_5ms_256k/master.wav,evaluation/blue-nile-hats_05/i16_cbr_5ms_256k/c.wav,4.71660669,0.994893024,0.999255975,0.999802691,0.999863737,0.999773645,0.99980492,0.99988404,0.99985174,0.999760925,0.999790357,0.999768507,0.999648348,0.999659925,0.999664825,0.999068532,0.999027279,0.999150883,0.999221471,0.999161843,0.999132921,0.999406211,0.999286078,0.999455154,0.999346854,0.999272397,0.998944087,0.998999739,0.998792557,0.997822058,0.997453481,0.991386702,0.9668221,0.982351705,0.997024413,0.999180626,0.999466488,0.999485296,0.999293332,0.999660656,0.999758219,0.999433532,0.999478882,0.999524778,0.999401556,0.999437136,0.999299531,0.997668524,0.996993368,0.997041319,0.996735217,0.997681777,0.998008323,0.998401815,0.996280304,0.998430934,0.997781518,0.997924909,0.996967197,0.995879575,0.997404868,0.989252089,0.989182494,0.958953134,0.868107884,0.0175421608,0.00340875938,0.00132535897,0.00103974713,0.000360696537,0,0.000579069294,0.000457449657,0,0.00106711202,0.00146598117,0.000364576379,0.00113407045,0.00159723875,0.00251646415,0.00348145541,0.00334115048,0.00309130926,0.00213744055,0,0,0,0,0,0,0.00267277712,0.00383686127,0.00391590313,0.00828776743,0.0115169468,0.0365294961,0.112386109,20.6143921,22.4169204,22.9768086,27.4417966,28.103,27.9635146,27.5290462,25.513697,24.9253362,22.7263681,22.1592308,20.534116,20.1527869,19.2163346,19.8386578,18.4485144,18.0904112,16.4539237,14.8484346,15.3466672,13.4370095,12.1110283,12.1972755,10.7111235,11.1029922,10.471157,8.86926087,8.96144102,7.5787398,5.51142618,3.65908789,3.35095347
evaluation/blue-nile-hats_05/i16_cbr_5ms_320k/master.wav,evaluation/blue-nile-hats_05/i16_cbr_5ms_320k/rust.wav,4.71843983,0.997719261,0.999614184,0.999909985,0.999901983,0.999852239,0.999855108,0.999916317,0.999909997,0.9998913,0.999874985,0.999871689,0.9998355,0.99987216,0.999865125,0.999675871,0.999692689,0.999720301,0.99974533,0.999655964,0.999598691,0.999726389,0.999768842,0.999782053,0.999747146,0.99964354,0.999319754,0.999496905,0.999267731,0.998700807,0.998370494,0.991376682,0.966561949,0.991801722,0.998558482,0.999841399,0.999684303,0.999520841,0.999447187,0.999717533,0.99978444,0.999706148,0.999539581,0.999669422,0.999555089,0.99976718,0.999715462,0.999315251,0.999279216,0.999021124,0.998924859,0.999289934,0.999165494,0.999349939,0.999352198,0.999477741,0.999135264,0.999061813,0.996241072,0.997659744,0.996966131,0.99464691,0.991982133,0.958157629,0.86813086,0.00794733275,0.002532111,0.000545426382,0,0.00084274691,0,0.000660026865,0.000764260445,0,0.00114027725,0.00122905931,0,0.000337583655,0.00125457407,0.00144095714,0.00138451608,0.00197057892,0.00180216859,0.00123859459,0,0,0,0,0,0.000353942006,0.00361517276,0.00266973898,0.00137327725,0.00491445632,0.00778842084,0.0380160423,0.11239323,20.590403,22.4226036,22.9739923,27.4406145,28.1048504,27.9655032,27.5295553,25.5171018,24.9318049,22.7271451,22.1565138,20.535671,20.1474204,19.2121724,19.8392702,18.4506966,18.0906217,16.4513922,14.851149,15.3442241,13.4421021,12.1052704,12.1904977,10.7026275,11.0975186,10.4606837,8.86913669,8.96059187,7.57940497,5.51020814,3.65974886,3.35397921
evaluation/blue-nile-hats_05/i16_cbr_5ms_320k/master.wav,evaluation/blue-nile-hats_05/i16_cbr_5ms_320k/c.wav,4.71876293,0.99612757,0.999444175,0.999899116,0.999888736,0.999833381,0.999864158,0.999915936,0.999903419,0.999876601,0.999872962,0.999869196,0.999830644,0.999875046,0.99986804,0.999644764,0.999677294,0.999692139,0.999700737,0.999699478,0.999710556,0.999753636,0.999759437,0.999769683,0.999785463,0.999685156,0.999528062,0.999606397,0.999442933,0.998611335,0.99822132,0.991583903,0.967488514,0.985316807,0.997630276,0.999813791,0.99937218,0.999599894,0.999616638,0.999803014,0.999773074,0.999664968,0.99945726,0.999632559,0.999685973,0.999728462,0.999712161,0.998617528,0.999498588,0.998950268,0.99853417,0.999046743,0.999454514,0.999458174,0.99920978,0.999116092,0.999651428,0.999245451,0.998023336,0.998645232,0.998088802,0.992267087,0.988694563,0.958662805,0.869057478,0.0140792948,0.00333206529,0.00076099931,0.000940622662,0.000843774307,0,0,0.00105339592,0.00103136849,0.00131840324,0.00102699734,0.000188810585,0.001023382,0.00117685852,0.00164996203,0.000717686691,0.00222044312,0.00227172198,0.00160040792,0,0,0,0,0.000110929111,0.00132245384,0.00233836414,0.00192040639,0.00121482453,0.0042052363,0.00961893171,0.0368688428,0.110390968,20.5817505,22.4267074,22.987741,27.429576,28.0979084,27.9786442,27.5341163,25.5226285,24.9352991,22.7404348,22.1645995,20.542687,20.1553638,19.2256835,19.8444546,18.4570668,18.0881759,16.4582672,14.8704253,15.3765673,13.4885571,12.137196,12.2215796,10.7299559,11.1327397,10.5030389,8.90131265,8.98724167,7.60085503,5.52930522,3.66152913,3.35977042
evaluation/blue-nile-hats_05/i16_vbr_5ms_192k/master.wav,evaluation/blue-nile-hats_05/i16_vbr_5ms_192k/rust.wav,4.70793722,0.991173266,0.998545209,0.999692555,0.999706608,0.999511849,0.999396299,0.999708768,0.999617091,0.999494996,0.999354115,0.99938201,0.998873787,0.998930581,0.999085396,0.997973428,0.997710953,0.998108464,0.998648066,0.998074487,0.997570193,0.998270688,0.998406251,0.998266892,0.997698743,0.99734147,0.996754719,0.997303217,0.9959257,0.995589112,0.991835177,0.990351475,0.965201388,0.976649874,0.994781293,0.999359324,0.99837804,0.998795385,0.996735477,0.999334554,0.998803688,0.998736729,0.99787298,0.998554793,0.998254523,0.998063651,0.998534531,0.995381931,0.994263674,0.994587207,0.994856112,0.995575168,0.995939424,0.99525936,0.99521218,0.994475109,0.992595966,0.994402864,0.985561824,0.99068459,0.989330208,0.980257398,0.972299161,0.954943293,0.865841255,0.0240167839,0.00596334878,0.00131783603,0.00159850208,0.00174980105,0.00262098674,0.00119880662,0.00194644688,0,0.00232064135,0.00181579651,0.00214581262,0.00175360962,0.00210737032,0.00402325617,0.00456426007,0.00593797839,0.00412193897,0.00362105786,0,0,0,0,0,0.00637215233,0.0090904982,0.00810936384,0.0105279565,0.011328135,0.0292274696,0.0393526482,0.114008146,20.644502,22.4308975,22.9762777,27.4402109,28.1030924,27.9616979,27.5284018,25.5131547,24.9263111,22.7230859,22.1495611,20.5338386,20.1497501,19.2205887,19.8447887,18.4528436,18.1016927,16.461971,14.8586722,15.3562147,13.4545123,12.1303823,12.2140973,10.725399,11.1144295,10.4857917,8.89100272,8.98160921,7.59555369,5.52736475,3.67167312,3.36291321
evaluation/blue-nile-hats_05/i16_vbr_5ms_192k/master.wav,evaluation/blue-nile-hats_05/i16_vbr_5ms_192k/c.wav,4.707883,0.994284907,0.998989142,0.999707738,0.999807848,0.999596101,0.999317626,0.999662892,0.999572471,0.99949036,0.999500608,0.999411394,0.998778501,0.999005159,0.999005803,0.997573051,0.99771709,0.998342554,0.998611592,0.998148072,0.997831076,0.997911557,0.998280567,0.998048574,0.997925594,0.997558967,0.996165048,0.996808844,0.99620542,0.994271189,0.991771006,0.990588521,0.967862313,0.984575709,0.997060591,0.999249159,0.999462479,0.999319557,0.997711661,0.999173781,0.99901095,0.998656865,0.99862867,0.998886154,0.996644914,0.998214697,0.99814417,0.991476606,0.993882475,0.99503726,0.994816863,0.996582749,0.995060103,0.993699268,0.992606957,0.991537922,0.99611463,0.994386697,0.98127258,0.987024219,0.984611458,0.96436635,0.95922789,0.952738895,0.867871174,0.0164561275,0.0038127861,0.00139811683,0.00090537399,0.000680222046,0.000859489591,0.000911330227,0.00112080606,0,0.00216432346,0.00195443955,0.00312323421,0.0015996637,0.00321764465,0.00542016992,0.00548640169,0.00445223343,0.0040719659,0.00204220012,0,0,0,0.00137634564,0.00289704735,0.00462592045,0.0142540357,0.0123650929,0.0110333872,0.0185723706,0.0309492469,0.0401255372,0.109818253,20.6295864,22.4238847,22.9846081,27.440205,28.1072727,27.9525362,27.52822,25.5204113,24.9489211,22.7401222,22.1646657,20.5328469,20.1776289,19.2457157,19.865182,18.4630501,18.1101036,16.4929663,14.8774696,15.3751926,13.4660442,12.133291,12.2162539,10.7403144,11.1428523,10.5056311,8.90164811,8.96448551,7.60391612,5.53771631,3.66867508,3.37158957
evaluation/blue-nile-hats_05/i16_vbr_5ms_256k/master.wav,evaluation/blue-nile-hats_05/i16_vbr_5ms_256k/rust.wav,4.71749849,0.99582536,0.999284607,0.999865478,0.999884863,0.999795815,0.999651989,0.999860595,0.999811556,0.999697534,0.999774206,0.999743607,0.99957822,0.999600766,0.999608339,0.999160643,0.9990328,0.998982194,0.999223807,0.999230577,0.999003944,0.999328137,0.999427924,0.999370321,0.999468454,0.999265013,0.998839278,0.998956294,0.998966289,0.998800363,0.998203185,0.991216754,0.966878607,0.985749043,0.997351861,0.999757866,0.999630683,0.999488048,0.997487828,0.999623499,0.99938036,0.999298348,0.999453548,0.999463324,0.999012775,0.999168467,0.998805969,0.997684306,0.997117343,0.995819848,0.996112433,0.998161841,0.997731262,0.998091277,0.997992786,0.997643293,0.998769203,0.998398941,0.994774788,0.995783497,0.997472179,0.994626982,0.992780301,0.957696202,0.870729766,0.0119556726,0.00332231595,0.00072893223,0.000547661151,0.00121532355,0.0028422365,0.000830443213,0.000879568443,0,0.000889475227,0.000452121807,0,0.00134027227,0.0019255955,0.00274480922,0.00236593604,0.00436637533,0.00343207423,0.00138252619,0,0,0,0,0,0.00151953999,0.00420865277,0.00406633249,0.00348757625,0.00323706447,0.00848193126,0.03796702,0.110811424,20.6073405,22.4318361,22.980495,27.4404085,28.1010146,27.967444,27.534259,25.5113904,24.9428189,22.7416931,22.1445308,20.52764,20.1597756,19.2234771,19.8551902,18.4698175,18.1075056,16.479256,14.8803824,15.389627,13.47185,12.1365083,12.2280284,10.7333382,11.1238732,10.4938511,8.89998323,8.99732356,7.6141313,5.543409,3.67807348,3.36095941
evaluation/blue-nile-hats_05/i16_vbr_5ms_256k/master.wav,evaluation/blue-nile-hats_05/i16_vbr_5ms_256k/c.wav,4.71690041,0.995603119,0.999212662,0.999812811,0.999849746,0.999698428,0.999753962,0.999874779,0.999853093,0.999758816,0.999780447,0.999776675,0.999630438,0.999685108,0.99963736,0.999125596,0.999101926,0.999117644,0.999112933,0.999204241,0.999152768,0.999268773,0.999275897,0.999476613,0.999369583,0.999232099,0.998851816,0.999129889,0.998826274,0.997970448,0.997451539,0.991450072,0.967322029,0.986592249,0.996371147,0.999478069,0.999439993,0.999176197,0.998673096,0.99974152,0.99968091,0.999433306,0.999488016,0.999361975,0.999393071,0.999390639,0.999171763,0.998273893,0.998656578,0.997448031,0.995709119,0.997911546,0.998345398,0.996808495,0.997094429,0.998888438,0.997808784,0.998443261,0.99535748,0.997479902,0.997162733,0.991811961,0.986980299,0.958068992,0.870289613,0.0162258095,0.00386360663,0.00112793004,0.00112992818,0.00125292255,0.00108903803,0.000409502194,0.000457636229,0,0.000809742739,0.00153513894,0,0.00142169032,0.00190766745,0.00161775607,0.000404754213,0.00356711938,0.00387820134,0.00259206649,0,0,0,0,0,0.00200306078,0.00384610941,0.00338196918,0.0034357535,0.00621801095,0.0133992002,0.0373769264,0.110858155,20.6409617,22.4167853,22.9759904,27.441279,28.1043417,27.9645865,27.5289898,25.5141743,24.9274678,22.7314194,22.1571656,20.5334063,20.1501618,19.2166245,19.8381715,18.4496919,18.0910777,16.456485,14.8561319,15.3482547,13.4456547,12.1085887,12.2017517,10.7121042,11.1043024,10.4642335,8.86758614,8.96204073,7.58307768,5.51638733,3.66051402,3.35382356
evaluation/blue-nile-hats_05/i16_vbr_5ms_320k/master.wav,evaluation/blue-nile-hats_05/i16_vbr_5ms_320k/rust.wav,4.71879353,0.996769364,0.99947917,0.999911484,0.999910617,0.999843025,0.99979947,0.999925789,0.999913164,0.999871148,0.999853217,0.999864504,0.999825449,0.999865002,0.999873658,0.999711555,0.999690896,0.999738936,0.999782795,0.999701404,0.999681471,0.999730852,0.999755041,0.999777531,0.999766164,0.999680564,0.999042732,0.999475661,0.999490756,0.999156814,0.998720548,0.991331035,0.966582227,0.984041203,0.997596943,0.999667061,0.999654887,0.999627223,0.999140977,0.999823076,0.999790738,0.999632372,0.999361878,0.999684855,0.999588571,0.999699418,0.999701736,0.999374159,0.999096679,0.999293587,0.999316599,0.999299735,0.999343072,0.999086388,0.999394875,0.999338137,0.999467258,0.99924682,0.993903567,0.997476382,0.998323232,0.996424412,0.993251898,0.957906871,0.867759788,0.0105543489,0.0031087502,0.000779696527,0.000534824621,0.000654330924,0,0.000647756724,0.000874813666,0,0.00106258027,0.00082366047,0,0.000955193297,0.00111926079,0.00103440549,0.00143943136,0.00181277272,0.00160225861,0.00132645743,0,0,0,0,0.000630865118,0.00121970354,0.00549264163,0.00252320046,0.00100454382,0.00334915519,0.00632546848,0.0381461708,0.11281463,20.6013321,22.4210081,22.9755191,27.441811,28.1025579,27.9658008,27.5284775,25.5139557,24.9319131,22.7274551,22.1540297,20.53083,20.1461562,19.2120463,19.8358289,18.4499979,18.089458,16.4514208,14.8475165,15.3415022,13.4448017,12.1063162,12.1890783,10.7025067,11.0988743,10.4601875,8.86322932,8.95520368,7.57696758,5.51176873,3.66144218,3.35409491
evaluation/blue-nile-hats_05/i16_vbr_5ms_320k/master.wav,evaluation/blue-nile-hats_05/i16_vbr_5ms_320k/c.wav,4.71924046,0.99698154,0.999499784,0.999915186,0.999919539,0.999860416,0.999823361,0.999914431,0.999905224,0.999853119,0.999895995,0.999888664,0.999853619,0.99986454,0.999864248,0.999688722,0.999680712,0.999685898,0.999763235,0.999710971,0.999720233,0.999747082,0.999770521,0.999841889,0.999760635,0.999678899,0.99954133,0.999570206,0.999434143,0.999067858,0.998685698,0.991586467,0.967475655,0.988056968,0.9980031,0.999825874,0.999673164,0.999697259,0.998942784,0.99973381,0.999771527,0.999402138,0.999666464,0.999679578,0.999757979,0.999727821,0.999688923,0.999097451,0.999479335,0.999015998,0.999040521,0.99927232,0.999408503,0.999171623,0.999285971,0.999588296,0.999281887,0.999228564,0.998509242,0.998522076,0.997897064,0.995456922,0.994670831,0.958919689,0.869954433,0.00955829971,0.00295124026,0.000605813938,0.000478497281,0.000618668322,0.00111675371,0.000723128598,0.000700997592,0,0.000927347064,0.000899715209,0,0.00019007474,0.00099718599,0.00104761139,0.00104663531,0.00215537285,0.0017451575,0.00160735389,0,0,0,0,0,0.000837633793,0.00149765525,0.000949942293,0.00106369019,0.00140571178,0.00603915861,0.036818392,0.110008277,20.5613792,22.4264974,22.9823078,27.4427091,28.1120149,27.9526726,27.5284313,25.5154462,24.9464114,22.7408181,22.1596783,20.52836,20.1634985,19.2301213,19.8524254,18.4585197,18.088252,16.4674437,14.8604581,15.3477465,13.4446839,12.1132342,12.1956888,10.7138742,11.1100637,10.4788542,8.87356109,8.94764781,7.58206077,5.51681559,3.65839004,3.35594303
evaluation/blue-nile-hats_05/i24_cbr_5ms_192k/master.wav,evaluation/blue-nile-hats_05/i24_cbr_5ms_192k/rust.wav,4.70749926,0.989982909,0.998676718,0.999756968,0.999771988,0.999545519,0.999364138,0.999774761,0.999673014,0.999570069,0.999464641,0.999414853,0.998985486,0.998943258,0.998973868,0.997895307,0.998076005,0.998152578,0.998316521,0.99797716,0.997721937,0.998018417,0.998167681,0.997869446,0.998080454,0.997663337,0.99673949,0.99702644,0.995426481,0.994961681,0.992458355,0.990328679,0.965136932,0.968107049,0.995117967,0.999400959,0.999083867,0.999028865,0.995800486,0.999499832,0.998993134,0.998939021,0.998659401,0.998729574,0.998198965,0.997660295,0.997858039,0.992429161,0.994772143,0.993550927,0.991462049,0.995631458,0.995899622,0.994278178,0.993433973,0.994084421,0.996140766,0.995145997,0.989108001,0.989181411,0.980299669,0.980878835,0.979074939,0.956172678,0.865840198,0.0326990564,0.00489851488,0.00121426487,0.000689324321,0.000929156549,0.00337441352,0.000578596928,0.00157304007,0,0.000558752215,0.00101975321,0.00215218767,0.00313352132,0.00361635514,0.00714249759,0.00552777965,0.00573728335,0.00556997946,0.00446856925,0,0,0,0.00442970815,0.0031267742,0.0055746292,0.00959371407,0.00890338116,0.0133473332,0.0138138318,0.0243108187,0.0385364646,0.115314049,20.6794904,22.4419343,22.9953841,27.427772,28.1064942,27.9624318,27.528843,25.52304,24.9510181,22.7466925,22.1633462,20.5326677,20.1708499,19.2512429,19.8567246,18.4567865,18.0948775,16.4875187,14.8892756,15.3948412,13.4986687,12.1674457,12.2323941,10.7629335,11.165662,10.5426047,8.93323999,9.00691177,7.63048241,5.55411249,3.68160727,3.36472157
evaluation/blue-nile-hats_05/i24_cbr_5ms_192k/master.wav,evaluation/blue-nile-hats_05/i24_cbr_5ms_192k/c.wav,4.70801109,0.994171917,0.998964998,0.999671521,0.999711307,0.999577628,0.999548901,0.999701771,0.999646433,0.999520011,0.999417482,0.999471133,0.998932579,0.998912983,0.998834158,0.997725014,0.997988642,0.998066813,0.998525562,0.998128248,0.997773898,0.998219546,0.998071503,0.997999735,0.997743166,0.996950696,0.996001013,0.996703904,0.995572229,0.994560899,0.992781769,0.991041751,0.967965153,0.980125641,0.996543926,0.998785953,0.998736083,0.998659305,0.998436635,0.999424663,0.999156206,0.998777592,0.997770859,0.998984314,0.997407041,0.998060428,0.997785967,0.991950232,0.994777619,0.993590678,0.993744299,0.996911455,0.993968699,0.994983694,0.991431987,0.991955597,0.995552462,0.988093244,0.984168192,0.987184906,0.984586979,0.969936664,0.966941285,0.95891318,0.869961558,0.0210991001,0.00435050482,0.00176418589,0.00175422448,0.00137461615,0,0.00116858086,0.00127574514,0,0.00291302603,0.00138908995,0.000926542376,0.00168389778,0.00361691379,0.00614971141,0.00513415822,0.0056751247,0.0045476534,0.00203645038,0,0,0.00293534182,0,0.00476113153,0.0113477943,0.0123263889,0.00990581387,0.013096532,0.0166863418,0.0223223131,0.0359230564,0.107540858,20.612231,22.4365048,22.9914498,27.4285118,28.1041496,27.965814,27.5335091,25.5264915,24.9565732,22.750045,22.1834096,20.5519136,20.1773645,19.2536908,19.868253,18.470274,18.1068481,16.495522,14.8992102,15.4080803,13.5056579,12.1672886,12.2351781,10.7637815,11.1770299,10.5548266,8.93941866,8.99063084,7.62895285,5.55878599,3.67579656,3.37718366
evaluation/blue-nile-hats_05/i24_cbr_5ms_256k/master.wav,evaluation/blue-nile-hats_05/i24_cbr_5ms_256k/rust.wav,4.71719387,0.995764408,0.999378478,0.999855959,0.999894435,0.999754464,0.999736111,0.999874682,0.999855086,0.999804535,0.999754229,0.999782423,0.999692891,0.999661148,0.999685892,0.999259539,0.99916219,0.999290661,0.999341732,0.999278875,0.999200276,0.999464529,0.999391068,0.999451396,0.999444226,0.999215252,0.998820575,0.998988785,0.998702926,0.998291027,0.998309404,0.991364728,0.966873898,0.985729607,0.998044937,0.999628129,0.999658079,0.999360467,0.99879951,0.999711928,0.999752429,0.999485646,0.998982779,0.999542893,0.999487418,0.999366191,0.999347727,0.998018644,0.997765252,0.998465343,0.997573587,0.998700826,0.998247381,0.998170937,0.997399167,0.99824165,0.998358278,0.998344895,0.995453178,0.99631876,0.995343756,0.993941784,0.994323646,0.958090352,0.869840951,0.0120724704,0.00249595028,0.000865127359,0.000823506478,0.00117992744,0.000362369336,0,0,0,0.00163625786,0.00105720296,0.000581795634,0.00120756447,0.00161304813,0.00218482491,0.00236595802,0.00297750379,0.00284741437,0.000986835084,0,0,0,0,0,0.00167421403,0.00468851079,0.00359765494,0.00310621702,0.00513941977,0.00541756088,0.0378104435,0.111659344,20.6145392,22.4339168,22.981645,27.4429758,28.0995518,27.970618,27.5316793,25.5089766,24.9424823,22.7401961,22.1476529,20.5271097,20.1574305,19.2202672,19.8509044,18.4624374,18.1041783,16.480393,14.8694519,15.3840882,13.4749172,12.1409478,12.219736,10.7276532,11.123722,10.4863344,8.89704881,8.99550661,7.61489388,5.54332391,3.67472143,3.35882176
evaluation/blue-nile-hats_05/i24_cbr_5ms_256k/master.wav,evaluation/blue-nile-hats_05/i24_cbr_5ms_256k/c.wav,4.71717234,0.996279577,0.999347626,0.999830418,0.999859882,0.999796182,0.999810491,0.999883572,0.999883906,0.999782929,0.999767263,0.999814207,0.999665976,0.999660359,0.999681876,0.999358253,0.999104005,0.999224876,0.999485096,0.999390228,0.999319393,0.999491207,0.999323063,0.999500243,0.999458396,0.99935943,0.999002622,0.99889043,0.998725861,0.998174103,0.997836691,0.991427933,0.96732425,0.986172777,0.996880725,0.999627137,0.9995367,0.999448508,0.999391733,0.999700997,0.99974402,0.999556244,0.999352083,0.999639784,0.999387152,0.999063811,0.999180258,0.998567629,0.997023884,0.997434302,0.997855403,0.998787111,0.998658443,0.998624566,0.996275496,0.998536576,0.998637659,0.998697181,0.996078629,0.996216239,0.993688534,0.992524257,0.992893177,0.959108115,0.868205286,0.0105036762,0.00310695932,0.00079167927,0.000784406762,0,0,0,0,0,0.00140743811,0.00129771973,0.000851566272,0.00134159463,0.00182096536,0.00212261194,0.00337863669,0.00300939709,0.00241872699,0.000879115361,0,0,0,0,0,0.00161323137,0.00354148835,0.00539054664,0.00341302876,0.00635153851,0.00789614453,0.036319189,0.111982979,20.6054094,22.426221,22.9869488,27.4296064,28.1002232,27.9793644,27.5310283,25.5189157,24.9333446,22.7367877,22.1663229,20.5465821,20.1531365,19.2249656,19.8423218,18.453119,18.0953436,16.4680971,14.869396,15.3779501,13.4806532,12.1380263,12.2262351,10.7393841,11.1423428,10.5107419,8.91136121,8.99031888,7.60329648,5.52943187,3.66299312,3.35779325
evaluation/blue-nile-hats_05/i24_cbr_5ms_320k/master.wav,evaluation/blue-nile-hats_05/i24_cbr_5ms_320k/rust.wav,4.71925229,0.998020827,0.999605317,0.999914206,0.999917281,0.999859478,0.999850998,0.999937408,0.999928386,0.999906803,0.999871367,0.999914491,0.999875864,0.999888147,0.999895628,0.99973253,0.999727679,0.999758884,0.99979942,0.999753957,0.999712832,0.999758645,0.999813737,0.999830667,0.999779674,0.999719175,0.999557624,0.999557903,0.999286823,0.999150934,0.999144904,0.991364161,0.966822775,0.991714531,0.998555946,0.999860885,0.999724869,0.999568341,0.999326059,0.999814316,0.999844913,0.999756561,0.99927296,0.99982488,0.999774648,0.999756955,0.999792878,0.999429203,0.999236079,0.998912816,0.999137927,0.999486828,0.999416803,0.999198161,0.999465594,0.999569102,0.999333899,0.999377161,0.99771648,0.997657364,0.996135508,0.994930613,0.997253186,0.958030066,0.868931312,0.00706463921,0.00256951977,0.000453115099,0,0.000802247202,0,0.000500540113,0.000586228822,0,0.00120125323,0.000672555218,0,0.000681173064,0.000906186557,0,0.00138516923,0.00195883432,0.00165942885,0.00103072082,0,0,0,0,0,0.00103850305,0.002288331,0.00260691951,0,0.00238590105,0.00343992945,0.0380309534,0.11201028,20.5822735,22.4174109,22.9751842,27.4404171,28.1051326,27.9661379,27.5304338,25.5142013,24.9325074,22.72936,22.1554827,20.5342539,20.1502167,19.2142164,19.8404255,18.4491451,18.0868419,16.4519227,14.8484863,15.3425169,13.4417933,12.105482,12.1919147,10.7044693,11.0960215,10.4572494,8.86504243,8.95792878,7.57728956,5.50994529,3.65795553,3.35444912
evaluation/blue-nile-hats_05/i24_cbr_5ms_320k/master.wav,evaluation/blue-nile-hats_05/i24_cbr_5ms_320k/c.wav,4.71966306,0.996062825,0.999414656,0.999921145,0.999913932,0.999871924,0.999877802,0.99993116,0.999927044,0.999894608,0.999874961,0.999897639,0.999870924,0.999893671,0.999885619,0.999679413,0.999699427,0.999757995,0.999821526,0.999764756,0.999749434,0.999808381,0.999834004,0.999805097,0.999740457,0.999676679,0.999600805,0.999703097,0.999476973,0.999297365,0.999117747,0.991671808,0.96757977,0.980205181,0.996910781,0.999866682,0.999654613,0.99970794,0.999608426,0.999830002,0.999841659,0.999650868,0.999386372,0.999748261,0.999796498,0.999824021,0.999676145,0.998946608,0.999574988,0.999156288,0.999318969,0.99943514,0.999529645,0.999452728,0.99958478,0.999352412,0.999196512,0.998916175,0.998441049,0.999128408,0.99801524,0.996646015,0.996222642,0.959315818,0.869843621,0.0143074912,0.00341908143,0.000509964885,0.000644988677,0.000323885625,0,0,0.000766374916,0.000832938446,0.0012757619,0.000903275495,0,0.000785863707,0.00117994164,0.00139689584,0.000720512473,0.00174460834,0.00143709956,0,0,0,0,0,0,0.00109033417,0.00184692173,0.00109723616,0.000733781087,0,0.00266471759,0.0365428474,0.110016719,20.5965385,22.4202022,22.9771582,27.4416258,28.104322,27.964435,27.5291864,25.5141859,24.9295754,22.7292585,22.1537234,20.5341485,20.1465432,19.2124316,19.8389541,18.4476374,18.0836536,16.4484444,14.8476462,15.3405617,13.4412109,12.1074019,12.1908908,10.7031489,11.0950948,10.4578493,8.86163079,8.95300609,7.57136825,5.50931332,3.65848615,3.35313569
evaluation/blue-nile-hats_05/i24_vbr_5ms_192k/master.wav,evaluation/blue-nile-hats_05/i24_vbr_5ms_192k/rust.wav,4.70645745,0.990905172,0.998709135,0.999692452,0.999727735,0.999498652,0.999401458,0.99970219,0.999628766,0.999428278,0.999309528,0.999378766,0.998870505,0.999060046,0.999063552,0.997521918,0.997319512,0.997869563,0.99841085,0.997807857,0.997673097,0.998329379,0.998059153,0.998546944,0.998017304,0.997129535,0.996902964,0.997073614,0.994678727,0.995019117,0.991232292,0.989585762,0.965890322,0.969943574,0.996353987,0.999197536,0.998998335,0.99884412,0.996973111,0.999312325,0.99890336,0.998617777,0.997477894,0.998966822,0.997856579,0.998194818,0.998490394,0.990109632,0.99243477,0.991092161,0.992980402,0.996282432,0.994945852,0.995780573,0.994518845,0.995735301,0.995869771,0.992440494,0.989216844,0.990362893,0.979356988,0.979021744,0.973517146,0.953795777,0.866498032,0.0284941526,0.00526804826,0.00156910796,0.00115026461,0.00163823881,0.00244498053,0.00130055001,0.00192375073,0.000459071586,0.00317445876,0.00094760842,0,0,0.00262397667,0.00880192581,0.00636132825,0.00729299163,0.00530463134,0.00363403266,0,0,0.00669658766,0,0.00205273938,0.00603840241,0.00839990349,0.008622164,0.0155064517,0.0134582868,0.0373806103,0.0411642221,0.112812874,20.6361214,22.4399274,22.9862463,27.44626,28.099815,27.963997,27.5335401,25.5131596,24.9391507,22.7372882,22.143644,20.5330598,20.1684474,19.2287846,19.8501944,18.4617777,18.1203925,16.4849566,14.8816072,15.386579,13.4723,12.1516615,12.2338197,10.7467711,11.1333731,10.5094629,8.91631844,9.01928783,7.62614183,5.55036996,3.69197178,3.37008742
evaluation/blue-nile-hats_05/i24_vbr_5ms_192k/master.wav,evaluation/blue-nile-hats_05/i24_vbr_5ms_192k/c.wav,4.70781287,0.994289476,0.99901399,0.999684262,0.999787894,0.99962406,0.999571367,0.999685243,0.999597643,0.999483629,0.999445021,0.999407263,0.998852243,0.999026376,0.9988843,0.997707577,0.997546707,0.998295844,0.998766466,0.998255777,0.997862552,0.998047365,0.997997989,0.998210329,0.997963516,0.997597206,0.996152702,0.99595265,0.995361616,0.994654416,0.992624869,0.990852444,0.968223584,0.983952168,0.997149117,0.999145731,0.999378482,0.999339171,0.998649441,0.999364267,0.99909805,0.998700254,0.998420888,0.999009912,0.997590565,0.998202224,0.997702216,0.993606366,0.99360719,0.995106068,0.995985921,0.996527204,0.99597447,0.994138507,0.990668668,0.993164435,0.996054022,0.993513776,0.985890386,0.982268236,0.984944786,0.973246114,0.972938773,0.952180404,0.868819985,0.017131308,0.0035786391,0.00141256529,0.00126622048,0,0,0.000426996076,0.00147907101,0,0.00212061867,0.001200067,0.0023999922,0.00213366024,0.00379677121,0.00460943219,0.0054079427,0.00502533452,0.00333071504,0.00127512022,0,0,0.00307022599,0,0.00249941074,0.00552412375,0.0124555142,0.0184145385,0.0132222651,0.0197702428,0.0245178339,0.0389391531,0.107703305,20.6080621,22.4330441,22.9889773,27.4385468,28.104133,27.9506012,27.5304839,25.5219973,24.9447046,22.7365809,22.1670267,20.531995,20.1725844,19.243858,19.871891,18.4699367,18.1101768,16.4931275,14.8824522,15.3743915,13.4620244,12.1312931,12.2130065,10.7439711,11.1474333,10.5025992,8.90042508,8.96481094,7.60543187,5.53364419,3.66437639,3.36863627
evaluation/blue-nile-hats_05/i24_vbr_5ms_256k/master.wav,evaluation/blue-nile-hats_05/i24_vbr_5ms_256k/rust.wav,4.71729383,0.996407192,0.999324086,0.999863558,0.999844893,0.99979637,0.999601193,0.999856234,0.999827402,0.999757851,0.999801345,0.999774022,0.999660876,0.999679506,0.999720631,0.999258654,0.999169688,0.999118687,0.999349079,0.999324354,0.999036721,0.999381738,0.999395558,0.99929596,0.999482534,0.999322561,0.998677767,0.999021335,0.998852004,0.998391023,0.998032444,0.99128305,0.967238623,0.98525829,0.996873855,0.999690293,0.999238289,0.999520254,0.996727188,0.999475202,0.999540762,0.999376607,0.999468635,0.999541848,0.99921507,0.999342135,0.999543786,0.997963981,0.99724983,0.997434982,0.997406191,0.998809927,0.998293446,0.998467314,0.998092819,0.997086462,0.998486801,0.998454191,0.993777931,0.996212254,0.996512035,0.994412427,0.993251963,0.957152782,0.869720782,0.00979986671,0.00325757264,0.000758775659,0.00150862472,0.000985411905,0.00376643515,0.00119142121,0.00101343333,0,0.000756109171,0.000119939739,0,0.00101512179,0.000707024292,0.0020404872,0.00264521414,0.00379796066,0.00307810952,0,0,0,0,0,0,0.00119572809,0.00552013886,0.00357267009,0.00285498551,0.00490601427,0.00786308529,0.038392435,0.110693223,20.6362073,22.4424009,22.9872547,27.4274461,28.1000551,27.9777928,27.530672,25.5214358,24.9375403,22.7446625,22.1640573,20.5440056,20.1565702,19.2282032,19.8418851,18.4589218,18.0963874,16.4664091,14.8778976,15.3867776,13.4926548,12.1416816,12.2287463,10.7359576,11.1412759,10.5082407,8.91031728,8.99853922,7.61087621,5.53424945,3.66228547,3.36224378
evaluation/blue-nile-hats_05/i24_vbr_5ms_256k/master.wav,evaluation/blue-nile-hats_05/i24_vbr_5ms_256k/c.wav,4.71663925,0.996086033,0.999382946,0.999822877,0.999858652,0.999751726,0.999783295,0.999861039,0.999835149,0.999733569,0.999796689,0.999797087,0.999642408,0.999715017,0.99973095,0.999334516,0.999159916,0.999228176,0.999433824,0.999331924,0.999198212,0.99946919,0.999290381,0.999493188,0.999375942,0.999267693,0.998820264,0.998905311,0.998782521,0.997789433,0.997391247,0.99133937,0.967225058,0.988435263,0.997317323,0.999590874,0.999480482,0.999102548,0.999109297,0.999650972,0.999534292,0.999315652,0.999468329,0.99948115,0.99944464,0.999385521,0.999423812,0.998042148,0.99826844,0.997724227,0.998312293,0.998775473,0.998177002,0.998135268,0.995807082,0.998637346,0.997855381,0.998382415,0.995717772,0.995515328,0.995781464,0.992593419,0.992832898,0.958793833,0.86990712,0.0130330967,0.00296718185,0.000902881219,0.000833514047,0.0011903691,0,0,0.000575360611,0,0.000577894268,0.00126205934,0,0.00109234376,0.0014864956,0,0.00200346713,0.00303324757,0.0023145181,0.00123256861,0,0,0,0,0,0.00212273597,0.00433046762,0.00420373705,0.0024007818,0.00701477132,0.00886102539,0.0370380606,0.111886012,20.6149001,22.4224373,22.9766941,27.4413315,28.1034801,27.9662634,27.5318437,25.5135939,24.9278774,22.729509,22.1557913,20.5337428,20.1457545,19.2127657,19.84177,18.454867,18.0909955,16.4551043,14.8559785,15.3499804,13.4461315,12.1122089,12.1997821,10.7096781,11.1049796,10.4623483,8.86960971,8.96072645,7.58141147,5.51535021,3.65990562,3.35361786
evaluation/blue-nile-hats_05/i24_vbr_5ms_320k/master.wav,evaluation/blue-nile-hats_05/i24_vbr_5ms_320k/rust.wav,4.71948716,0.997477342,0.999530934,0.999913557,0.999894473,0.999871215,0.999858052,0.999941798,0.999924887,0.99989802,0.999891584,0.999897341,0.999870422,0.999897317,0.999892893,0.999752493,0.999737831,0.999766041,0.999814547,0.999765034,0.999687636,0.999770108,0.999782825,0.999820838,0.999767219,0.999727705,0.999470955,0.999541519,0.999521195,0.99937646,0.99913392,0.991399607,0.96701571,0.990195209,0.99840281,0.999675082,0.999425835,0.999751774,0.999501598,0.999867904,0.999848817,0.999648333,0.999487742,0.999768339,0.999743842,0.999808197,0.99966865,0.999430575,0.999386577,0.99925261,0.999307317,0.999585049,0.999327128,0.999289278,0.999494291,0.999626623,0.999356994,0.999278275,0.99760759,0.997823052,0.998708812,0.99798296,0.9954275,0.958146148,0.870015507,0.00794088666,0.00285420468,0.000841247565,0.00106668914,0,0,0.000614155555,0.000830930319,0,0.00095242963,0.000755809936,0,0.000654749026,0.00105129749,0.00116486156,0.00107322168,0.00194699433,0.0015660271,0.000607486454,0,0,0,0,0,0.00114314842,0.00307742811,0.00247855534,0.00196551986,0.00269762072,0.00432183091,0.0380830329,0.111334881,20.6173164,22.4176648,22.9731707,27.4400916,28.1034711,27.9671784,27.530495,25.5159125,24.9314976,22.7277678,22.1532157,20.5307011,20.1461779,19.2130525,19.8360795,18.4481766,18.0893975,16.4531444,14.8476905,15.3422544,13.4434355,12.1055459,12.1938293,10.702025,11.0979167,10.4575284,8.8648255,8.95529257,7.5772037,5.50982463,3.65843813,3.3545442
evaluation/blue-nile-hats_05/i24_vbr_5ms_320k/master.wav,evaluation/blue-nile-hats_05/i24_vbr_5ms_320k/c.wav,4.71939508,0.997004013,0.99955569,0.999931021,0.999926595,0.999879982,0.999885957,0.999939694,0.999932993,0.999874509,0.999899461,0.999917161,0.999860454,0.999900603,0.999886169,0.99976256,0.999748728,0.999779808,0.999796471,0.999745754,0.999714014,0.999776816,0.999805443,0.999823551,0.999702464,0.99969921,0.999391272,0.999617265,0.999209426,0.999172309,0.999139937,0.991657979,0.96754662,0.986339739,0.998149794,0.999877004,0.999665875,0.999764013,0.999488184,0.999850361,0.999889445,0.999632841,0.999531662,0.999838936,0.999608094,0.999843332,0.999640799,0.999465231,0.999553502,0.999338753,0.999120326,0.999480701,0.999348693,0.999303775,0.999129178,0.999542337,0.99874276,0.999140157,0.996277783,0.998727879,0.994816132,0.99658375,0.996617102,0.959198773,0.86980271,0.00987949523,0.00260862108,0.000291933282,0.000473065388,0.000573970868,0,0.000312718105,0.000568663493,0,0.00101879963,0.000565535894,0.000510046607,0.000426401738,0.00114306358,0.00130880643,0.0010717778,0.00176043377,0.00168286016,0.000902482345,0,0,0,0,0,0.00137623387,0.00417703229,0.00186149394,0.00132934908,0.00305225943,0.00361137324,0.0366176662,0.110285748,20.5527112,22.4269017,22.9804925,27.4418311,28.1117762,27.9509358,27.5272648,25.5152988,24.9457513,22.7380542,22.1576603,20.5261944,20.1633148,19.2313694,19.8485435,18.4540574,18.0883281,16.4661511,14.8580358,15.3446422,13.4437104,12.1127517,12.1963671,10.7150274,11.1122185,10.4786939,8.86856153,8.94389521,7.57903811,5.51724383,3.65807073,3.35465377
evaluation/lori-asha_01/i16_cbr_5ms_192k/master.wav,evaluation/lori-asha_01/i16_cbr_5ms_192k/rust.wav,4.72454426,0.99814336,0.999554145,0.999530085,0.999564061,0.999320771,0.999606394,0.999317614,0.999082738,0.999464411,0.999349493,0.999232992,0.998769513,0.997997945,0.99822015,0.997381165,0.998118221,0.997918379,0.99784715,0.996364631,0.99474844,0.995807832,0.996546275,0.995811734,0.997220374,0.997875326,0.997738794,0.998594971,0.99917823,0.999166161,0.999589485,0.997356531,0.98968852,0.989520669,0.999114807,0.998076568,0.999317985,0.996430771,0.998848084,0.996466281,0.997669725,0.998098956,0.997744792,0.997668356,0.995749107,0.995319557,0.995841466,0.993410496,0.995022101,0.9937278,0.996031799,0.991538096,0.969505726,0.97484847,0.988283974,0.988298622,0.98912541,0.994126226,0.994202667,0.99727904,0.998350137,0.997641332,0.999051443,0.992895067,0.96027035,0.007509169,0,0.00222267767,0.000820842367,0,0.00193797931,0.00396670124,0.00366262876,0.000950469232,0.00316898779,0.00246225842,0.00209631523,0.00407815452,0.00415280837,0.00426422666,0.00562855839,0.00601861145,0.00547978602,0.00758806917,0.0233679943,0.0169792088,0,0.0076169778,0.00583069157,0.00460921094,0.0043965069,0.00281801158,0,0,0,0.00512801249,0.0352139818,27.3993635,28.2325967,27.4008297,26.8838027,27.2588642,27.699878,24.7038501,23.3337486,24.6694173,21.8970664,22.6725115,21.0736803,20.648431,19.6903912,19.8117553,18.7226028,18.6345513,17.2632981,17.2135446,17.4164029,16.3588086,15.8732211,15.9494371,15.2107394,14.0522545,14.9236321,15.070534,16.024549,15.315826,12.8978654,8.15115578,5.10044268
evaluation/lori-asha_01/i16_cbr_5ms_192k/master.wav,evaluation/lori-asha_01/i16_cbr_5ms_192k/c.wav,4.72388382,0.996610501,0.999526957,0.999425046,0.999507198,0.999220388,0.999576227,0.999453861,0.999087229,0.999457705,0.999489229,0.999254357,0.999092119,0.998252168,0.997897395,0.996522283,0.997466084,0.9975561,0.99768692,0.997267857,0.996476604,0.996520619,0.996652065,0.996578919,0.997127744,0.997970418,0.997601888,0.998654132,0.999231422,0.999178306,0.99959881,0.997035317,0.987512348,0.966530137,0.998700204,0.998046215,0.99883988,0.996454005,0.998894534,0.998567812,0.997991491,0.99805478,0.998295635,0.997799527,0.997357338,0.996957504,0.992307796,0.984405986,0.9919809,0.995203147,0.994654307,0.98834335,0.986972232,0.989488546,0.993507747,0.988883683,0.985262011,0.993814878,0.993711678,0.996150993,0.998608986,0.996761142,0.998990435,0.992901006,0.943815727,0.0313485696,0,0.00232239425,0,0,0.000755975716,0.00252312932,0.00283996759,0.00192970235,0.00179120759,0.00281675665,0.00234726108,0.00304528847,0.00878918824,0.011054835,0.00504850119,0.0080836653,0.00660173439,0.00710906998,0.00707739398,0.00414977147,0.00452263571,0.00577421689,0.00732688914,0.00440314906,0.00255454551,0.00200640161,0,0,0,0.00755445919,0.0530944829,27.1790941,27.9936188,27.1781262,26.6944199,27.0460691,27.5056504,24.5381396,23.1369646,24.5108673,21.7523262,22.509075,20.9309248,20.4927687,19.5489621,19.6483981,18.5518435,18.4758085,17.1227689,17.0684229,17.2479189,16.2092988,15.6975664,15.7673236,15.0414173,13.8837472,14.7329696,14.8808408,15.8576298,15.1768471,12.7577817,7.99590215,4.90316448
evaluation/lori-asha_01/i16_cbr_5ms_256k/master.wav,evaluation/lori-asha_01/i16_cbr_5ms_256k/rust.wav,4.72705845,0.999209641,0.999715818,0.999753754,0.999728385,0.999566926,0.999776568,0.999660267,0.999475489,0.999685135,0.99964674,0.999485273,0.999589336,0.999339378,0.99919127,0.999054689,0.999145476,0.999002902,0.998631842,0.998043014,0.998247744,0.998653313,0.998825326,0.998830669,0.998730756,0.999299807,0.999298462,0.999435134,0.999594714,0.999602696,0.999881466,0.997929694,0.988842587,0.997278045,0.999177647,0.999205563,0.999482605,0.997720453,0.999475401,0.999157053,0.998727596,0.999201462,0.998949974,0.998326981,0.998615573,0.998525076,0.996386726,0.997845615,0.997662987,0.998005012,0.996047342,0.994982296,0.994498015,0.994448656,0.99642611,0.995093916,0.991313162,0.997755008,0.998492919,0.99874928,0.999095721,0.998631376,0.999747712,0.992737988,0.939225254,0.000939849635,0,0.000937012661,0,0,0,0.00209740538,0.0025028185,0.000794513782,0.00159374073,0.00207670424,0.00127388135,0.00196968768,0.00391551898,0,0.00269380744,0.00378883959,0.00562688866,0.00361275947,0.00481571318,0,0,0.00202822782,0.00535221939,0.00110781073,0,0,0,0,0,0.00888121447,0.055225238,27.1532183,27.9996263,27.1693061,26.6183212,26.9806362,27.4532436,24.4531729,23.0521835,24.4134235,21.6520028,22.410149,20.8262948,20.4084815,19.4485332,19.5753246,18.4716163,18.3921081,17.0273524,16.9796044,17.1906377,16.1351993,15.6415279,15.7027046,14.9597679,13.8048555,14.6758751,14.8234908,15.764049,15.0595851,12.6149427,7.85794708,4.79999457
evaluation/lori-asha_01/i16_cbr_5ms_256k/master.wav,evaluation/lori-asha_01/i16_cbr_5ms_256k/c.wav,4.72742046,0.998953563,0.999698983,0.999679087,0.999714749,0.999506948,0.999738002,0.99962293,0.999330392,0.999658862,0.99966585,0.999604583,0.999583699,0.999411459,0.999319729,0.998382905,0.999006925,0.998956716,0.998590907,0.998194395,0.998479147,0.998797967,0.998696572,0.998525834,0.998960651,0.999318739,0.999170888,0.999390589,0.999553398,0.999673352,0.999888746,0.998125206,0.990298803,0.993905786,0.998940574,0.9985633,0.999497468,0.997357125,0.999402932,0.998969852,0.99821467,0.999144677,0.998957335,0.999136881,0.998417453,0.99860297,0.998072776,0.993616442,0.99805,0.997046675,0.997203474,0.994465729,0.996417356,0.994538852,0.995713367,0.995039738,0.995029295,0.998100308,0.997573961,0.998327562,0.998607708,0.999008219,0.999794845,0.994363111,0.959056588,0.00524805361,0,0.00150418595,0.000376452517,0,0,0.00211363652,0.00304201661,0.000144073497,0.000782396606,0.00129136776,0.00129210048,0.00191761927,0.00172014152,0.00445869929,0.00333389724,0.00446220991,0.00500766003,0.00356896183,0.00280744279,0,0,0.00268802039,0.00335820425,0.000772336685,0,0,0,0,0,0.00645803201,0.0384876346,26.9428025,27.7689524,26.9463328,26.4247716,26.7696178,27.2471096,24.2769536,22.8527252,24.2487147,21.4895122,22.2399943,20.6732144,20.2355288,19.2937795,19.4064099,18.2924001,18.2174528,16.8692188,16.8222203,17.0198866,15.9792579,15.4556572,15.5172543,14.782707,13.6359783,14.480074,14.636964,15.5985947,14.9071427,12.4617873,7.68923946,4.62390475
evaluation/lori-asha_01/i16_cbr_5ms_320k/master.wav,evaluation/lori-asha_01/i16_cbr_5ms_320k/rust.wav,4.72826544,0.999335878,0.999790448,0.999802435,0.999816436,0.999727028,0.999848038,0.99981141,0.99968779,0.999807432,0.999827797,0.999800265,0.999776568,0.999696894,0.999621194,0.999428812,0.999678212,0.999608935,0.999558281,0.999249772,0.999081015,0.999134589,0.999280224,0.999340617,0.999503406,0.999642345,0.999527483,0.999580006,0.999678816,0.999709366,0.999922503,0.99812232,0.991121573,0.997037334,0.999401157,0.9993419,0.999694697,0.998604302,0.999685367,0.999445906,0.999091652,0.999620982,0.999354999,0.999445876,0.999020761,0.999274697,0.999051516,0.99848475,0.999343095,0.999036292,0.999110019,0.998001927,0.996981633,0.994959163,0.997405461,0.997855702,0.997990891,0.999330701,0.999148914,0.998890315,0.998797479,0.998948918,0.999869804,0.994650378,0.955782038,0.0025212678,0,0.00082948379,0.000309952214,0,0,0.00145795623,0.00182205622,0,0.00108660992,0.000649336494,0.0012137095,0.00132957978,0.00098833606,0.00109149706,0.00124251409,0.00229676953,0.0022040181,0.00118510249,0.0019773857,0,0,0,0.00115782681,0.000893986052,0.000508852806,0.000725536994,0.000497419678,0,0,0.00759970056,0.0407255095,27.3923602,28.2275382,27.4036078,26.8930723,27.2623192,27.7067461,24.710141,23.3232503,24.6655251,21.9024742,22.6671111,21.0755959,20.6524718,19.6948317,19.8109771,18.709419,18.6276296,17.2471765,17.1953608,17.4010445,16.3443552,15.8544187,15.9282388,15.193254,14.0218705,14.8934117,15.0370349,15.9931094,15.2834654,12.849504,8.09301684,5.06764811
evaluation/lori-asha_01/i16_cbr_5ms_320k/master.wav,evaluation/lori-asha_01/i16_cbr_5ms_320k/c.wav,4.72838751,0.999253542,0.999772675,0.999794784,0.999793565,0.999635699,0.999821675,0.999722096,0.999608527,0.999784327,0.999777825,0.999790308,0.999730409,0.999634892,0.999572963,0.999353663,0.99962059,0.999652506,0.999542821,0.999318245,0.999283761,0.999275528,0.999322215,0.999350491,0.999413185,0.9995886,0.999485882,0.999623903,0.999677413,0.999771818,0.999930831,0.998247413,0.991435649,0.995803444,0.999207059,0.999329411,0.99961983,0.997774601,0.99961644,0.999134154,0.998772837,0.99930622,0.999373559,0.999409569,0.998918257,0.998957034,0.998255461,0.997924938,0.999232943,0.999373351,0.99894206,0.998499983,0.997878436,0.996773307,0.998384769,0.99804631,0.997257894,0.999097607,0.998931128,0.999081373,0.998942929,0.999398457,0.999865728,0.994975706,0.959784266,0.00419870705,0,0.000944577923,0,0,0.00041721501,0.00180124862,0.00198702961,0,0,0.000679801887,0.00128521882,0.0016634711,0.00127118364,0.00120353516,0.00105432199,0.0017878988,0.00236024398,0,0,0,0,0,0.00250936355,0.00142880928,0.00134750526,0.00059722636,0.000794572058,0,0,0.00677627064,0.037124921,27.3841535,28.2247853,27.4048898,26.8881974,27.2647452,27.7066154,24.7132599,23.3295785,24.6670453,21.9031776,22.6699184,21.0802431,20.6541746,19.6968906,19.8146095,18.7094344,18.627359,17.2502877,17.1986246,17.4026225,16.3478883,15.8553197,15.9254885,15.1864622,14.0173361,14.8918043,15.0372964,15.9902594,15.2806397,12.8504985,8.08960363,5.06932022
evaluation/lori-asha_01/i16_vbr_5ms_192k/master.wav,evaluation/lori-asha_01/i16_vbr_5ms_192k/rust.wav,4.72468643,0.998722573,0.999587185,0.999524696,0.999547052,0.999270994,0.999592185,0.999495179,0.999110415,0.999493215,0.999417041,0.998900524,0.998937192,0.998318682,0.998299166,0.997045677,0.998064533,0.997363375,0.997552563,0.996525874,0.995408942,0.996349083,0.996649367,0.996579727,0.997181957,0.997941376,0.997832815,0.998512578,0.999110982,0.999153596,0.999626976,0.997300205,0.990234964,0.991464893,0.999046902,0.998269798,0.999190334,0.997924069,0.999265802,0.998444694,0.997174662,0.998462217,0.998028436,0.995951929,0.996517496,0.996264803,0.996345952,0.992381256,0.994638907,0.992686168,0.995481199,0.988879559,0.980643612,0.983027577,0.991085091,0.990863427,0.989140864,0.994661162,0.994203928,0.995710511,0.997680848,0.997579114,0.998977507,0.993409371,0.962984044,0.00816736467,0.000915271133,0.00184904209,0,0,0.00132530284,0.00263277281,0.00341268262,0.0016326658,0.00226592822,0.00383502668,0.00198938649,0.00387804368,0.00361661828,0.00485508073,0.0050745588,0.00878540539,0.00663005552,0.0079069523,0.0164760177,0.00903959604,0.00385302549,0.00563505348,0.00649397948,0.00317892292,0.00410784098,0.00357803714,0.000273919968,0,0,0.00555424422,0.0329853771,27.1569115,27.9932549,27.1659787,26.6619028,27.0395121,27.4722805,24.4954983,23.1166919,24.4810708,21.7043507,22.4956993,20.8860946,20.4628563,19.5049036,19.6197671,18.5191102,18.436762,17.0753446,17.0369243,17.2150081,16.1554816,15.6763348,15.7673889,15.006638,13.8560957,14.7546164,14.8820183,15.8409536,15.1307843,12.7316989,7.98204229,4.92679255
evaluation/lori-asha_01/i16_vbr_5ms_192k/master.wav,evaluation/lori-asha_01/i16_vbr_5ms_192k/c.wav,4.72456395,0.998766313,0.999473103,0.999487516,0.999575346,0.999278327,0.999647631,0.999557789,0.999271348,0.999533607,0.999484457,0.999067987,0.998858383,0.998260651,0.998101231,0.997176458,0.997590096,0.997837982,0.997418771,0.996656388,0.995803115,0.995649634,0.996403473,0.996338048,0.997308196,0.998183498,0.99803443,0.998636159,0.999053255,0.99922026,0.999639215,0.997250058,0.988861138,0.993986813,0.997574683,0.998366197,0.999246218,0.995832636,0.999015245,0.99848857,0.998389355,0.998669023,0.998394531,0.99758622,0.995413945,0.995717226,0.994146279,0.993700818,0.994555379,0.995126814,0.994192194,0.987651159,0.98644273,0.983749679,0.987629695,0.989524837,0.987919763,0.995432567,0.994813362,0.996868664,0.997843251,0.997781607,0.999100433,0.993852639,0.955678968,0.00325881483,0,0.00244744107,0.000185354285,0,0,0.00225269769,0.00218500746,0.000669951175,0.00184743694,0.00275246642,0.00362333416,0.00376715838,0.00641551252,0.00624964402,0.00541309608,0.00616501396,0.00787466511,0.0074314563,0.00980421113,0.00854585522,0.00552524399,0.00496703961,0.0065061437,0.00321943286,0.00194680985,0.000986944256,0,0,0,0.00603096647,0.0386225208,27.321391,28.1871833,27.3626846,26.8563735,27.2483523,27.6870733,24.6741192,23.3123621,24.6434933,21.908486,22.621929,21.0488598,20.6431999,19.6866078,19.8165458,18.7338441,18.6622769,17.2882203,17.2613323,17.4524829,16.3948011,15.9178606,15.9648804,15.2744716,14.1208712,14.9774479,15.1083106,16.031761,15.3146617,12.9227788,8.17822624,5.0837078
evaluation/lori-asha_01/i16_vbr_5ms_256k/master.wav,evaluation/lori-asha_01/i16_vbr_5ms_256k/rust.wav,4.72711888,0.999076483,0.999698507,0.999725605,0.999719351,0.999592669,0.999764451,0.999599932,0.999518013,0.999701537,0.999685578,0.999580916,0.999588906,0.999290917,0.999280525,0.998869977,0.999089839,0.998974336,0.998561868,0.998018841,0.998151623,0.998608951,0.998833609,0.998884102,0.999150543,0.999314096,0.999156874,0.999475835,0.999589463,0.999588244,0.999874198,0.997922747,0.989173395,0.994570187,0.999185099,0.999191078,0.999375147,0.997982182,0.999500203,0.998816517,0.998826155,0.999227457,0.999142327,0.998337908,0.998622052,0.998148783,0.997947509,0.997317702,0.998207012,0.997255899,0.997055213,0.995544754,0.995157546,0.99419752,0.997584743,0.996207852,0.995959399,0.99763104,0.997583456,0.998914687,0.99914403,0.99845592,0.999681324,0.993461796,0.943139504,0.00424320742,0,0.000917999501,0,0,0,0.0020870797,0.0019128872,0.000505093966,0.000973830489,0,0.00133739869,0.00272995901,0.00200077947,0.00150549398,0.00275742087,0.00355862847,0.00450752999,0.00329541936,0.00465086643,0.000400731956,0,0.00159072868,0.00263164879,0.00187705574,0,0,0,0,0,0.0083446902,0.0516802587,26.9905214,27.8309206,26.9998959,26.4320689,26.7555245,27.2321069,24.2312666,22.846533,24.2009518,21.4452405,22.2037317,20.6272467,20.192155,19.2191783,19.3574402,18.2857979,18.1732865,16.7825591,16.7389314,16.9661892,15.9217683,15.3981719,15.4611207,14.7457867,13.5578681,14.4175138,14.5706201,15.5225824,14.8102543,12.3872819,7.63238449,4.58453491
evaluation/lori-asha_01/i16_vbr_5ms_256k/master.wav,evaluation/lori-asha_01/i16_vbr_5ms_256k/c.wav,4.72748103,0.998551793,0.999699377,0.999728509,0.99972093,0.999565021,0.999750281,0.999696017,0.999356296,0.999678754,0.999693131,0.999539503,0.999565428,0.99943436,0.999411775,0.998823965,0.999034002,0.998983085,0.99889355,0.998596393,0.998657346,0.998852109,0.998774333,0.998684013,0.998993978,0.99943676,0.999265808,0.999381851,0.999557542,0.999686929,0.999884715,0.998123445,0.990189498,0.988168475,0.998829196,0.999192117,0.999550569,0.997581586,0.99907656,0.999075544,0.998413806,0.998781231,0.999093481,0.99878229,0.998531708,0.998852882,0.9988921,0.997265546,0.997413222,0.996973542,0.99719181,0.996810078,0.99582955,0.995450796,0.995774448,0.995568159,0.994535716,0.997943086,0.998070158,0.998461933,0.99891908,0.999335718,0.99976737,0.994016732,0.957592977,0.00973971816,0,0.00100063243,0,0,0,0.00121351692,0.00264648657,0.00148291921,0.0017868957,0.00122037253,0.00104176654,0.00168961835,0.00193568207,0.00113154798,0.00330219408,0.00400742833,0.00437743655,0.000106367108,0.00176846313,0,0,0.00104769106,0.00335059606,0.00176617794,0,0,0,0,0,0.00664954799,0.0395532034,27.4809685,28.3358525,27.5019839,26.9516914,27.3532887,27.7645366,24.771383,23.4038074,24.7051773,21.9951029,22.7193856,21.177092,20.7111579,19.7655858,19.888885,18.787951,18.7001893,17.3280913,17.283462,17.4727967,16.4400627,15.9308085,15.9945982,15.2629771,14.1187819,14.9642678,15.1344506,16.0831734,15.367929,12.9332065,8.16701552,5.13258023
evaluation/lori-asha_01/i16_vbr_5ms_320k/master.wav,evaluation/lori-asha_01/i16_vbr_5ms_320k/rust.wav,4.7282276,0.999250656,0.999798499,0.99984693,0.999786739,0.999710502,0.999836507,0.999780541,0.99961499,0.999787714,0.999791127,0.999777243,0.999756165,0.999715614,0.999682174,0.999579557,0.999650417,0.999642458,0.999575602,0.999275051,0.999185057,0.999294194,0.999467612,0.999364719,0.999457666,0.999596994,0.999549978,0.999547463,0.999690625,0.999749848,0.999927712,0.998139235,0.990914926,0.99738531,0.999392617,0.999675747,0.999658793,0.998663591,0.999647957,0.999427597,0.998745125,0.999432663,0.999218796,0.999234132,0.998975362,0.999464681,0.999055924,0.998962706,0.998973306,0.999180753,0.999281069,0.998365235,0.997515003,0.996826942,0.99834217,0.997501602,0.997452139,0.999099897,0.998950194,0.998789206,0.999209267,0.999289236,0.999871395,0.994783579,0.954737647,0.00149945515,0,0.000528112058,0.000374054156,0,0.000416297408,0.0017082379,0.00228011001,0,0.00150530144,0.00120860878,0.000876861825,0.00125354249,0.000274956372,0.000502293486,0.00151664857,0.00226564628,0.00208527909,0.000188009846,0.00203777736,0,0,0.00132437202,0.00193916133,0.00104987894,0,0,0,0,0,0.00745453391,0.0413561077,27.2322881,28.0572665,27.2309096,26.703635,27.0366993,27.4916625,24.4922249,23.1246434,24.4617609,21.702496,22.4609225,20.8790846,20.4411641,19.471569,19.6019252,18.5205072,18.4022007,17.011033,16.9673064,17.183583,16.1352304,15.6212043,15.6935621,14.9758061,13.7770017,14.6351059,14.7865331,15.7545783,15.0378005,12.627796,7.86684357,4.84895368
evaluation/lori-asha_01/i16_vbr_5ms_320k/master.wav,evaluation/lori-asha_01/i16_vbr_5ms_320k/c.wav,4.72837697,0.999277662,0.99974068,0.999797319,0.999793067,0.999626097,0.999827028,0.999780955,0.99967003,0.999799191,0.999829106,0.999768301,0.999730267,0.999660189,0.999677006,0.999432085,0.9996303,0.999694427,0.999605851,0.999359325,0.999333237,0.999219324,0.999268167,0.999321752,0.999414247,0.99957957,0.999419634,0.999633999,0.999696661,0.999783879,0.999937263,0.998319011,0.991246524,0.996795732,0.998814121,0.999477211,0.99959258,0.997728213,0.999430515,0.999161975,0.998970129,0.999414873,0.999535086,0.999220057,0.998886289,0.998848847,0.999211067,0.998626496,0.998876558,0.999399864,0.999254834,0.998395161,0.998272342,0.995334958,0.996933344,0.997743459,0.997438102,0.999173116,0.998452981,0.999156924,0.999162248,0.999415308,0.999904446,0.994991292,0.961376166,0.00229418634,0,0,0,0,0,0.00176894122,0.00201283171,0.000704857578,0.000722189602,0.000397263289,0.00114361105,0.00175043704,0.00138037272,0,0.00181733051,0.00188409976,0.00207058417,0,0,0,0,0,0.00183563454,0.00143250752,0,0,0.000430660372,0,0,0.00645750849,0.035995744,26.983752,27.82478,26.996707,26.4247165,26.7573633,27.234692,24.2309776,22.8507807,24.2035553,21.4457654,22.2001325,20.6404837,20.1937592,19.2236376,19.36185,18.2757737,18.1590566,16.7761955,16.7400756,16.9670073,15.9180642,15.3923057,15.4618908,14.7464007,13.5539898,14.4096976,14.5648138,15.5212885,14.804989,12.3812622,7.61731713,4.58839666
evaluation/lori-asha_01/i24_cbr_5ms_192k/master.wav,evaluation/lori-asha_01/i24_cbr_5ms_192k/rust.wav,4.72466092,0.998198347,0.999503855,0.999515844,0.999531366,0.999265979,0.99961942,0.999329274,0.999107768,0.999461624,0.999301302,0.999064295,0.998867514,0.998135456,0.998093895,0.997001868,0.998121126,0.998068443,0.997940601,0.996157988,0.995400659,0.996041996,0.996304306,0.995938585,0.996982147,0.99782306,0.997796945,0.998702805,0.999246717,0.999205808,0.999599423,0.997432969,0.98968876,0.990098415,0.998807247,0.998049135,0.999157896,0.996626445,0.999005726,0.996783484,0.997707437,0.998099801,0.997743799,0.997669366,0.99693846,0.995321341,0.995176723,0.99036298,0.99526799,0.994003941,0.995832655,0.990469104,0.975851706,0.977291191,0.986584067,0.988365072,0.984202044,0.994777474,0.99423977,0.997327317,0.998482287,0.997842406,0.998982612,0.99324136,0.959515803,0.00678121362,0,0.0021230841,0,0,0.00170901278,0.00376288524,0.00336869326,0.0014405328,0.00302930565,0.00278707996,0.00117847678,0.00415965214,0.00518157157,0.00693890032,0.00593492926,0.00616803682,0.00570817336,0.00914588362,0.0196902871,0.0160025616,0.00275876268,0.00874815619,0.00911434119,0.00342678559,0.00188994561,0.00282607291,0,0,0.000570994541,0.00531352662,0.0345603256,27.395309,28.2318052,27.4027245,26.8869227,27.258222,27.6998553,24.7050361,23.3294011,24.6699875,21.898218,22.6738771,21.078168,20.651513,19.6927766,19.8053072,18.7168697,18.6317674,17.257313,17.2123328,17.4103696,16.3566807,15.8749889,15.9496411,15.2136001,14.0473439,14.9232533,15.0676172,16.0263564,15.3159397,12.8975195,8.15265479,5.10193183
evaluation/lori-asha_01/i24_cbr_5ms_192k/master.wav,evaluation/lori-asha_01/i24_cbr_5ms_192k/c.wav,4.72398862,0.998965816,0.999556411,0.99942739,0.999527135,0.999212911,0.999591043,0.999429893,0.999114456,0.999488875,0.999475134,0.999240006,0.999036023,0.998161571,0.997866996,0.99675856,0.997684229,0.99777024,0.997755629,0.996981416,0.995881761,0.995891171,0.996710038,0.996558521,0.996704981,0.997888946,0.997587672,0.998647552,0.999243386,0.999192534,0.999582753,0.997067233,0.987606933,0.994729747,0.998589563,0.998041921,0.998841933,0.995643918,0.998831906,0.998557756,0.997699428,0.997996907,0.99793895,0.998130742,0.997465678,0.996387194,0.990918593,0.987781733,0.993304779,0.995347674,0.994634292,0.988878971,0.97934926,0.981142002,0.99014174,0.988734282,0.981484581,0.992364961,0.99339283,0.996170273,0.998654884,0.996972193,0.99893947,0.992574217,0.946560913,0.00420604201,0,0.00216123969,0,0,0,0.00263004025,0.00323440641,0.00186442033,0.00134669428,0.00092780987,0.0026017545,0.00391763689,0.0105461534,0.00920739346,0.00503823497,0.00779568429,0.00631664941,0.00618421468,0.010429458,0.00633424855,0.000323797076,0.00618314162,0.00954763259,0.00480445676,0.00466847408,0.00170943943,0,0,0,0.00722732752,0.051408999,27.1832696,27.9984723,27.1822638,26.6980487,27.0531844,27.513005,24.5462023,23.1395656,24.5197176,21.7565738,22.5046397,20.926858,20.4922213,19.5539343,19.6534548,18.5558058,18.4748365,17.1234596,17.0724168,17.2590961,16.2167879,15.7021054,15.7694308,15.0395716,13.8867371,14.7393826,14.8877212,15.8612464,15.1783482,12.7597267,7.99830482,4.90856252
evaluation/lori-asha_01/i24_cbr_5ms_256k/master.wav,evaluation/lori-asha_01/i24_cbr_5ms_256k/rust.wav,4.72708929,0.999287539,0.99971441,0.999722609,0.999732115,0.999585549,0.99975996,0.999660123,0.999492914,0.999676482,0.999601893,0.999502487,0.999582197,0.999339765,0.999117927,0.998951333,0.999168109,0.998933516,0.9985579,0.997933212,0.998087618,0.998732131,0.998791511,0.998695948,0.998833244,0.999252559,0.999251726,0.999362711,0.999615866,0.999646959,0.999885596,0.997927494,0.989078784,0.997277207,0.999089036,0.99907533,0.999548326,0.998289524,0.999435552,0.999069791,0.998976578,0.999239282,0.998873368,0.998476751,0.998665207,0.998491266,0.995382227,0.996621777,0.997931067,0.9973654,0.996219162,0.994726319,0.992083151,0.995604265,0.996456974,0.99561014,0.992321423,0.996780153,0.9973241,0.998285566,0.999152262,0.998955205,0.999771198,0.992722825,0.93925051,0.00270932837,0,0.00112102547,0,0,0,0.00183637403,0.00201315236,0.000727080907,0.00181005747,0.000822101094,0,0.00202926117,0.00481330608,0,0.00201554891,0.00398937363,0.00579461659,0.00399689786,0.00479437767,0,0,0.000600346578,0.00478105907,0.00207422091,0,0,0,0,0,0.00896436664,0.0549616984,27.1531712,28.0022623,27.173368,26.6202378,26.9822222,27.4533364,24.4542279,23.0521027,24.4144653,21.6541879,22.4140589,20.8279672,20.4084607,19.4503519,19.5783979,18.4729195,18.3906751,17.029152,16.9818521,17.190055,16.1318922,15.6445783,15.7031211,14.9595227,13.8069917,14.6746532,14.8244316,15.7657803,15.0593897,12.6140108,7.86112307,4.80208029
evaluation/lori-asha_01/i24_cbr_5ms_256k/master.wav,evaluation/lori-asha_01/i24_cbr_5ms_256k/c.wav,4.72715407,0.997496686,0.999700223,0.999659223,0.999668725,0.999537279,0.999729545,0.999582388,0.999305432,0.999649412,0.999641932,0.999521977,0.99957933,0.999400718,0.999336215,0.997899007,0.99888049,0.998962809,0.998794692,0.998289783,0.998574063,0.998838827,0.998568354,0.998627278,0.998935974,0.999246273,0.999261581,0.999383102,0.999534632,0.999666585,0.999880155,0.998013526,0.989788038,0.976146952,0.999275363,0.998547127,0.999497487,0.997945766,0.999054623,0.998954836,0.99823323,0.999157274,0.998938351,0.99853244,0.998696181,0.99871071,0.998075629,0.990219062,0.996982427,0.997208192,0.997041956,0.994627182,0.996306617,0.995893954,0.995149705,0.995114916,0.994967737,0.997364706,0.998284163,0.998597864,0.998620318,0.998806904,0.99971278,0.9940884,0.949371384,0.0196545141,0,0.00150273428,0,0,0,0.00244702382,0.00298954387,0,0.000255993321,0,0,0.00167882431,0.00126239956,0.00737694842,0.00379591264,0.00413510542,0.00459539005,0.00354862195,0.00235190973,0,0,0.000965640977,0.00308884653,0.00179709844,0,0,0,0,0,0.00729585549,0.046289905,27.1488564,28.000253,27.1698794,26.6194971,26.9871679,27.4521127,24.4610038,23.0516137,24.410125,21.6497342,22.4108554,20.8330384,20.4086399,19.4572985,19.5856261,18.4776366,18.3961697,17.0329337,16.9798243,17.1845205,16.135017,15.6420515,15.7038876,14.9694287,13.8147823,14.6752091,14.8237117,15.7689238,15.0589565,12.6166394,7.86215905,4.80386486
evaluation/lori-asha_01/i24_cbr_5ms_320k/master.wav,evaluation/lori-asha_01/i24_cbr_5ms_320k/rust.wav,4.72825137,0.999341307,0.999792021,0.999799811,0.999816209,0.999694703,0.999837772,0.999772883,0.999666616,0.99979425,0.999798154,0.999781187,0.999772541,0.999686197,0.999570664,0.99936599,0.999635514,0.999637336,0.999610717,0.999298646,0.99900945,0.999223697,0.99940113,0.999309528,0.999377755,0.999555866,0.999493375,0.999599717,0.999676268,0.999698242,0.999924547,0.998154599,0.991219924,0.996899115,0.999365135,0.999132853,0.999724131,0.998570081,0.999663941,0.999183757,0.99906272,0.99958802,0.99907311,0.999422189,0.99906654,0.999266214,0.998658529,0.997775303,0.999055833,0.999073411,0.999148186,0.997668493,0.996444252,0.996692055,0.998450554,0.997522317,0.9965371,0.998842273,0.998798844,0.998881809,0.998812102,0.998929467,0.999866343,0.994984485,0.957882909,0.00265272009,0,0.00129384796,0.000338087753,0,0.000602901032,0.0017034565,0.00161202713,0,0.00151958685,0.00109391636,0.00107509093,0.0013924931,0.0012397029,0,0.00101521769,0.00230155765,0.00208925261,0,0.00154832292,0,0,0.000930230129,0.00238606967,0.00148672319,0,0.000954808909,0.000755940157,0,0,0.00725423777,0.0380978698,27.3334275,28.1696658,27.3451241,26.8356225,27.2043615,27.6516882,24.6527001,23.2658549,24.6057656,21.8415334,22.6103245,21.0176325,20.5968172,19.6400954,19.756556,18.6528592,18.5726685,17.189637,17.1378004,17.3457817,16.2885851,15.7970253,15.8710581,15.1374902,13.96606,14.8358562,14.9787399,15.9353015,15.2280055,12.79108,8.03445687,5.00977515
evaluation/lori-asha_01/i24_cbr_5ms_320k/master.wav,evaluation/lori-asha_01/i24_cbr_5ms_320k/c.wav,4.72828259,0.999284084,0.999787873,0.999799333,0.999799496,0.999698948,0.99982964,0.99970637,0.999604398,0.999794127,0.999801474,0.999789701,0.99973861,0.999643438,0.999682518,0.999360829,0.999643897,0.99959907,0.999504326,0.999353325,0.999203903,0.999185783,0.999237415,0.999368827,0.999338836,0.999579426,0.999491357,0.999599682,0.999654509,0.99973367,0.99992507,0.998257994,0.991192164,0.995798531,0.999215804,0.999440806,0.999653098,0.998474425,0.999645634,0.999088619,0.998633302,0.999273344,0.999444985,0.999396438,0.998859232,0.99896305,0.999318052,0.998004945,0.999257515,0.999211865,0.998778875,0.998499561,0.997554411,0.995968057,0.997324522,0.998128671,0.996156329,0.99891267,0.998945617,0.999108893,0.998862976,0.99927956,0.999858157,0.994919516,0.957828089,0.00411649446,0,0.000865371072,0,0,0.000906758317,0.0020342554,0.00238578663,0.000229799529,0,0.000683644634,0.0011887655,0.00152900014,0.00133454684,0.00172719728,0.00131328998,0.00232834409,0.0026207924,0,0,0,0,0,0.00304900201,0.00166288183,0,0,0.000899952227,0,0,0.00696808653,0.038372224,27.4251649,28.2842436,27.4541808,26.8987222,27.296701,27.713223,24.7205471,23.3524353,24.6447243,21.9388721,22.6673956,21.1292356,20.6599709,19.7129149,19.8287435,18.7251091,18.6451537,17.2721826,17.2196972,17.420589,16.3850248,15.8712187,15.9349671,15.2041767,14.0513638,14.9084227,15.0754645,16.0197422,15.3042738,12.8684072,8.10362171,5.08509188
evaluation/lori-asha_01/i24_vbr_5ms_192k/master.wav,evaluation/lori-asha_01/i24_vbr_5ms_192k/rust.wav,4.72475448,0.998910344,0.999584548,0.999503992,0.999499876,0.999222361,0.999586812,0.99949616,0.999152178,0.99950149,0.999393603,0.998741484,0.998794077,0.998169545,0.998382418,0.9972855,0.998134781,0.997149386,0.997391307,0.996346839,0.995556774,0.996111064,0.996189898,0.996139002,0.997105212,0.997969197,0.998042203,0.998484819,0.99910779,0.999274144,0.99965229,0.997347965,0.989951571,0.994980373,0.99898753,0.998257237,0.998989603,0.996645025,0.99912898,0.998469994,0.997429904,0.998475275,0.998023983,0.995612698,0.995042686,0.996523869,0.997238261,0.99452226,0.994846225,0.991382664,0.995169379,0.988273787,0.982557802,0.982633807,0.987983323,0.989969367,0.987614168,0.994490309,0.994581318,0.995943817,0.997772822,0.998260625,0.998966111,0.9931283,0.965267566,0.00315018291,0,0.00177951973,0.000920498071,0,0.000946314402,0.00275458355,0.00310273865,0.00162108954,0.00231722488,0.00476270092,0.00300870301,0.00326002051,0.00308042461,0.00431690674,0.00468749675,0.00962278765,0.00687302288,0.00864789855,0.014302538,0.00756881985,0.0055999867,0.00586161993,0.00607432243,0.00298854744,0.00256232362,0.00363959289,0.00113870303,0,0,0.00549061016,0.0365790532,27.1261715,27.9630628,27.1315633,26.6276791,27.0058845,27.4332089,24.4520402,23.0742036,24.4390649,21.6623371,22.4547253,20.8416137,20.423233,19.4639217,19.5776689,18.4866547,18.4080088,17.0396105,16.9940934,17.1715572,16.1146057,15.6414697,15.7339128,14.9727632,13.8158361,14.7093762,14.8470049,15.8064373,15.0940662,12.6940519,7.94278103,4.8893894
evaluation/lori-asha_01/i24_vbr_5ms_192k/master.wav,evaluation/lori-asha_01/i24_vbr_5ms_192k/c.wav,4.72478121,0.998647288,0.999493002,0.999448738,0.999484041,0.999189908,0.999645457,0.999523827,0.998993775,0.999511477,0.999460502,0.999035194,0.998827672,0.998414872,0.997989609,0.997251539,0.997819952,0.997987452,0.997041247,0.996399847,0.995754587,0.995357475,0.996436266,0.996947997,0.997393681,0.998331275,0.998059958,0.998713796,0.999057102,0.999281026,0.999643461,0.997255244,0.989251265,0.992254761,0.998337104,0.998282475,0.999256697,0.995349831,0.999070599,0.998629367,0.994933862,0.998703709,0.99879757,0.99620083,0.995518858,0.995958756,0.992672593,0.992738788,0.995303312,0.995682974,0.99262825,0.987063141,0.983166691,0.976362601,0.986865085,0.991614956,0.987685084,0.995706398,0.994430961,0.996752083,0.997775451,0.997621968,0.999171486,0.993554162,0.960641374,0.0059306169,0,0.00213339348,0,0,0,0.00229013918,0.00582158642,0.000944757643,0.00130418068,0.00183025592,0.00401899997,0.00383950315,0.0088209437,0.0055391097,0.00470851247,0.00527212758,0.00970831797,0.00846055135,0.0108009925,0.0135052258,0.00602427382,0.00467446771,0.00674367019,0.00299961555,0.0021965274,0.00145966112,0,0,0,0.00610292291,0.0382279581,27.3455642,28.1881888,27.3584141,26.8498406,27.2243039,27.675248,24.6783768,23.2929341,24.6312976,21.8654277,22.6294658,21.039004,20.6263959,19.6717216,19.7844371,18.6930645,18.6120728,17.2343458,17.182625,17.3789109,16.3198922,15.82882,15.901657,15.1758399,14.0167304,14.8847329,15.0314005,15.9868392,15.2794915,12.8653946,8.13163357,5.05382376
evaluation/lori-asha_01/i24_vbr_5ms_256k/master.wav,evaluation/lori-asha_01/i24_vbr_5ms_256k/rust.wav,4.72700965,0.999016382,0.999680807,0.999725945,0.999718995,0.999521463,0.999745474,0.999623516,0.999434618,0.999683052,0.999675371,0.999578148,0.999581941,0.999286509,0.999046153,0.998867131,0.999160219,0.998962208,0.998697997,0.998095735,0.998321745,0.998524569,0.998710406,0.99880359,0.999090821,0.999313667,0.999244584,0.999378955,0.999561062,0.999599098,0.999878297,0.997880625,0.988925758,0.994035741,0.999176549,0.9993606,0.999399048,0.997270044,0.999330612,0.998763475,0.998530908,0.999087896,0.999105036,0.998721954,0.998625877,0.998605569,0.99681974,0.997546291,0.99848866,0.997238752,0.997646894,0.995271793,0.995311394,0.994107795,0.997056591,0.995303879,0.995473449,0.997976518,0.997965903,0.998527601,0.999128113,0.998765301,0.999763706,0.993181731,0.940637721,0.00486967693,0,0.00100590432,0,0,0,0.00215823761,0.00231558413,0.00130387867,0.00107780918,0,0.0013280438,0.00249049484,0.0035145989,0.00093025657,0.00247133038,0.00353525264,0.00437016784,0.00334176331,0.00313703894,0.00155256711,0,0.00260086056,0.00285544075,0.000812968504,0,0,0,0,0,0.00850071989,0.0533623447,26.9513506,27.789453,26.958513,26.3882381,26.7124666,27.1875857,24.1876239,22.8049161,24.1591845,21.4065218,22.1633393,20.5886415,20.1523108,19.175588,19.3158031,18.2384878,18.1292245,16.7398767,16.698398,16.923837,15.8772982,15.3571135,15.4195507,14.7061197,13.516874,14.3722612,14.5267832,15.4786871,14.7704228,12.3461849,7.59152835,4.54260538
evaluation/lori-asha_01/i24_vbr_5ms_256k/master.wav,evaluation/lori-asha_01/i24_vbr_5ms_256k/c.wav,4.7273995,0.997864553,0.999645153,0.999685828,0.999722916,0.999510978,0.999735891,0.999701967,0.9994367,0.999704571,0.999680201,0.999554747,0.999540877,0.99943724,0.999197489,0.998281515,0.998955807,0.998931745,0.99887069,0.998756653,0.9988948,0.998903392,0.998803491,0.99872052,0.998893661,0.999365949,0.999329197,0.999386613,0.999537457,0.999686789,0.999885548,0.998068779,0.990195617,0.980481522,0.998632637,0.999125717,0.999525903,0.997128174,0.998961331,0.999142488,0.998386042,0.999224637,0.99884216,0.9988972,0.998437999,0.998713746,0.996333173,0.992332781,0.997421308,0.997652134,0.996992531,0.996816919,0.997358804,0.995774308,0.996583505,0.996349269,0.993273943,0.997675717,0.99867191,0.998863559,0.998903468,0.999344151,0.999777046,0.993993422,0.957270188,0.0176098589,0,0,0,0,0,0.00162190834,0.00242544283,0.00124569919,0.00171947747,0.00133139152,0,0.00167361517,0.00354709748,0.0053279809,0.00309436363,0.00396155797,0.00403832623,0,0.000362958752,0,0,0,0.00449219916,0.00161524765,0.000689556884,0,0,0,0,0.006984836,0.0394179875,27.3363045,28.1754877,27.3517365,26.8353246,27.2106448,27.6515375,24.6593349,23.2766774,24.617695,21.8526602,22.6214761,21.0237544,20.5993467,19.6479066,19.7675682,18.6668015,18.5813634,17.205395,17.1555197,17.3504087,16.2960637,15.8087097,15.8811541,15.1431343,13.9792744,14.8442458,14.9931035,15.9515825,15.2380228,12.8109326,8.04610804,5.01291563
evaluation/lori-asha_01/i24_vbr_5ms_320k/master.wav,evaluation/lori-asha_01/i24_vbr_5ms_320k/rust.wav,4.72836212,0.999288476,0.999794816,0.999824799,0.999805305,0.999705485,0.999816501,0.999791975,0.999633732,0.999782364,0.999807688,0.999785144,0.999745299,0.99969744,0.999676832,0.999526392,0.999644133,0.999662638,0.999602693,0.999307093,0.999182545,0.999223392,0.999440213,0.999353001,0.999483881,0.999599895,0.999526766,0.999599338,0.999708467,0.999766506,0.999929762,0.998195339,0.991228841,0.996820379,0.999489074,0.999613128,0.999694482,0.998546437,0.999644826,0.999446379,0.998885624,0.999357796,0.99924655,0.999264627,0.999013976,0.999412082,0.999223963,0.998870269,0.998963448,0.999244396,0.999331618,0.998550118,0.997646111,0.996399128,0.998227521,0.998166368,0.997505768,0.998924085,0.998914397,0.998873177,0.999224489,0.999375959,0.999891528,0.995074675,0.956765305,0.00249181666,0,0.000410728794,8.08508817e-05,0,0.000713038107,0.00143885074,0.00204102266,0.000516420909,0.00158495092,0.00112650267,0.000384963165,0.00025595964,0.000825370164,0,0.0014281088,0.00211372438,0.00214409443,0,0.00187582399,0,0,0,0.00197746698,0.00159777495,0,0,0,0,0.000179754922,0.00728272905,0.0387524276,27.3111732,28.1488281,27.3258187,26.8176621,27.186387,27.629139,24.6311038,23.2462441,24.586581,21.8237331,22.5894678,20.9935474,20.5754383,19.619188,19.7348399,18.6314533,18.548896,17.1742512,17.119961,17.3230087,16.2660824,15.7768151,15.846769,15.1086908,13.9425884,14.8144694,14.9592807,15.9138982,15.2033812,12.7701349,8.01591414,4.98927645
evaluation/lori-asha_01/i24_vbr_5ms_320k/master.wav,evaluation/lori-asha_01/i24_vbr_5ms_320k/c.wav,4.72834028,0.999178095,0.999757607,0.999807973,0.999784388,0.999676671,0.999837013,0.999804743,0.999669501,0.999815127,0.999817106,0.999763759,0.999734867,0.999640201,0.999695151,0.999482309,0.999618409,0.999679202,0.99959406,0.999369836,0.99930621,0.999253106,0.99931052,0.999435439,0.99944802,0.999540995,0.999426348,0.999601634,0.999685427,0.999783999,0.999934676,0.998292224,0.991253745,0.995301639,0.998763655,0.99953459,0.999663403,0.998244034,0.999572338,0.999470379,0.99896019,0.999473484,0.999528513,0.999272013,0.9988459,0.998842448,0.999332027,0.998525358,0.99900596,0.999325134,0.999278468,0.998234387,0.998089161,0.995777948,0.997482589,0.998379597,0.997355395,0.998578171,0.99821383,0.998971554,0.999198598,0.999499373,0.999902285,0.99502457,0.959254087,0.00432940518,0,0.000377837838,0,0,0,0.00140748985,0.00194493769,0.000452756927,0.000961942036,0.000364833895,0.00121072675,0.00133353756,0.00138868588,0.000887750649,0.00128045081,0.00184420004,0.00200271195,0,0,0,0,0,0.00207785458,0.00152784325,0,0,0,0,0,0.00676349392,0.0366038023,27.0709595,27.9247077,27.0958472,26.5460692,26.9109386,27.3769132,24.376272,22.9814682,24.3359599,21.5706485,22.3340239,20.7610144,20.334058,19.3769219,19.5007917,18.393606,18.3115683,16.9495834,16.8990069,17.1108526,16.0585,15.5595628,15.626105,14.8877438,13.7272719,14.5962818,14.7408736,15.6837774,14.9745553,12.5290886,7.77003837,4.73372883
evaluation/lori-asha_02/i16_cbr_5ms_192k/master.wav,evaluation/lori-asha_02/i16_cbr_5ms_192k/rust.wav,4.72112096,0.999359237,0.999727203,0.998960707,0.999446556,0.999194664,0.999050838,0.999213089,0.998976166,0.999090479,0.999061016,0.998705413,0.998756705,0.998187014,0.997238884,0.996676857,0.996688965,0.994032216,0.992834468,0.994493026,0.995949201,0.996876262,0.995507618,0.99722032,0.997668163,0.996626848,0.996422483,0.996953163,0.996117015,0.998280814,0.99918523,0.998079481,0.991345782,0.998244112,0.999231148,0.993804771,0.998152288,0.997597977,0.997017239,0.998415652,0.997011349,0.996732423,0.997827776,0.995096824,0.997100847,0.995556008,0.992425092,0.991952149,0.991967235,0.982590925,0.984582436,0.983497992,0.98911254,0.990737052,0.982634098,0.99384844,0.995982719,0.98802288,0.993329919,0.987267159,0.973007675,0.990229862,0.993919515,0.991241733,0.953526678,0,0,0,0,0.00408948114,0.0046632719,0.00254597965,0.00363773868,0.00390414975,0.00281654753,0.00345443677,0.00255573448,0.00334007548,0.00495214988,0.00547022706,0.00533987508,0.00665026299,0.0117418904,0.0107919455,0.00775236019,0.00370869734,0.0115821691,0.0081826649,0.00503818574,0.00934459275,0.00597803564,0.00918953471,0.0154847963,0.00675994768,0.00433520318,0.0107903191,0.0390559301,21.6121676,25.7565046,25.9558611,25.5806692,26.5652684,25.6903536,24.090121,24.378839,25.0430118,23.5136091,24.7914325,22.7423469,23.0818106,23.3040608,23.0208905,21.3825983,20.8598014,20.8139958,20.472723,19.7736745,18.9379663,17.6479236,17.2083064,15.6363013,16.2469128,16.5538772,16.0675958,15.6427769,15.0206661,12.1341155,6.94264177,4.01219451
evaluation/lori-asha_02/i16_cbr_5ms_192k/master.wav,evaluation/lori-asha_02/i16_cbr_5ms_192k/c.wav,4.72227976,0.999443492,0.99973137,0.999132029,0.999620923,0.999362533,0.999194456,0.999125706,0.99896841,0.999326566,0.999288445,0.999257916,0.999022252,0.997958651,0.99750471,0.996665683,0.99579396,0.993730287,0.991027611,0.993454109,0.996352014,0.997288215,0.996405618,0.997200628,0.997641619,0.997100956,0.996807103,0.997536077,0.996883835,0.998446591,0.999259035,0.998755726,0.99078539,0.998004258,0.999330047,0.99646646,0.998876947,0.998077121,0.997770568,0.998235408,0.997015197,0.998178537,0.998587294,0.9983335,0.997725307,0.99561732,0.995861064,0.989755724,0.988898898,0.989236923,0.973719685,0.979560543,0.984897262,0.992507269,0.987426348,0.993435272,0.995511848,0.991281623,0.992678097,0.99166465,0.981689316,0.990446864,0.995280536,0.995492436,0.93920775,0.00228303695,0,0,0,0.00334728334,0.00381910432,0.00287124993,0.00418524096,0.0029740441,0.00212241059,0,0.00161400024,0.00278855673,0.00221042084,0.00705948995,0.00610570168,0.00824321793,0.019581362,0.0143659884,0.0081852323,0.0042531802,0.00849914232,0.00767145953,0.00556562472,0.00970290446,0.00582894852,0.00598151775,0.00938925747,0.00565797296,0.0039963226,0.00567199669,0.0498084708,21.5551268,25.7650816,25.978149,25.6069511,26.561232,25.6896079,24.0827279,24.3795518,25.0390538,23.5550247,24.7737181,22.7387724,23.1299123,23.342348,23.0625547,21.3857931,20.8943696,20.838797,20.5019729,19.7826478,18.9499419,17.6691232,17.2418465,15.6728394,16.2860533,16.5894084,16.0905144,15.664042,15.0270603,12.1419209,6.94051496,4.01725386
evaluation/lori-asha_02/i16_cbr_5ms_256k/master.wav,evaluation/lori-asha_02/i16_cbr_5ms_256k/rust.wav,4.72698181,0.999669598,0.999846897,0.999576365,0.999731996,0.999570728,0.999442288,0.999501147,0.999449373,0.999572293,0.999640148,0.999570603,0.999556575,0.999357397,0.99889402,0.998454102,0.998592783,0.996954713,0.996718551,0.997516527,0.99871699,0.999000253,0.998227454,0.99904259,0.999371796,0.999182894,0.998950043,0.998868398,0.998685615,0.999318545,0.999694565,0.999567925,0.991039139,0.999424182,0.999659739,0.997993077,0.999016693,0.99902263,0.998328076,0.998925376,0.998341337,0.999078493,0.999018029,0.998801562,0.99886437,0.99873576,0.996041738,0.995167958,0.996875617,0.99090033,0.994400936,0.991177358,0.996479018,0.997723102,0.992934919,0.997822555,0.998642163,0.99785468,0.997279578,0.994790451,0.992467783,0.99640732,0.997660767,0.996650645,0.932795377,0.00090770301,0,0,0,0.00213695927,0.00326968976,0.00218068619,0.00131295988,0.0021821598,0.00145559045,0.000619365127,0.00114293003,0,0,0.00209340956,0,0.00349680811,0.00441005148,0.00631131923,0.00226884313,0,0.00584151073,0.00323582379,0.00236821294,0.00361591105,0.00241588261,0.00434796041,0.00556633304,0.00248414969,0.00244451345,0.00301933578,0.0509024427,21.4049537,25.5464229,25.7527138,25.4041142,26.3327274,25.4912824,23.8876779,24.1646658,24.8464923,23.2792982,24.5839973,22.494117,22.8809596,23.0920985,22.8113527,21.1499791,20.6281388,20.573087,20.245738,19.5403239,18.7167913,17.4320266,17.013256,15.4252563,16.0269788,16.3430556,15.8474919,15.4400991,14.8000523,11.9376551,6.73251638,3.70574195
evaluation/lori-asha_02/i16_cbr_5ms_256k/master.wav,evaluation/lori-asha_02/i16_cbr_5ms_256k/c.wav,4.72712111,0.999686101,0.999866719,0.999566624,0.999774474,0.999615368,0.999472154,0.99948089,0.99943385,0.999496076,0.999485329,0.999468572,0.999502315,0.999358515,0.999186349,0.998717253,0.99832408,0.996876564,0.996216715,0.997325433,0.998581052,0.999039626,0.998431595,0.998976999,0.999189131,0.998979693,0.998894181,0.99901609,0.99874891,0.999393213,0.999734494,0.999492699,0.991555742,0.9989331,0.999715597,0.997926876,0.999225211,0.998881777,0.998717922,0.99882412,0.997825833,0.998676987,0.9986263,0.998921194,0.998960684,0.998846173,0.99801629,0.99588487,0.99480957,0.991232578,0.989560605,0.99403432,0.99523183,0.997505505,0.995127043,0.998019797,0.99774908,0.997184411,0.996720105,0.996845745,0.992370109,0.996521762,0.998008707,0.996357722,0.952441008,0.0015301305,0,0,0,0.00270126102,0.0032483307,0.00215707719,0.00231850815,0.00253481103,0.00241022617,0.000854921905,0,0,0.00179815989,0.0029047796,0.00191879904,0.00379551958,0.00889839602,0.00398908638,0.00250811349,0,0.00465807371,0.00337437223,0.00240103991,0.00397788767,0.00222683198,0.00288502214,0.00470458343,0.00276010483,0.00212759885,0.00338915171,0.0521051673,21.1378379,25.3359598,25.5442827,25.1021614,26.1526994,25.2422482,23.6314787,23.9650331,24.596484,23.0959767,24.3218605,22.3041657,22.6872082,22.8865995,22.6463818,20.941256,20.4451537,20.4057318,20.0592399,19.329232,18.4982802,17.2486812,16.8168551,15.2467345,15.8482187,16.166734,15.6462639,15.2370918,14.566334,11.6766992,6.50236343,3.48226268
evaluation/lori-asha_02/i16_cbr_5ms_320k/master.wav,evaluation/lori-asha_02/i16_cbr_5ms_320k/rust.wav,4.72815031,0.999755634,0.999893836,0.999758673,0.999835353,0.999738625,0.999683482,0.999706689,0.999675748,0.99979926,0.999768836,0.999727179,0.999731145,0.999642337,0.999578134,0.999353712,0.999316765,0.999017718,0.99859871,0.999168837,0.999154817,0.999349773,0.99933997,0.999602201,0.999665013,0.999611454,0.999313948,0.999427706,0.999277524,0.999657587,0.999921351,0.999713778,0.989954881,0.999365859,0.999682647,0.998918826,0.999432843,0.999279226,0.999285306,0.999181256,0.999048793,0.99951176,0.999476922,0.999394401,0.999291959,0.999212653,0.999225186,0.997377845,0.998339636,0.997016527,0.995921982,0.997994404,0.997197613,0.998399608,0.99795775,0.998839275,0.999236864,0.999141839,0.998490905,0.998519838,0.997212016,0.998849483,0.999714108,0.997844792,0.921377973,0.000819631709,0,0,0,0.0021047728,0.00241935572,0.00179347334,0.00185217147,0.00151120393,0.00103413546,0.000103066921,0,0,0,0.00173012193,0,0,0.00440931058,0.00120926075,0.00168397528,0,0.00231159152,0.0021277059,0.00125699607,0.00168886426,0,0.00159095699,0.00113282895,0,0.000829047049,0.00227223259,0.0624211636,21.4009331,25.5493916,25.7566873,25.4038431,26.3359419,25.495833,23.8961004,24.172559,24.8543242,23.283591,24.5905455,22.5006271,22.8868712,23.1019463,22.8301778,21.1637098,20.6429208,20.582256,20.2499554,19.5418517,18.7200991,17.4356868,17.0154946,15.4255079,16.0339255,16.344672,15.8482667,15.4424837,14.8017523,11.9451274,6.74142679,3.7073599
evaluation/lori-asha_02/i16_cbr_5ms_320k/master.wav,evaluation/lori-asha_02/i16_cbr_5ms_320k/c.wav,4.7286619,0.999748391,0.999897199,0.999722621,0.999832768,0.999762444,0.999657879,0.999735457,0.999665227,0.99979663,0.99979561,0.999727405,0.99979532,0.999682735,0.999570935,0.999444174,0.999450902,0.998902965,0.998729841,0.999018516,0.999139102,0.999456422,0.999318586,0.999607032,0.999699904,0.999460086,0.999379527,0.999477649,0.999304282,0.999565367,0.999897172,0.99972529,0.992240766,0.999447203,0.999732411,0.998900496,0.999408409,0.999251981,0.999135093,0.999361286,0.998752652,0.999437105,0.999506238,0.999254929,0.999546825,0.999374811,0.999046155,0.99785482,0.99844833,0.996620651,0.996282775,0.997528168,0.997487483,0.998836489,0.997874542,0.999300633,0.999362264,0.998637428,0.99860897,0.998278502,0.996454971,0.997961311,0.999421062,0.997933454,0.945356876,0.000955021529,0,0,0,0.00189019074,0.00251581685,0.00096474703,0.00231411696,0.00149118673,0.00107316997,0,0,0,0,0.00170235047,0,0.00272823727,0.00226489656,0.00100177666,0,0,0.00200953469,0.0017000927,0.000317239176,0.00216163709,0,0.00182623413,0.0023790042,0.000826206822,0.001052878,0.00218488618,0.0494021969,21.3997094,25.5521547,25.7594771,25.4025199,26.3383672,25.500881,23.8984436,24.1740734,24.8573268,23.2844088,24.5957818,22.5042222,22.8871937,23.1043563,22.827962,21.1679162,20.6426862,20.5801103,20.2537686,19.547724,18.7189342,17.4400249,17.0178376,15.4317117,16.0353625,16.3452211,15.8467672,15.4447077,14.8014504,11.9449076,6.74059122,3.70803833
evaluation/lori-asha_02/i16_vbr_5ms_192k/master.wav,evaluation/lori-asha_02/i16_vbr_5ms_192k/rust.wav,4.72166948,0.999414494,0.999746247,0.999120477,0.999541248,0.999348678,0.999078424,0.999203232,0.999096304,0.999165448,0.999233322,0.998783192,0.998747412,0.998164595,0.997230034,0.995999554,0.996326119,0.994081461,0.993743792,0.994482831,0.996478543,0.996726182,0.995054557,0.996474201,0.99729311,0.997337815,0.996987192,0.997299653,0.996623478,0.998490595,0.999233345,0.998596534,0.988944005,0.998490039,0.999228526,0.995543848,0.99854896,0.998493572,0.997835949,0.997584577,0.997355367,0.998288618,0.997715873,0.995599713,0.996327259,0.996533707,0.993913347,0.985561705,0.98860033,0.984433483,0.98821775,0.986560883,0.992646347,0.990780449,0.98367983,0.989479749,0.993574614,0.989474272,0.991079396,0.98954373,0.981487982,0.991927389,0.994483755,0.991865014,0.929359995,0.000514120305,0,0,0,0.00344162168,0.00447655862,0.00320061679,0.00219945939,0.00332679103,0.00180869281,0.00306438714,0.00244426719,0.00162563439,0,0.0106476034,0.00712992995,0.00961422203,0.00962570374,0.0120257424,0.0043545262,0.00303546561,0.0136011464,0.0156249685,0.00953173991,0.00770540851,0.00556720262,0.00826229066,0.0113512593,0.00559850209,0.004006329,0.00592858804,0.0521417726,21.6051249,25.7522106,25.9544224,25.5785397,26.5606725,25.6838844,24.0964799,24.3798569,25.039391,23.5116092,24.7842209,22.7390779,23.078363,23.3044963,23.0293269,21.3868087,20.8555229,20.8037608,20.4693562,19.7752385,18.9257571,17.6447408,17.2152622,15.6500851,16.2485999,16.5624965,16.0684726,15.638505,15.0213877,12.1303164,6.94649304,4.02031595
evaluation/lori-asha_02/i16_vbr_5ms_192k/master.wav,evaluation/lori-asha_02/i16_vbr_5ms_192k/c.wav,4.72224235,0.999494488,0.999731954,0.999119626,0.999598734,0.999282737,0.999058477,0.999187653,0.998930938,0.999061742,0.999172509,0.999158089,0.999018989,0.998101494,0.997517663,0.997258928,0.996619042,0.9942226,0.99183799,0.99354222,0.995915829,0.99666467,0.995857618,0.997052859,0.997265327,0.997163657,0.997353663,0.997443325,0.99654263,0.998397203,0.999128414,0.998776349,0.990989549,0.998761206,0.999291272,0.996705298,0.998883539,0.997582708,0.997564305,0.997848067,0.996818077,0.997449982,0.997998539,0.998143154,0.99749909,0.995877103,0.993301185,0.991361035,0.991638009,0.988053398,0.984318545,0.982230474,0.985540733,0.992830487,0.987932853,0.991989187,0.990338988,0.990467848,0.994002367,0.988560422,0.979441189,0.990378734,0.993386275,0.99335375,0.943088879,0.00148950342,0,0,0,0.00382833781,0.00426457029,0.00277975888,0.00399887669,0.00444939081,0.00282454777,0.00208226635,0.00201829857,0.00198555732,0.00354153035,0.00511901513,0.0038447428,0.00503152163,0.0155830445,0.0126878393,0.00810395142,0.00533595536,0.00873470949,0.00778439626,0.0113253292,0.00824856012,0.00326114224,0.00644339064,0.0116808929,0.00621304856,0.00463003447,0.00489606013,0.0435625188,21.597552,25.7484497,25.9488292,25.5863582,26.5619954,25.6881884,24.0824879,24.3776132,25.0426495,23.5172859,24.7894607,22.7314732,23.0921053,23.3163151,23.0280077,21.3949745,20.8762696,20.8049717,20.4931139,19.7804188,18.9324674,17.636502,17.2183679,15.6573092,16.2625037,16.5729004,16.0665158,15.6504671,15.0196648,12.1385887,6.9605467,4.01274012
evaluation/lori-asha_02/i16_vbr_5ms_256k/master.wav,evaluation/lori-asha_02/i16_vbr_5ms_256k/rust.wav,4.72697434,0.999652221,0.999836922,0.999445867,0.99974235,0.999637296,0.999534819,0.999539575,0.99945271,0.999515623,0.999599323,0.999609023,0.999528688,0.999394214,0.999066695,0.998726929,0.998542008,0.996938136,0.996568658,0.997491301,0.998283848,0.998711142,0.99819689,0.99876584,0.999280658,0.998890281,0.998897751,0.998919659,0.998553909,0.999192988,0.999701838,0.999611167,0.991908756,0.999300215,0.99954958,0.996989767,0.999289205,0.999036047,0.998876326,0.999218063,0.998740642,0.998724809,0.998354949,0.999029929,0.999073905,0.998664359,0.997000504,0.996333342,0.994334047,0.993493841,0.993333162,0.992323744,0.993071622,0.996649003,0.993532533,0.995929526,0.998584844,0.995330141,0.997285121,0.995973568,0.990237997,0.994865839,0.997679383,0.997243785,0.943399164,0.00134704006,0,0,0,0.00203631837,0.00280839149,0.00205895707,0.00241371696,0.0023830861,0.00212176767,0.000867577274,0.000542136915,0,0,0.00174913273,0.00366594868,0.00291538798,0.00526388989,0.00600037462,0.00417858538,0,0.00536572952,0.00579612584,0.0018774372,0.00588458355,0.00236571057,0.00362715929,0.00667610956,0.00334970467,0.00241941601,0.00266003907,0.047696299,21.1293493,25.2775527,25.5051823,25.1315615,26.0591296,25.21176,23.6138129,23.9008652,24.5703628,23.014279,24.3048041,22.2318888,22.6122218,22.8199991,22.558562,20.8878622,20.3579004,20.3112379,19.9944122,19.2860833,18.4477992,17.1637436,16.7481856,15.1803634,15.7645626,16.0962377,15.5769713,15.1868987,14.5456702,11.6872711,6.49828358,3.45500327
evaluation/lori-asha_02/i16_vbr_5ms_256k/master.wav,evaluation/lori-asha_02/i16_vbr_5ms_256k/c.wav,4.72704276,0.999573624,0.999814423,0.999597452,0.999750167,0.999670541,0.999496637,0.999475645,0.999361179,0.999545763,0.999573246,0.999550656,0.999539758,0.999325334,0.999131745,0.998633677,0.998272689,0.997078655,0.997047298,0.997765203,0.998406967,0.998920211,0.998399597,0.999090011,0.999145593,0.999007017,0.998971307,0.999107125,0.998538068,0.999221331,0.999772406,0.999588294,0.991482448,0.998689809,0.999441493,0.998253131,0.999320495,0.999201245,0.998875219,0.998769282,0.997996949,0.998613413,0.998798498,0.998809936,0.998906621,0.998778249,0.998068044,0.996766947,0.994832885,0.992024929,0.995025278,0.995003771,0.996064601,0.997350656,0.995102434,0.997696074,0.997065418,0.996989032,0.997308966,0.997373941,0.991043751,0.996626946,0.998609248,0.997077245,0.954069399,0.00195415166,0,0,0,0.00212995291,0.00306881032,0.00238752434,0.0030489832,0.00187242662,0.00127538679,0,0.00150702776,0.00117949395,0,0.00174764133,0.00192101215,0.00121283477,0.00243054857,0.00321978826,0.00337012646,0,0.0036668205,0.00320410845,0.00372790271,0.00420311297,0.00249336302,0.00258599858,0.00515106688,0.00237570542,0.00180391409,0.00270767899,0.0517803287,21.1816543,25.2862212,25.5031861,25.1455081,26.0804299,25.2536774,23.6213553,23.9501423,24.6310946,23.0656443,24.3629553,22.2812136,22.6662483,22.8717435,22.6224714,20.9482319,20.4172579,20.366232,20.0177828,19.3029219,18.4724216,17.1754664,16.729819,15.1247472,15.7043295,16.0323011,15.515144,15.132801,14.5059382,11.6309538,6.45814565,3.45341053
evaluation/lori-asha_02/i16_vbr_5ms_320k/master.wav,evaluation/lori-asha_02/i16_vbr_5ms_320k/rust.wav,4.72880252,0.999772015,0.999888455,0.999750548,0.999863524,0.999807431,0.999743276,0.999730669,0.999740511,0.999812213,0.99973717,0.999709695,0.999740785,0.999601626,0.999522746,0.999524491,0.999459071,0.999068008,0.998806707,0.999064455,0.99926419,0.999530717,0.999420402,0.999669382,0.999707817,0.999642966,0.999480946,0.999469538,0.999383423,0.99969586,0.999884331,0.999706196,0.991998254,0.999183512,0.999686177,0.99891936,0.999592563,0.99956062,0.999189818,0.999202466,0.999311216,0.999472785,0.998946782,0.999188682,0.999375637,0.998772539,0.999029481,0.998661797,0.998567193,0.997314553,0.997797877,0.997988195,0.998423408,0.998893408,0.99878324,0.99916566,0.999495566,0.999244407,0.999057106,0.998482944,0.997105222,0.998851987,0.999387909,0.997681896,0.94126747,0.00105829907,0,0,0,0.00173190199,0.00218747462,0.00178861852,0.00138003225,0.00122883516,0.0015911792,0.000955455964,0,0,0,0,0,0,0.000894424856,0.000871111449,0,0,0.000772873492,0.00126317191,0.000447316153,0.000989712549,0,0.00133487228,0.00220603114,0.000639534751,0.00115699804,0.00236442698,0.0521006139,21.1339857,25.3623575,25.5641854,25.1948222,26.1044081,25.2480292,23.6467559,23.935232,24.5904076,23.0830043,24.3361166,22.2977142,22.7083538,22.9126351,22.6650922,20.953752,20.4208095,20.3686256,20.0349275,19.3225377,18.5134312,17.2244746,16.8137683,15.2449054,15.8274615,16.1650069,15.6261799,15.250068,14.5971198,11.7162081,6.51954106,3.49226155
evaluation/lori-asha_02/i16_vbr_5ms_320k/master.wav,evaluation/lori-asha_02/i16_vbr_5ms_320k/c.wav,4.72885632,0.999723509,0.999897438,0.999735483,0.999862574,0.999754898,0.999696177,0.999773546,0.9996359,0.999809882,0.999781913,0.999727876,0.99978705,0.999650046,0.999474173,0.999405816,0.9994932,0.999056465,0.999034136,0.999181477,0.999308608,0.999482711,0.999389522,0.999621934,0.999680756,0.999540958,0.999493236,0.999460452,0.999419318,0.999677681,0.999904219,0.999744447,0.992222099,0.999327222,0.999768532,0.998787351,0.999504347,0.999228223,0.999114107,0.999491056,0.998799518,0.999442443,0.99948745,0.999319308,0.99957135,0.999204901,0.998836305,0.998525148,0.998449769,0.997357838,0.998276229,0.998333859,0.997588001,0.998956601,0.998588079,0.99914983,0.999191639,0.99872682,0.998574197,0.998199651,0.997130755,0.999005546,0.999505404,0.998195912,0.941528152,0.00141110762,0,0,0,0.00210807458,0.00245590391,0.00131351572,0.00208098692,0.00119232284,0.000441709529,0,0,0.000368224154,0,0.000916174454,0,0.00167133419,0,0,0.000403018077,0,0.00175155758,0.00123470927,0,0.00224367741,0.000481847747,0.0021019565,0.00210520768,0.000976436513,0.000948892856,0.00206534316,0.048765268,21.3282348,25.5266733,25.7515447,25.354381,26.3058247,25.4286291,23.8418451,24.1342733,24.7790968,23.3112543,24.5146477,22.4945924,22.8789549,23.0864005,22.825288,21.1300922,20.6111808,20.5785001,20.2471993,19.5292023,18.6881938,17.4041375,16.9798755,15.4042895,16.0094186,16.3365248,15.8226468,15.4082211,14.7661569,11.880193,6.67629594,3.66144121
evaluation/lori-asha_02/i24_cbr_5ms_192k/master.wav,evaluation/lori-asha_02/i24_cbr_5ms_192k/rust.wav,4.72144201,0.999432117,0.999709315,0.998917475,0.999522962,0.999295422,0.999119575,0.999106894,0.998856581,0.999059922,0.999068298,0.998692279,0.998756091,0.998211996,0.997463167,0.995677246,0.996219336,0.993452086,0.993404396,0.994941735,0.996375784,0.996873143,0.995495249,0.997084248,0.997637033,0.996597126,0.996892953,0.997320724,0.996067362,0.998163042,0.998984169,0.998062963,0.99219625,0.998606812,0.999229551,0.993522877,0.998562969,0.998153147,0.997242667,0.997990913,0.996692027,0.997576046,0.997200811,0.995206819,0.997616361,0.995807299,0.995103735,0.986152925,0.988847786,0.98478205,0.988005137,0.984842658,0.989465168,0.990763636,0.982872877,0.9916242,0.995728951,0.98818432,0.994043346,0.990143317,0.972367061,0.989255015,0.991506943,0.991683059,0.95408708,0,0,0,0,0.0035542738,0.00418389593,0.00325189931,0.00362569475,0.00332068516,0.00256993957,0.00263809288,0.00202181917,0.00254508533,0.0028232077,0.0117190558,0.00595680164,0.0076092312,0.00865855807,0.00852846513,0.00670491348,0.00480877635,0.0114950683,0.00788381246,0.00541182033,0.00942468698,0.00506603439,0.00770113993,0.0162650473,0.00709393141,0.00560561085,0.0107774934,0.0351121653,21.5616496,25.7648966,25.9707847,25.5960081,26.5938692,25.6910058,24.088865,24.3586885,25.0111811,23.525353,24.715478,22.7275739,23.0762703,23.3107051,23.0353018,21.3714908,20.8525429,20.7988265,20.4557957,19.7425338,18.9367159,17.6418525,17.2034015,15.6354381,16.2229635,16.5195064,16.0318265,15.6176315,14.9931953,12.1119995,6.88670224,4.00648664
evaluation/lori-asha_02/i24_cbr_5ms_192k/master.wav,evaluation/lori-asha_02/i24_cbr_5ms_192k/c.wav,4.72257813,0.999367078,0.999748674,0.99931297,0.999604763,0.999362899,0.99921776,0.999212804,0.998957619,0.999140353,0.999165068,0.999198069,0.999010386,0.997973015,0.997276781,0.996691667,0.9960417,0.993878615,0.991485731,0.993376718,0.995967477,0.996536898,0.996384143,0.997351319,0.997267368,0.997191992,0.996753627,0.997634708,0.996801816,0.998525942,0.999174036,0.998696657,0.99222528,0.997295595,0.999313974,0.99651833,0.998581937,0.99817074,0.998228094,0.998520888,0.996788896,0.996445546,0.99701498,0.998433672,0.997649767,0.995409063,0.995250924,0.990244469,0.991282667,0.988893145,0.977543278,0.97844389,0.983872665,0.992585103,0.985787992,0.994481972,0.992530686,0.989439691,0.992663106,0.992192794,0.981144083,0.991485802,0.994086092,0.994535697,0.953598002,0.00273165202,0,0,0,0.00341960663,0.00361328258,0.00168334501,0.00366021243,0.00411846236,0.0031681371,0,0.00178766897,0.00246881059,0.0015609252,0.00565273597,0.00417472197,0.00765315167,0.0168931503,0.0148577898,0.00854407328,0.00644882505,0.00886582611,0.00680744443,0.00931695662,0.00913187467,0.00814291539,0.00450508771,0.0102544321,0.00507815399,0.00445351794,0.00586166488,0.0410037165,21.5654864,25.7641389,25.9774654,25.606841,26.5610312,25.6932564,24.0861217,24.3829814,25.0381288,23.5566832,24.7753767,22.7410231,23.1298968,23.3424821,23.0574741,21.3852337,20.8928329,20.831232,20.4958181,19.7813624,18.9541487,17.6710596,17.2381493,15.6659566,16.2826748,16.5939213,16.0901266,15.6704287,15.029204,12.1392732,6.94034721,4.0159952
evaluation/lori-asha_02/i24_cbr_5ms_256k/master.wav,evaluation/lori-asha_02/i24_cbr_5ms_256k/rust.wav,4.72709492,0.999675452,0.999862404,0.999606307,0.999736583,0.999642338,0.999542992,0.999513515,0.999476618,0.99959584,0.999661203,0.999592647,0.999480743,0.999364847,0.998944997,0.998557517,0.998597717,0.996985804,0.996664915,0.997421269,0.998665163,0.998844383,0.998036435,0.999041644,0.999375485,0.998845537,0.998824689,0.99881572,0.998901444,0.999417421,0.999714094,0.999556619,0.991497186,0.999376162,0.999722362,0.998128724,0.999029033,0.999220155,0.998505036,0.99881609,0.998624577,0.998948901,0.999044136,0.999138708,0.998686122,0.998671689,0.996021113,0.99583106,0.996676623,0.990300314,0.992599765,0.990486996,0.996145313,0.997612308,0.992746293,0.997771698,0.998532192,0.994195187,0.996749454,0.995659139,0.995041731,0.997599365,0.997781528,0.996596728,0.939286418,0.00112980549,0,0,0,0.00163995142,0.00269781121,0.00190049031,0.00126830859,0.00183987363,0.00120223651,0,0.000932192191,0,0,0.00209091141,0,0.00353534343,0.00559639115,0.00678722005,0.00114381586,0,0.00619587777,0.00300071049,0.00192490822,0.006660239,0.00269384226,0.0043161414,0.00320686495,0.00183704561,0.00238210616,0.00309098682,0.0496852958,21.4079775,25.6298513,25.8111767,25.4696048,26.3837889,25.5321143,23.9161721,24.2005809,24.8717265,23.3424528,24.6057435,22.562991,22.9783039,23.1817718,22.9164902,21.2144984,20.683201,20.6332824,20.3027021,19.5914724,18.7874673,17.4957938,17.0772061,15.500641,16.09922,16.4171881,15.9045573,15.50791,14.8562712,11.974982,6.76197566,3.75362876
evaluation/lori-asha_02/i24_cbr_5ms_256k/master.wav,evaluation/lori-asha_02/i24_cbr_5ms_256k/c.wav,4.72717999,0.99967247,0.999858362,0.999562807,0.999769074,0.999677394,0.99954452,0.999517289,0.999475752,0.999517569,0.999534695,0.999484585,0.999504426,0.999367472,0.99922937,0.998629609,0.998362443,0.996858501,0.996813569,0.997655938,0.998601253,0.998995191,0.998229168,0.998956407,0.999122873,0.999009595,0.999007534,0.998950123,0.998780836,0.999461271,0.999749428,0.999523567,0.991361254,0.99899347,0.999643795,0.997587391,0.999312948,0.998966039,0.99896665,0.998789851,0.997947183,0.998283304,0.998686161,0.998811913,0.998701921,0.998692937,0.998584428,0.996259047,0.994606345,0.990922244,0.993163895,0.994434646,0.995559822,0.997968388,0.995357922,0.99793629,0.997782326,0.99759484,0.997004749,0.996148998,0.993063431,0.997568189,0.998228942,0.996553776,0.949875527,0.00157026303,0,0,0,0.00232697992,0.00291056722,0.00198605288,0.00221762635,0.00273918089,0.00212059269,0.000593480233,0,0,0,0.00267791436,0.00211924751,0.00377024604,0.0056659646,0.00262579471,0.0018554162,0,0.00490752245,0.00386405624,0.00344826797,0.00399397083,0.00193719122,0.0037573449,0.00451902842,0.00185235638,0.00201616417,0.0031701857,0.0519718112,21.3511577,25.4981742,25.721071,25.3320823,26.3030417,25.4205587,23.8257302,24.1314247,24.7811472,23.2721459,24.533292,22.4932481,22.83714,23.0552729,22.7896019,21.1269656,20.6018248,20.5590753,20.2218995,19.5161914,18.6583836,17.3867539,16.9551481,15.3853337,15.978904,16.312813,15.7964784,15.3976403,14.764708,11.882142,6.69728037,3.66503448
evaluation/lori-asha_02/i24_cbr_5ms_320k/master.wav,evaluation/lori-asha_02/i24_cbr_5ms_320k/rust.wav,4.7282457,0.999741409,0.999889981,0.999762641,0.999849162,0.999778973,0.999723157,0.999726135,0.999706062,0.999776389,0.999771967,0.999761252,0.999724942,0.999627378,0.999608015,0.999434741,0.999319941,0.998997776,0.998707193,0.999095321,0.999215265,0.999474347,0.99931744,0.99958799,0.999699945,0.999621243,0.999357713,0.999385024,0.999221843,0.999643763,0.99988854,0.99973157,0.990521593,0.999400351,0.999694832,0.99895205,0.999513734,0.999391513,0.999406392,0.999271806,0.999144233,0.999354856,0.999438122,0.999449654,0.999243685,0.99918422,0.999111434,0.998231297,0.998150242,0.996981036,0.996211179,0.997835896,0.99714859,0.998509991,0.998009423,0.998834985,0.999391708,0.999065142,0.998871144,0.997834987,0.995953132,0.99879729,0.99929172,0.998008403,0.921799193,0.000968246388,0,0,0,0.00178696129,0.00219309773,0.00166249063,0.0016688193,0.00163496215,0.00121679236,0,0,0,0,0.00148859009,0,0,0.00273141167,0.00118597121,0.00128074547,0,0.00244711509,0.0020977808,0.000740367861,0.00123877718,0,0.00183909867,0.00254390889,0,0.00121728687,0.00217833115,0.0592968163,21.3985729,25.548618,25.7564125,25.4018294,26.3326784,25.4940964,23.8951967,24.1712624,24.8512478,23.2802635,24.5933228,22.4978981,22.8834113,23.1005914,22.8286153,21.1618167,20.6421505,20.5806634,20.248689,19.5423456,18.7181148,17.4342329,17.0144048,15.4243371,16.0360925,16.3437429,15.8493155,15.4443524,14.8025796,11.9490619,6.7386245,3.70606336
evaluation/lori-asha_02/i24_cbr_5ms_320k/master.wav,evaluation/lori-asha_02/i24_cbr_5ms_320k/c.wav,4.72883207,0.999761427,0.999892773,0.999718429,0.999853377,0.999784839,0.999668199,0.999718934,0.999634168,0.999798851,0.999778057,0.999720156,0.999751244,0.99965795,0.999565199,0.999412137,0.999532947,0.999111543,0.998873951,0.999203428,0.999251181,0.999487429,0.999295748,0.999532901,0.999694387,0.999476629,0.999350621,0.999463275,0.999434853,0.999703933,0.999907314,0.999760485,0.992293731,0.999492535,0.999729324,0.998975187,0.999547965,0.999206278,0.999083025,0.999250107,0.998198938,0.999337571,0.999329886,0.999291751,0.999364699,0.998948283,0.999052263,0.998087323,0.998809963,0.997366927,0.995572185,0.99849325,0.998187778,0.998662082,0.9981695,0.998740674,0.99922309,0.998594944,0.998371531,0.998512263,0.996856821,0.999019777,0.999588179,0.998376016,0.944019889,0.000418870621,0,0,0,0.0017825164,0.00252689192,0.00154637123,0.00295593958,0.00115204938,0.00104284557,0,0,0,0,0.00109299289,0,0,0.0022230304,0,0,0,0.00222172726,0.00207252562,0,0.0022693858,0,0.0014325053,0.00256336487,0,0.000905285379,0.00191983804,0.0490092968,20.945134,25.1069501,25.3118424,24.878036,25.9112731,25.0334253,23.4216652,23.7301972,24.3969926,22.8167685,24.1320663,22.0516766,22.4332116,22.6364515,22.3949611,20.7120515,20.1947302,20.1346237,19.8082709,19.0938618,18.2622046,17.0047771,16.5956432,15.0174468,15.6008758,15.9254959,15.40677,15.0159813,14.3424564,11.4816532,6.32121628,3.2667914
evaluation/lori-asha_02/i24_vbr_5ms_192k/master.wav,evaluation/lori-asha_02/i24_vbr_5ms_192k/rust.wav,4.72169691,0.999403455,0.999727201,0.99903526,0.999530965,0.999335199,0.999169311,0.999275316,0.999181824,0.999358122,0.999149666,0.998727537,0.998662464,0.998120069,0.997246985,0.996291665,0.996409769,0.993935467,0.993327146,0.994631977,0.996166175,0.996686006,0.995370951,0.996271789,0.997384509,0.997216183,0.996978671,0.99697834,0.996562867,0.998571274,0.999212945,0.998567693,0.989802245,0.998684607,0.999305873,0.995045773,0.998385134,0.998416047,0.997520784,0.99798657,0.99819337,0.998509158,0.997729228,0.996039247,0.996669097,0.995712578,0.993591378,0.987030245,0.989933969,0.98134183,0.987964721,0.987509858,0.991842936,0.990268316,0.983296567,0.989798846,0.994178384,0.991715213,0.992017246,0.987968266,0.979306305,0.991643082,0.994103,0.993084238,0.929912736,0.00100326196,0,0,0,0.00364981915,0.00445478299,0.00295191121,0.00297760747,0.0021304375,0.00226515722,0.00224236062,0.00235808901,0.00205445744,0,0.00969669952,0.00565770928,0.0105514533,0.0106611661,0.0101912526,0.00591792691,0.0045754763,0.0129926958,0.015930607,0.00759934777,0.00718282576,0.0051010349,0.00942890609,0.0121498065,0.00534022103,0.00411509134,0.00555193734,0.050986167,21.5757542,25.7707366,25.9794386,25.6045411,26.5633788,25.6900559,24.0977723,24.3843217,25.0362551,23.5463138,24.7709157,22.7461314,23.1227596,23.3332252,23.0585541,21.377521,20.8709098,20.8392825,20.4946272,19.7815583,18.956136,17.6785987,17.2373022,15.6766198,16.2761103,16.5884926,16.0882327,15.6560881,15.0224609,12.1303276,6.93239231,4.02918496
evaluation/lori-asha_02/i24_vbr_5ms_192k/master.wav,evaluation/lori-asha_02/i24_vbr_5ms_192k/c.wav,4.7225444,0.999409712,0.999745436,0.999027741,0.999556718,0.999323563,0.999057071,0.9991614,0.998988174,0.999019779,0.999159764,0.999139748,0.998930342,0.998145575,0.997683037,0.99717633,0.996472376,0.993896482,0.991135743,0.993833576,0.996025003,0.99660339,0.995819228,0.996878518,0.997133332,0.997072411,0.997227641,0.997427589,0.997028972,0.998556949,0.999457702,0.998996837,0.990349999,0.99832487,0.999242576,0.996577907,0.99864601,0.997993708,0.997436383,0.998226199,0.997166949,0.997483603,0.997909997,0.997999379,0.997959396,0.996270975,0.99564706,0.990488817,0.991315066,0.988071595,0.978207398,0.983042676,0.986280125,0.992174764,0.98994453,0.992826282,0.991001567,0.989684994,0.994046919,0.9902733,0.983815291,0.991959513,0.996893103,0.995413888,0.940328065,0.00132304579,0,0,0,0.00357497916,0.00418861545,0.00239177774,0.0037516382,0.00525235157,0.00317042016,0.00146826461,0.00102446352,0.00194742909,0.00128582958,0.00566116954,0.00409737889,0.00508064578,0.0192187307,0.0125615844,0.00869780056,0.006131085,0.00926682888,0.00863160946,0.011378069,0.00945888692,0.00321812542,0.00624303065,0.00947550923,0.00571529298,0.0030188106,0.00399741525,0.0455301815,21.5945759,25.7471893,25.9482671,25.5836743,26.5617031,25.6894102,24.0869164,24.3756887,25.0395179,23.5153133,24.7914848,22.7351143,23.0898601,23.3140122,23.0261861,21.3923862,20.8695984,20.798181,20.485197,19.7710154,18.929932,17.6357586,17.2158789,15.6506567,16.2653635,16.5779857,16.0691286,15.6510982,15.025445,12.1404236,6.96353215,4.01323781
evaluation/lori-asha_02/i24_vbr_5ms_256k/master.wav,evaluation/lori-asha_02/i24_vbr_5ms_256k/rust.wav,4.72734185,0.999708099,0.999838675,0.999487074,0.999733398,0.999549098,0.999540885,0.999481491,0.999443617,0.999494234,0.999614865,0.999605343,0.999543454,0.999405601,0.99905396,0.998694034,0.998519555,0.997100087,0.996752098,0.997567891,0.998639558,0.998886805,0.998105872,0.998652139,0.999313507,0.99878919,0.998792307,0.998933342,0.99886095,0.999406203,0.999694432,0.999535016,0.992621504,0.999450683,0.999567888,0.996815612,0.999316131,0.998777526,0.999001938,0.998993831,0.998828785,0.998939205,0.998771166,0.999208323,0.999068452,0.998518388,0.997077455,0.996440694,0.994045903,0.993059058,0.993610001,0.993564974,0.996589433,0.997642165,0.993761396,0.995443425,0.998293416,0.994469812,0.996631472,0.995659332,0.99422778,0.997398393,0.9975751,0.996556386,0.950405018,0.00098826222,0,0,0,0.00265535487,0.00289331713,0.00215460934,0.00175994562,0.00239979342,0.00174826333,0.000484117617,0.000753889306,0,0,0.00147235515,0.00309080915,0.00238296724,0.00414592702,0.00468748272,0,0,0.00548173867,0.00630460373,0.0018960068,0.00658345501,0.00264998284,0.00430991931,0.00421496372,0.0018064552,0.00255422617,0.00311294372,0.0449885378,21.1718691,25.2798895,25.5015062,25.1386291,26.0767779,25.2453081,23.6161944,23.94252,24.6231935,23.0576413,24.3535447,22.269668,22.654104,22.8566826,22.6043068,20.9255144,20.3991817,20.3518113,20.0268807,19.3026104,18.4653472,17.1631673,16.7219793,15.1189379,15.70161,16.0247429,15.5125327,15.1207004,14.501242,11.6211078,6.44966873,3.44529568
evaluation/lori-asha_02/i24_vbr_5ms_256k/master.wav,evaluation/lori-asha_02/i24_vbr_5ms_256k/c.wav,4.72687551,0.999624785,0.9998113,0.999441933,0.999690243,0.999638567,0.9995448,0.999550246,0.999284668,0.999474379,0.999552136,0.999524411,0.999548543,0.999351145,0.999115747,0.998589251,0.998351738,0.997505189,0.996888108,0.997473338,0.99853903,0.998981448,0.998677826,0.999119074,0.999041024,0.998960674,0.999010146,0.99893511,0.998134724,0.999348535,0.999777478,0.999576485,0.991739767,0.999020154,0.99943297,0.996917903,0.999043195,0.998922574,0.998975344,0.999037268,0.99721832,0.99846276,0.998790392,0.99860694,0.998821825,0.998678668,0.998076685,0.996788301,0.995189548,0.993866648,0.995110238,0.994504951,0.996444003,0.997481782,0.996677451,0.998051623,0.997499846,0.99682926,0.997253569,0.996352846,0.987015359,0.996285232,0.998593237,0.997024998,0.954517408,0.00121679612,0,0,0,0.00227586603,0.00282046911,0.00208688092,0.00372210995,0.00247334622,0.00147123338,0.000324850872,0.00130229119,0.000801504331,0,0.00234779428,0.000464138205,0,0.00270868291,0.00500833242,0.00109356491,0,0.00222397963,0.00319709778,0.00414415886,0.00451811315,0.00238155335,0.00352117115,0.0072841801,0.00248583553,0.00180957589,0.00280424047,0.0496887492,21.373805,25.5685174,25.7851355,25.4342359,26.3425873,25.5045582,23.8980994,24.1764447,24.8483114,23.3140464,24.5673249,22.504557,22.9268313,23.1349836,22.866414,21.1713376,20.6611594,20.6121665,20.2682041,19.5506187,18.7469432,17.4762883,17.0297492,15.4598773,16.072394,16.3724055,15.8691974,15.4639702,14.8076648,11.9514154,6.72500834,3.7181458
evaluation/lori-asha_02/i24_vbr_5ms_320k/master.wav,evaluation/lori-asha_02/i24_vbr_5ms_320k/rust.wav,4.72859701,0.999764711,0.999893662,0.999736919,0.999858517,0.99978561,0.999753018,0.999740477,0.999712581,0.999798174,0.999771848,0.999764676,0.999762036,0.999637822,0.999512718,0.999479436,0.999466514,0.99910312,0.998934689,0.999170534,0.999288609,0.999556099,0.999434959,0.999662093,0.999724622,0.999643094,0.999418693,0.999454385,0.999396528,0.999712822,0.999902824,0.999731045,0.991081207,0.999283551,0.999682336,0.998644043,0.99955845,0.999253518,0.999225472,0.999519429,0.999172864,0.999414447,0.999086719,0.999289062,0.99937271,0.999020015,0.999012549,0.998533826,0.998457728,0.997509137,0.997650386,0.998462877,0.998353244,0.998863961,0.998724662,0.999471226,0.99954385,0.999052906,0.998458849,0.998764323,0.996901873,0.999116117,0.999538779,0.997991996,0.928977929,0.00119112033,0,0,0,0.0018308542,0.00214078,0.00148855629,0.00156878582,0.00148421591,0.00134932515,0,0,0,0,0.000952090633,0,0,0,0,0,0,0.000604201578,0.0013821626,0.000776172793,0.000972681035,0,0.000764358164,0.00244458057,0.00035436875,0.000981162831,0.00222725058,0.0560888012,21.2131434,25.351033,25.5332037,25.1812699,26.1212057,25.2832331,23.6459474,23.9754826,24.6516581,23.096992,24.4083598,22.339929,22.7159673,22.9229237,22.6802586,20.9993068,20.4558548,20.3923084,20.0569643,19.3381236,18.5113226,17.1958957,16.7749713,15.1665975,15.7375834,16.0736291,15.5431414,15.1769011,14.5605035,11.6666573,6.49727501,3.48520365
evaluation/lori-asha_02/i24_vbr_5ms_320k/master.wav,evaluation/lori-asha_02/i24_vbr_5ms_320k/c.wav,4.72879871,0.999760869,0.99991084,0.999748169,0.999867761,0.99978803,0.999691419,0.999798184,0.999659303,0.999685507,0.999762347,0.999762891,0.999806922,0.999652043,0.999546018,0.999472044,0.999524839,0.998995966,0.999041407,0.999276074,0.999279282,0.999510748,0.999351139,0.999609009,0.999707656,0.999638489,0.999530211,0.999458358,0.999402102,0.999554297,0.999909942,0.999725371,0.992115703,0.999311314,0.999789163,0.998651772,0.999625908,0.999476881,0.99911477,0.999573331,0.998936882,0.998220117,0.999398544,0.999399801,0.99954353,0.999116334,0.999025918,0.998744557,0.998224295,0.997108859,0.998201551,0.998652061,0.997012456,0.998749066,0.998102305,0.999186823,0.999256865,0.998986261,0.998664281,0.998280875,0.99721246,0.997980486,0.999528215,0.997892742,0.941684118,0.00144516839,0,0,0,0.00184069393,0.00248406455,0.00105102784,0.00229396334,0.00279968289,0.000637697421,0,0,0,0,0.00165837769,0.00073160116,0.00124845735,0,0,0.00124567098,0,0.00249612701,0.00189201734,0.000939170782,0.00144487198,0.00127853667,0.00213623037,0.00185009607,0.00110007272,0.000928244398,0.00222019579,0.0502625737,21.3609264,25.5099505,25.727462,25.3336904,26.3081681,25.4305025,23.8389989,24.1292718,24.7805677,23.278177,24.538101,22.4958218,22.8398777,23.0540271,22.7891379,21.1297435,20.5986811,20.5551591,20.2299719,19.5228526,18.6668466,17.3804321,16.9625016,15.3790456,15.9787045,16.3130433,15.8002302,15.3949886,14.7675879,11.884969,6.69939329,3.66158135
evaluation/lori-asha_03/i16_cbr_5ms_192k/master.wav,evaluation/lori-asha_03/i16_cbr_5ms_192k/rust.wav,4.72323307,0.979152586,0.994083166,0.999658648,0.999666067,0.999340734,0.999567304,0.999638036,0.999367784,0.99959033,0.999576328,0.999048292,0.998872482,0.998912129,0.999060302,0.998587992,0.998583687,0.997826322,0.997756303,0.998494849,0.997140369,0.997313232,0.997519634,0.997120737,0.996478257,0.998040034,0.998204396,0.998593473,0.999174812,0.999223919,0.999565295,0.9979352,0.986789035,0.801749658,0.943389346,0.998753159,0.999361467,0.997045162,0.998449226,0.99914905,0.998193888,0.998966485,0.99903384,0.99786911,0.997031979,0.997162204,0.998412402,0.996754235,0.997194183,0.995212871,0.992560638,0.997477476,0.98888614,0.991733032,0.993491836,0.991211556,0.980484744,0.994092383,0.994963202,0.994746947,0.998130039,0.998314856,0.999180381,0.994388847,0.896564297,0.12050972,0.037924714,0.0018904232,0,0.0020195255,0,0,0,0,0.00167924108,0.00164300993,0,0.00108904337,0.00206286693,0.00334595095,0.003322297,0,0.00721722389,0.00295711509,0.00830434503,0.00888837595,0.00597993425,0.00603705521,0.00840546963,0.00228823266,0.00339469524,0.00390970206,0.00195516511,0.000326489411,0.00107766704,0,0.0627782813,26.0078156,24.9246737,27.3748857,26.2799056,26.8487971,27.8886231,25.9329569,24.3354423,25.4801473,22.9024285,22.9583746,22.4833275,22.4116115,21.095455,21.3012439,20.3152038,19.8899843,19.0680269,17.8813281,18.2602779,16.8285084,15.9519872,15.6258674,14.2584199,14.13823,15.231333,14.7369124,15.4874205,14.4826878,12.2975026,7.56031705,5.10855183
evaluation/lori-asha_03/i16_cbr_5ms_192k/master.wav,evaluation/lori-asha_03/i16_cbr_5ms_192k/c.wav,4.72210917,0.991017038,0.996288972,0.999593506,0.999626904,0.999384674,0.999632031,0.999627749,0.999472675,0.99961329,0.999553316,0.999057544,0.998882803,0.998916907,0.999054125,0.998671035,0.998596213,0.997667022,0.998054806,0.998540562,0.996918165,0.997071155,0.997195767,0.996516285,0.995489249,0.99809043,0.998402748,0.998557577,0.999120574,0.999115253,0.99958432,0.997308576,0.980427993,0.94648669,0.973778783,0.998422304,0.999039628,0.99738913,0.999325135,0.999304117,0.998820095,0.999230418,0.99898436,0.996801215,0.997402842,0.997429946,0.998244345,0.997070594,0.997529534,0.994898569,0.995235753,0.99567283,0.990152052,0.990176149,0.992947546,0.976339365,0.970167433,0.992420356,0.993856162,0.994017072,0.997812519,0.997054493,0.999067261,0.989690286,0.809088446,0.0450326104,0.0201064557,0.00210375711,0,0.00138996604,0,0.000429379354,0,0.00109744287,0.00197011667,0.00218180134,0,0.00139539135,0.00217721716,0.00342438351,0.00407476244,0.00195615555,0.00453132403,0.00211722891,0.010691218,0.0097885519,0.00762710254,0.0126949715,0.0171372003,0.00385124127,0.00272400702,0.00422230548,0.00168038078,0,0,0.00592337256,0.10277961,25.9130085,24.7884689,27.2378237,26.1760397,26.7551043,27.7897664,25.831804,24.2076538,25.3614183,22.8113221,22.874439,22.3655484,22.3060737,20.9729967,21.1565272,20.1977815,19.7603943,18.969722,17.7669307,18.1633202,16.7301714,15.8294523,15.5179533,14.1413423,14.014631,15.1159926,14.6190159,15.3739232,14.3880458,12.1861966,7.43476412,4.97979829
evaluation/lori-asha_03/i16_cbr_5ms_256k/master.wav,evaluation/lori-asha_03/i16_cbr_5ms_256k/rust.wav,4.72778302,0.989739023,0.997271467,0.9997144,0.999738965,0.999537651,0.999762038,0.999776414,0.999716147,0.999785168,0.999715127,0.999667823,0.99961323,0.999537791,0.999440636,0.999007532,0.999033039,0.998605481,0.998822043,0.99946305,0.999315513,0.998966152,0.998846195,0.9988917,0.99874663,0.999440204,0.999398355,0.999268169,0.999597334,0.999607527,0.999876669,0.999082074,0.992330342,0.906390517,0.976417734,0.998277412,0.999282621,0.997822085,0.999572109,0.999581761,0.999339725,0.999443555,0.998905627,0.999425957,0.998666504,0.998230939,0.998937936,0.997204469,0.997232373,0.996136766,0.9974362,0.998993368,0.998267717,0.996440378,0.99808506,0.995127428,0.993168058,0.998218734,0.998439371,0.99625566,0.999236604,0.999059034,0.999795182,0.997238758,0.929302874,0.0643490081,0.0195969028,0.00215425026,0,0.00190301473,0,0,0,0,0.00196281053,0,0,0,0.00197950355,0.00400878372,0.00381659298,0.00164728743,0.00355715714,0.00160808153,0.00057773949,0.00493374731,0.00374163115,0.00420245958,0.00301294911,0.00169795757,0.000203251413,0.00298102942,0.00099436276,0.00130477037,0,0,0.0382750008,25.9661679,24.8768413,27.3785805,26.3014018,26.8195987,27.8412784,25.8949701,24.2763563,25.4094527,22.9002829,22.9228489,22.4486556,22.3659753,21.0711944,21.2736493,20.283236,19.8003848,19.0176843,17.8139435,18.2183986,16.7733726,15.8793447,15.5319264,14.1936329,14.0521424,15.1517366,14.6575609,15.4126535,14.4094469,12.1878183,7.42125843,5.02357778
evaluation/lori-asha_03/i16_cbr_5ms_256k/master.wav,evaluation/lori-asha_03/i16_cbr_5ms_256k/c.wav,4.72736511,0.995422732,0.999011623,0.999813099,0.999738117,0.999639102,0.999785464,0.999756061,0.999621574,0.999752317,0.999776674,0.999509087,0.999652901,0.999626164,0.999577721,0.999302798,0.999238043,0.998310045,0.99878743,0.99938208,0.999081075,0.99916866,0.998941368,0.999056633,0.998913245,0.999300118,0.999288388,0.999243386,0.999616953,0.999650425,0.999871757,0.998941593,0.989458897,0.969256952,0.993505471,0.999515589,0.999062355,0.99834158,0.999538752,0.999255703,0.999105921,0.998788505,0.999474588,0.998669191,0.999287453,0.998677448,0.999321256,0.998540681,0.998731502,0.996082083,0.997055803,0.998726501,0.996898318,0.997706872,0.997799403,0.996578229,0.995090142,0.997108625,0.99762332,0.99590349,0.999264099,0.999133708,0.999763198,0.99721935,0.893469209,0.0241588491,0.00548191857,0,0,0.00111376599,0,0.00126025469,0,0.00138294963,0.000560348976,0.00163846564,0,0.00160985083,0.00198989174,0.00284331599,0.00164306961,0,0.00378816507,0.00128300202,0.00128266056,0.00302584717,0.00375592637,0.00341035508,0.00253923864,0.00211355341,0.00201008309,0.0034371814,0,0,0,0,0.0620149043,25.8431224,24.7626924,27.2165605,26.1506307,26.7251989,27.765218,25.8071302,24.1768623,25.3366452,22.7806516,22.8468261,22.3370598,22.2822131,20.9412558,21.1313529,20.1636482,19.724884,18.9402848,17.7231823,18.1291983,16.6910224,15.7986093,15.4721638,14.1010267,13.9706819,15.0650265,14.5665611,15.3300125,14.3314899,12.1136094,7.34396224,4.92299072
evaluation/lori-asha_03/i16_cbr_5ms_320k/master.wav,evaluation/lori-asha_03/i16_cbr_5ms_320k/rust.wav,4.72858771,0.985957777,0.997766144,0.999821281,0.999858027,0.999729098,0.999818058,0.999875355,0.999824913,0.9998699,0.999853428,0.999747929,0.999779366,0.999769781,0.999807786,0.999731808,0.999693625,0.999446055,0.999620802,0.999810184,0.999623481,0.999527469,0.999566665,0.999504837,0.999487915,0.999670416,0.999607141,0.999553277,0.999746166,0.999742567,0.999929927,0.999233307,0.993646205,0.853258029,0.983076806,0.998984253,0.999685833,0.99881625,0.999458498,0.999733682,0.999599868,0.999494589,0.999642146,0.999429969,0.999268294,0.999236663,0.999617042,0.999358826,0.999464052,0.998435481,0.999201876,0.999600185,0.99895772,0.998215081,0.998903803,0.997471733,0.997359594,0.998880518,0.998945723,0.998077902,0.999520956,0.999406097,0.999888425,0.997495264,0.939562807,0.116371874,0.014167029,0.00139128559,0,0.00104051852,0,0.000691059578,0,0.00101133038,0.00122058403,0.000888072808,0,0,0.000492268055,0.00151229343,0.00134430287,0,0.00121704551,0.000602662378,0.00138034977,0.00230681485,0.00224407753,0.00251296264,0.000870146863,0.000832215288,0,0.00198250913,0.000671805673,0.000978383159,0.000510266256,0,0.0363660681,26.0201152,24.916053,27.362225,26.2818562,26.8555436,27.8946399,25.930319,24.3319531,25.4863279,22.9104625,22.9636751,22.4821738,22.4035377,21.0981854,21.3026044,20.3191893,19.8795867,19.0644122,17.8629967,18.2661865,16.8223479,15.9451227,15.605037,14.2392411,14.1167601,15.20754,14.6999624,15.4580848,14.4512304,12.2435933,7.47068969,5.06909169
evaluation/lori-asha_03/i16_cbr_5ms_320k/master.wav,evaluation/lori-asha_03/i16_cbr_5ms_320k/c.wav,4.72927867,0.995456026,0.999095178,0.999901128,0.999849066,0.999784591,0.999856431,0.999874437,0.999822314,0.999863201,0.999860345,0.999741757,0.99977491,0.99979178,0.999791518,0.999715078,0.999734535,0.999407181,0.999590312,0.999761381,0.999519435,0.999456555,0.999473551,0.999405019,0.999159129,0.999572698,0.999639292,0.999565281,0.999709468,0.999784759,0.999920109,0.999237686,0.994370431,0.959404329,0.993514899,0.999705066,0.999599717,0.999235445,0.999699866,0.999789682,0.999570931,0.999481073,0.999742553,0.999360325,0.999448217,0.999465284,0.999608703,0.999235941,0.99956194,0.997096925,0.99875684,0.999470158,0.998623216,0.997943936,0.998868139,0.996848997,0.994810143,0.998445184,0.999255934,0.998243339,0.999047606,0.999465279,0.999866677,0.997437999,0.948096444,0.0360149994,0.00622345007,0.000538228763,0,0,0,0,0,0.000581448027,0,0,0,0,0.00107715251,0.00150302504,0.00110971684,0,0.00192966276,0,0.000248816072,0.0023841217,0.00258495343,0.00274754565,0.00256442588,0.00150296903,0,0.00143868262,0.00110219821,0.000912008249,0,0,0.0309122113,26.0334996,24.9422382,27.3858125,26.3032011,26.8682572,27.9115239,25.966897,24.3510227,25.4873613,22.8996713,22.991432,22.472627,22.4022566,21.1340712,21.2974802,20.2831725,19.8376479,19.0410661,17.8424481,18.2301518,16.7950829,15.9069139,15.5751875,14.1865958,14.0590576,15.1625191,14.6714189,15.449554,14.4530161,12.2277579,7.46074847,5.07184503
evaluation/lori-asha_03/i16_vbr_5ms_192k/master.wav,evaluation/lori-asha_03/i16_vbr_5ms_192k/rust.wav,4.72258436,0.983840915,0.99611795,0.999636449,0.999634922,0.999254921,0.99948368,0.999634604,0.99945579,0.999635801,0.999618214,0.998997502,0.998907147,0.998861048,0.999055299,0.998594574,0.998569608,0.997364547,0.997674587,0.998646664,0.997328395,0.997388698,0.997893107,0.997367553,0.99457869,0.997749496,0.998381716,0.998813063,0.999320806,0.999237293,0.999555494,0.997682149,0.983126805,0.870455844,0.969347113,0.998751286,0.999359576,0.997137227,0.997916495,0.999453244,0.998533381,0.999178435,0.999132696,0.996141415,0.996278492,0.996652058,0.997843494,0.996455815,0.997816717,0.993206288,0.993044011,0.997154272,0.987718123,0.990265196,0.995879778,0.988427725,0.957984136,0.99009484,0.996113458,0.995526917,0.998734952,0.998505547,0.999253449,0.994722911,0.852548113,0.0990018295,0.019347476,0.00126587623,0,0.00161951664,0,0,0,0.000706037659,0.00161949279,0.0039694154,0,0.000259769493,0.00152326422,0.00402715707,0.00358454294,0.00132700328,0.00588504937,0.00337424825,0.00902160667,0.00806250874,0.00525631426,0.00780737185,0.0221326145,0.00604015676,0.00281948953,0.00311554123,0,0.000656394937,0.000857654043,0,0.0893830832,25.9662004,24.8807881,27.3684648,26.2980583,26.8085737,27.8275523,25.879611,24.2667998,25.4040843,22.8887813,22.9091031,22.4465473,22.3555971,21.0623508,21.2662859,20.2699767,19.7983583,19.0121081,17.8160779,18.2171603,16.7799451,15.8881592,15.5511513,14.2119264,14.0667717,15.161131,14.6705814,15.4261223,14.42908,12.2159773,7.51269721,5.06378673
evaluation/lori-asha_03/i16_vbr_5ms_192k/master.wav,evaluation/lori-asha_03/i16_vbr_5ms_192k/c.wav,4.71989748,0.982965153,0.995503945,0.999664207,0.999588623,0.999404396,0.999560228,0.999623062,0.999403746,0.99962715,0.999665784,0.999068936,0.998947395,0.998900703,0.99899592,0.998752396,0.99850267,0.997423027,0.997455736,0.998563353,0.99751756,0.996913446,0.997416343,0.996745365,0.996015827,0.997902655,0.998291305,0.998458361,0.999239615,0.999202971,0.999586403,0.997705005,0.972508809,0.835263338,0.959068863,0.998777879,0.999075277,0.998513882,0.999014605,0.999171952,0.99818848,0.99869197,0.999385184,0.997709349,0.997686795,0.997623543,0.998540708,0.997514954,0.99686059,0.995008291,0.992334535,0.996844317,0.992442247,0.98979049,0.99463097,0.981585499,0.977611653,0.992991824,0.996087451,0.993085174,0.998175873,0.9981766,0.999160655,0.992758411,0.721307093,0.0998943222,0.0319327878,0.00163693063,0,0,0,0.000892043668,0,0.000793208687,0.00141418262,0.00205123275,0,0.00155978346,0.0017674519,0.00329548817,0.00385243964,0,0.00877991417,0.0024280042,0.00666772272,0.0110934954,0.00659582135,0.0116694696,0.0105639497,0.00383930725,0.00177806661,0.00493840586,0.0016484107,0,0.00110178729,0.00220540137,0.135349318,26.0892517,24.972861,27.3967194,26.3071207,26.8693538,27.9073668,25.9749728,24.3559368,25.4846677,22.9037138,22.9940173,22.4680711,22.3952509,21.1360842,21.3038759,20.2828378,19.8527639,19.0578283,17.8586544,18.2446746,16.8215946,15.92858,15.59204,14.2056635,14.0816329,15.1838309,14.7003587,15.479274,14.4931928,12.2761642,7.55524383,5.12133538
evaluation/lori-asha_03/i16_vbr_5ms_256k/master.wav,evaluation/lori-asha_03/i16_vbr_5ms_256k/rust.wav,4.72752756,0.98818351,0.995134529,0.999714284,0.999723936,0.99955938,0.999775054,0.999812673,0.999705715,0.999791211,0.999747717,0.999592566,0.999610035,0.999488311,0.999392013,0.999095692,0.999229488,0.998458273,0.998810151,0.999419088,0.999303475,0.999075596,0.999010077,0.998647749,0.998622113,0.999402354,0.999419047,0.999396092,0.999658485,0.999676354,0.999877483,0.999106438,0.991332548,0.882542871,0.950417244,0.99848126,0.999367984,0.997873501,0.999576565,0.999667753,0.999279088,0.999510254,0.999413908,0.999033309,0.999010669,0.998630485,0.998485968,0.997644274,0.998699283,0.997121468,0.997699803,0.998627612,0.99840204,0.997616508,0.998409631,0.992085777,0.990485798,0.998289283,0.998612152,0.997065635,0.999368732,0.999261179,0.999741317,0.997311249,0.917338835,0.0741803195,0.0313801828,0.00193674014,0,0.00197985702,0,0,0,0.000448559012,0.00171449781,0,0,0.00177042357,0.00289221655,0.0037613125,0.00217748995,0.00169606486,0.00359086742,0.00209290155,0.00183007915,0.0040196419,0.00252476657,0.00550156403,0.00484808595,0.00186781726,0.000313466367,0.00237814448,0.000942870413,0.00068300867,0,0,0.0485755657,26.0189613,24.9510492,27.3896999,26.3010369,26.8659393,27.9034601,25.9622402,24.3478091,25.4864471,22.8937646,22.9883825,22.4771372,22.398958,21.1277945,21.2917803,20.2836552,19.8507305,19.0487518,17.8426236,18.2310928,16.7961522,15.9082768,15.5735792,14.1946462,14.0690782,15.1662873,14.6647189,15.4500982,14.4596284,12.2406549,7.47049099,5.06846273
evaluation/lori-asha_03/i16_vbr_5ms_256k/master.wav,evaluation/lori-asha_03/i16_vbr_5ms_256k/c.wav,4.72762178,0.988246384,0.995779784,0.999695454,0.999678423,0.999619559,0.999726612,0.999756295,0.999635357,0.999800321,0.999767931,0.999501924,0.999560525,0.999509835,0.999550469,0.999399174,0.999228237,0.998356314,0.998822774,0.999352788,0.999096433,0.999020497,0.999205345,0.999240551,0.998733924,0.999272481,0.999337218,0.999253413,0.999621309,0.999656805,0.999867196,0.999057352,0.99233537,0.909685634,0.968909991,0.99873129,0.998487161,0.998562325,0.999449996,0.999259843,0.999099409,0.99955508,0.999337359,0.999004585,0.998999554,0.998720867,0.999313338,0.998598391,0.997871956,0.996744685,0.996999989,0.998564872,0.996079756,0.996634831,0.998308361,0.997820259,0.994059658,0.99740708,0.997484816,0.996485593,0.999343986,0.99934434,0.99972337,0.997263484,0.927624438,0.0732495005,0.0264848337,0.00168929919,0,0.00106086995,0,0.000979067187,0,0.000978576718,0.00152420391,0.00153173605,0,0.000770413883,0.00025498287,0.00191629597,0.00296071634,0,0.00276425419,0,0.00287099401,0.00399477598,0.00268603723,0.000835654676,0.00288312162,0.00178958856,0.00226554766,0.00324630979,0.000981891695,0.00054066284,0,0,0.0442498239,26.0350832,24.9191641,27.3580814,26.2844897,26.8597234,27.897723,25.9439002,24.3386706,25.4878507,22.913726,22.9675376,22.4819306,22.41026,21.1002787,21.3077961,20.3201944,19.8842041,19.0702846,17.876091,18.2642864,16.8287869,15.9508784,15.6151235,14.246738,14.1233828,15.2164976,14.723174,15.4796818,14.4703256,12.2644114,7.49571722,5.07718095
evaluation/lori-asha_03/i16_vbr_5ms_320k/master.wav,evaluation/lori-asha_03/i16_vbr_5ms_320k/rust.wav,4.72927797,0.987789123,0.997953123,0.999808789,0.999847524,0.999765214,0.999858845,0.999863835,0.999809773,0.999860887,0.999846806,0.999773049,0.999772788,0.999772409,0.999806688,0.999707753,0.999710769,0.999415194,0.999624438,0.999780052,0.999596975,0.999451426,0.999543159,0.999461858,0.999374371,0.999579502,0.999650924,0.999643091,0.999744246,0.999755959,0.999929965,0.999243501,0.995982065,0.86695954,0.98118814,0.99912482,0.999643786,0.999164491,0.99963927,0.999569882,0.999442016,0.999676189,0.999591214,0.999381626,0.999028791,0.999360941,0.999635332,0.999305731,0.999583702,0.997784973,0.998857351,0.999435381,0.998965074,0.998324592,0.998966244,0.99708472,0.997062175,0.998245879,0.999091035,0.998769829,0.999430202,0.999339425,0.999881672,0.997516019,0.967563719,0.0919279392,0.0160306962,0.00149258712,0,0,0,0.000516931404,0,0,0.000956367042,0,0,0,0.000673060021,0.00153194176,0.00104379693,0,0.00165299954,0.000610901877,0,0.00293688073,0.00234318906,0.00257807021,0.000860061117,0.00156430627,0.000382891084,0.00169728224,0.00108647153,0.00126340978,0.000602134007,0,0.0156783516,26.0339651,24.9509248,27.3809588,26.2981303,26.8641428,27.9104231,25.9641038,24.3508582,25.4903164,22.8993548,22.9861079,22.4726752,22.399627,21.1314452,21.2891975,20.2811653,19.8331471,19.0358079,17.8337605,18.2275841,16.791309,15.8990535,15.5683366,14.1854162,14.0576802,15.1569528,14.6620204,15.4418829,14.4486688,12.2203532,7.45396416,5.07028677
evaluation/lori-asha_03/i16_vbr_5ms_320k/master.wav,evaluation/lori-asha_03/i16_vbr_5ms_320k/c.wav,4.72906575,0.992131227,0.998543012,0.999856455,0.999849691,0.99979629,0.99985839,0.99988812,0.999803493,0.999849659,0.999862995,0.999769771,0.999809495,0.999784156,0.999802673,0.99976807,0.99976526,0.999525114,0.999616898,0.999746261,0.999506533,0.999556618,0.999529482,0.999542674,0.9993336,0.999572905,0.999599622,0.999345582,0.99973063,0.999758188,0.999925504,0.999187957,0.994762316,0.927696886,0.988317934,0.999318949,0.999586617,0.999205349,0.999683255,0.999801208,0.999578945,0.999362508,0.99957055,0.999536029,0.999439393,0.999476124,0.99947988,0.999348827,0.999639496,0.998313375,0.999142637,0.999368333,0.998660689,0.998742658,0.999196629,0.998444237,0.997028771,0.998925719,0.998836509,0.995641278,0.999356168,0.999146757,0.999879074,0.997411929,0.953768283,0.0537168641,0.00955669016,0.00116797791,0,0,0,0,0,0.00113559167,0.00112717747,0,0,0.000131188757,0.00114448377,0.00145464024,0.00117956043,0,0.00163713294,0,0,0.001933359,0.00169728778,0.00141168881,0.000547869787,0.00160883027,0,0.00397319358,0.000605372177,0.00104701892,0,0,0.0266693969,25.8800725,24.7795611,27.2273996,26.1610955,26.7329539,27.7729383,25.8287724,24.1920923,25.3345587,22.7621584,22.8637926,22.3245674,22.2765497,20.9709239,21.1188407,20.1296739,19.6891131,18.9044268,17.6875889,18.0892442,16.6500612,15.7458825,15.4219226,14.0324265,13.9008653,15.0057183,14.5100298,15.2956099,14.3143901,12.0769213,7.3089833,4.916098
evaluation/lori-asha_03/i24_cbr_5ms_192k/master.wav,evaluation/lori-asha_03/i24_cbr_5ms_192k/rust.wav,4.72231146,0.980671024,0.993889141,0.999637379,0.999687925,0.999422269,0.999566438,0.999649367,0.999433978,0.999603777,0.999585684,0.999133988,0.999008122,0.998803598,0.998991843,0.998678636,0.998632611,0.997717882,0.99762937,0.998487721,0.997126136,0.997015597,0.997635847,0.997341014,0.996628826,0.997858571,0.998020884,0.998537228,0.999194206,0.999196099,0.999558706,0.997973798,0.983088942,0.808429778,0.941226725,0.99842387,0.999425542,0.997789206,0.998567457,0.999179224,0.998681133,0.998982942,0.999040577,0.998121851,0.997391795,0.997020084,0.998246239,0.997025874,0.997956892,0.994805181,0.992186639,0.997277839,0.991316735,0.990381481,0.994919376,0.988854635,0.982586344,0.991157617,0.993394203,0.994440642,0.998208193,0.998183848,0.999266317,0.995145066,0.847928931,0.11561341,0.0389875578,0.00195884249,0,0.00124202243,0,0,0,0,0.00129841398,0.00144479538,0,0.00120143372,0.00179402798,0.00302943673,0.00283362295,0,0.0071026714,0.00268611994,0.00719387143,0.00894571893,0.00553729644,0.0065606982,0.00821660412,0.00529355864,0.00431510292,0.00406940862,0.00208214684,0.00172275199,0.00119119335,0,0.0859349255,25.8765235,24.8105356,27.25906,26.1635507,26.7295167,27.7699958,25.8207438,24.2220585,25.3656021,22.7882031,22.8433853,22.3680795,22.288225,20.975173,21.1824106,20.2018829,19.7711138,18.949285,17.7689024,18.1465524,16.7138771,15.8433956,15.5159109,14.1438281,14.0193787,15.1148642,14.6210354,15.3712461,14.3675103,12.1744263,7.43321955,4.99295939
evaluation/lori-asha_03/i24_cbr_5ms_192k/master.wav,evaluation/lori-asha_03/i24_cbr_5ms_192k/c.wav,4.72156562,0.991217351,0.996669142,0.999634669,0.999632613,0.999407941,0.999631537,0.999619841,0.999439095,0.999596902,0.999558729,0.998976734,0.998768014,0.998852856,0.999109745,0.998795931,0.998699376,0.99780722,0.99804907,0.998683782,0.997963271,0.996820489,0.997140655,0.997510767,0.995877633,0.997859031,0.998321831,0.99847225,0.999118076,0.999091325,0.999608622,0.997930189,0.977514469,0.946391405,0.975143399,0.998540891,0.99911738,0.997552967,0.999350903,0.999383453,0.998890963,0.998904009,0.99903799,0.996773541,0.997228352,0.99789214,0.998285883,0.997201885,0.997547338,0.994062588,0.993786576,0.997578945,0.992558614,0.986022437,0.994600267,0.986068047,0.972442687,0.991503115,0.994638887,0.992778294,0.997863935,0.997258417,0.999300566,0.995127841,0.774811753,0.0441692368,0.0185759867,0.0019061878,0,0.00168419829,0,0,0,0,0.0014763642,0.00315905458,0,0.00103850337,0.00208822168,0.00335818749,0.00366273749,0,0.00597450761,0.00277866785,0.00598037889,0.0118530636,0.0078101423,0.00820810783,0.0148853164,0.00400065547,0.00247311133,0.00484314854,0.00177971843,0,0,0,0.123106084,25.9259172,24.8017353,27.2479962,26.1701893,26.7457511,27.7797704,25.8195152,24.218723,25.3669377,22.8007171,22.8517119,22.369031,22.2799492,20.9850464,21.1957127,20.2030669,19.7681663,18.9626028,17.76412,18.1522374,16.7222436,15.8467936,15.519345,14.1455466,14.0208588,15.1184076,14.6274758,15.3747194,14.3789293,12.1857286,7.43984633,4.9914542
evaluation/lori-asha_03/i24_cbr_5ms_256k/master.wav,evaluation/lori-asha_03/i24_cbr_5ms_256k/rust.wav,4.72793468,0.987857272,0.995097971,0.99961227,0.99973375,0.999577129,0.99976344,0.999792538,0.999720825,0.999769577,0.999701596,0.999601022,0.999588753,0.999501006,0.999438801,0.998986289,0.999027252,0.998501144,0.998924391,0.999436031,0.999345672,0.999055209,0.998856225,0.998825147,0.998886804,0.999448925,0.999499083,0.999384324,0.999606523,0.999631268,0.99986532,0.999085276,0.99315393,0.893209736,0.955137938,0.997834206,0.999335084,0.9982402,0.999395938,0.99951244,0.999325612,0.999366537,0.998904015,0.998812749,0.998626477,0.998066865,0.998854211,0.997405419,0.996876622,0.995507823,0.997772553,0.998895498,0.997940031,0.997606688,0.997846878,0.99478935,0.994709753,0.998473235,0.998812446,0.997038031,0.999156074,0.999023864,0.999761772,0.997359216,0.940582901,0.0712422415,0.0298868684,0.00267238754,0,0.00178164881,0,0.000582909597,0,0.000363897066,0.00196835877,0.000767398136,0,0,0.00257756106,0.00389695216,0.00386368015,0,0.00306619409,0.0018452048,0.00052231869,0.0040628425,0.00380256297,0.00450837375,0.00246340879,0.00118627162,0,0.00264625191,0,0,0,0,0.030271526,25.9935022,24.9238638,27.3704331,26.2832173,26.8543296,27.8949299,25.9383835,24.3385947,25.4846522,22.9115389,22.9674815,22.480684,22.4070439,21.0981276,21.3042557,20.3236555,19.8900733,19.0696922,17.8680712,18.2640978,16.821691,15.9444736,15.6051741,14.2389978,14.119571,15.2167352,14.709738,15.4672182,14.4643894,12.2621091,7.48724195,5.07143812
evaluation/lori-asha_03/i24_cbr_5ms_256k/master.wav,evaluation/lori-asha_03/i24_cbr_5ms_256k/c.wav,4.72747084,0.991800567,0.998023749,0.999800406,0.999768952,0.99964834,0.999750229,0.999771412,0.999624822,0.999784252,0.999806386,0.999538767,0.999637163,0.999546002,0.999588536,0.999329131,0.999220703,0.998345966,0.998714665,0.999363785,0.999152065,0.999060659,0.99903889,0.999040699,0.998752194,0.999332811,0.999379998,0.999226985,0.999628892,0.999651804,0.999874656,0.999032889,0.990585676,0.92786038,0.982573172,0.999464025,0.999437236,0.998583308,0.999434178,0.999232702,0.999102731,0.999058,0.999612632,0.998791588,0.999300997,0.998513431,0.999340286,0.998222018,0.998823401,0.9964984,0.996962375,0.998548237,0.997947595,0.997404058,0.997839392,0.996295375,0.994667106,0.998119507,0.997984101,0.995499409,0.99915736,0.99894131,0.999730291,0.997077921,0.9084765,0.059868867,0.0140520316,0.000598278695,0,0.000478412195,0,0.00137362151,0,0.00114672474,0.00077533872,0.00124527204,0,0.0017187019,0.00185862571,0.00304454533,0.00217600398,0,0.00395552177,0.00107040027,0,0.00355365167,0.00320796673,0.00313056796,0.00302353794,0.00114174213,0.00185120606,0.00367831658,0.00089703503,0.000449693004,0.000515025307,0,0.0503645697,25.9894126,24.9199152,27.3640842,26.2878282,26.8612257,27.9015361,25.9450108,24.3401243,25.488556,22.9161437,22.9654621,22.4842326,22.4046732,21.1013023,21.3146504,20.3215899,19.8807508,19.0739424,17.8773983,18.27059,16.8347281,15.9602763,15.6188592,14.249335,14.1281896,15.2197994,14.7233974,15.4803612,14.4717337,12.2641756,7.49124781,5.07412382
evaluation/lori-asha_03/i24_cbr_5ms_320k/master.wav,evaluation/lori-asha_03/i24_cbr_5ms_320k/rust.wav,4.72864843,0.987385009,0.997722976,0.999821392,0.99985917,0.999757867,0.999846757,0.999876521,0.999806284,0.999860379,0.999835081,0.999774724,0.999774551,0.999775894,0.999818898,0.999736211,0.99969911,0.999472487,0.999615255,0.999773853,0.999614383,0.999520589,0.999560655,0.999545144,0.999476221,0.999649242,0.999625563,0.999578859,0.999772003,0.999761769,0.999934069,0.99923531,0.993409704,0.862514199,0.980839056,0.999138402,0.999692761,0.999032059,0.99960832,0.999745209,0.999586051,0.999485456,0.999422366,0.999475349,0.999267129,0.999265639,0.99964995,0.999416705,0.999467382,0.998508228,0.999280146,0.999469524,0.999258927,0.99828308,0.998919674,0.998038999,0.997637628,0.998789598,0.998924913,0.998387715,0.999616433,0.999440845,0.999889814,0.997494116,0.93736711,0.105151413,0.0139611816,0.00129501331,0,0.00105332607,0,0.000499447307,0,0.000946606687,0.00127819101,0,0,0,0.000633511049,0.00128538087,0.00135183162,0,0.00119696612,0,0,0.0022514624,0.00234279817,0.00186411334,0,0.00109303559,0,0.00174547246,0.00077300173,0.00123696822,0.000434237758,0,0.0380839456,26.0241746,24.9084362,27.3463787,26.2650452,26.8266564,27.8689081,25.9214953,24.3095257,25.4526339,22.8604821,22.9515792,22.4368481,22.3604902,21.0946103,21.258983,20.2502065,19.8027357,19.002574,17.7965855,18.1939644,16.7551058,15.8669209,15.5323484,14.1511714,14.0250219,15.1211641,14.624408,15.4043869,14.4111709,12.1858933,7.4205099,5.03371413
evaluation/lori-asha_03/i24_cbr_5ms_320k/master.wav,evaluation/lori-asha_03/i24_cbr_5ms_320k/c.wav,4.72951579,0.995146755,0.999041844,0.999897218,0.999845818,0.999795368,0.999844686,0.999878319,0.999819043,0.999882519,0.999893716,0.999759771,0.999782723,0.999796994,0.999786272,0.999729818,0.999741169,0.99947377,0.999641727,0.999757648,0.999500784,0.999555237,0.999512917,0.999443535,0.999135707,0.999500103,0.999585699,0.999474761,0.999708482,0.999780741,0.999925368,0.999243253,0.995759622,0.959444324,0.99321518,0.999692136,0.999574425,0.999327993,0.999581616,0.999817445,0.999559202,0.999563624,0.999807214,0.999450892,0.999441382,0.99937964,0.999574745,0.999234037,0.999628962,0.997670088,0.998721837,0.999460942,0.998472007,0.998708532,0.998933764,0.997628664,0.99574374,0.99846039,0.99913342,0.997014563,0.999108809,0.999450423,0.999897479,0.99744563,0.965712536,0.0366033995,0.00633212018,0.000566931681,0,0,0,0,0,0.00061272232,0,0,0,0,0.000952690163,0.0015391741,0.000964692393,0,0.00216952636,0.000350503826,0.000924472886,0.00238363549,0.00239674,0.00221745644,0.00200078751,0.00211354439,0.000501204081,0.00273021899,0.000950782532,0.000661204187,3.998482e-05,0,0.018280966,25.9936692,24.9058015,27.3469961,26.2647581,26.8323201,27.8742619,25.9279405,24.3120426,25.449432,22.86246,22.9512582,22.4356215,22.3632611,21.0951714,21.2566669,20.2405149,19.7994578,19.0037453,17.8029908,18.1899494,16.7584468,15.8694128,15.5365708,14.1472309,14.0193667,15.1244837,14.6341447,15.4111217,14.4134171,12.1857036,7.41857495,5.0338621
evaluation/lori-asha_03/i24_vbr_5ms_192k/master.wav,evaluation/lori-asha_03/i24_vbr_5ms_192k/rust.wav,4.72179899,0.98223253,0.995512529,0.999627005,0.999623771,0.999131431,0.999529313,0.999618043,0.999358988,0.999513958,0.999590579,0.999136311,0.998947216,0.998780305,0.999059743,0.998809176,0.998568944,0.997345962,0.99775495,0.998683731,0.997971965,0.99758954,0.997690658,0.996959483,0.995026296,0.997814406,0.998192631,0.998571738,0.999176046,0.999268566,0.999560837,0.9976751,0.981066241,0.842165408,0.961301347,0.998423048,0.999293656,0.996003213,0.998998441,0.999354189,0.998076545,0.998336541,0.999040289,0.997094779,0.996722095,0.996659598,0.998457085,0.997603474,0.997795634,0.994409852,0.992830842,0.997017629,0.993707712,0.993197055,0.996007436,0.985541784,0.962842802,0.990989118,0.993788816,0.99333132,0.998008708,0.99833234,0.999187864,0.994087063,0.826525109,0.115180653,0.0249812244,0.00173863969,0,0.00267017323,0,0.000729419126,0,0.00204110064,0.00144666943,0.00215955598,0,0.000750207622,0.00124004408,0.00266471851,0.00367347857,0,0.00588234456,0.00340350456,0.00527874979,0.00720669457,0.0053646251,0.00913936197,0.0225167246,0.00489224012,0,0.00391954032,0.00193007979,0.00173505178,0.00125168836,0.00173104439,0.101166174,25.9143816,24.8068869,27.2527607,26.1698707,26.7425991,27.7806189,25.8276272,24.226082,25.3777383,22.799788,22.8563441,22.3839631,22.306387,20.9874294,21.1928056,20.2085492,19.7919895,18.961755,17.7723335,18.1621646,16.7353957,15.8453913,15.5197767,14.1561968,14.0310132,15.1238161,14.6232072,15.3838653,14.3841039,12.1886112,7.46404806,5.01141557
evaluation/lori-asha_03/i24_vbr_5ms_192k/master.wav,evaluation/lori-asha_03/i24_vbr_5ms_192k/c.wav,4.72137912,0.986006693,0.99317502,0.999586501,0.999568128,0.999420765,0.99956682,0.999658768,0.999423701,0.99960782,0.99962745,0.999089417,0.999003435,0.998904572,0.999005308,0.998541248,0.998468704,0.997665472,0.997781168,0.998664919,0.997880299,0.996704242,0.997458134,0.997319352,0.996979063,0.997819921,0.998254992,0.998849258,0.99926862,0.999255491,0.999589332,0.9977523,0.976955294,0.870203505,0.931921016,0.998134374,0.998592767,0.998582307,0.999251064,0.999338512,0.998109332,0.998439594,0.999063224,0.997508037,0.997893579,0.997042085,0.998446744,0.996804356,0.996897979,0.994951332,0.994537256,0.997851958,0.994091255,0.98849358,0.995419468,0.987872647,0.983807793,0.993967496,0.99423518,0.996665427,0.998356263,0.998118482,0.999363123,0.993864063,0.775430198,0.0749352864,0.0445856483,0.00220997274,0,0,0,0.000651094013,0,0.00130841981,0.00135034542,0.00229345976,0,0,0.00205688107,0.00439489053,0.00413740981,0,0.00671982817,0.00245556537,0.00487167695,0.0130207748,0.0059952567,0.00844901297,0.00737817481,0.00469754138,0.0044563305,0.00291056884,0.00148381463,0,0.00107697228,0,0.108429378,25.9792885,24.8601385,27.2817653,26.1929247,26.7529575,27.7935844,25.8532479,24.2387525,25.3706827,22.7906556,22.8844876,22.3597222,22.2845557,21.0250176,21.1919985,20.1659941,19.7369462,18.9423513,17.7418856,18.1318248,16.7084636,15.8122354,15.4771599,14.0976698,13.9721892,15.0749101,14.5846203,15.3644681,14.3830365,12.1612734,7.44419185,5.01160119
evaluation/lori-asha_03/i24_vbr_5ms_256k/master.wav,evaluation/lori-asha_03/i24_vbr_5ms_256k/rust.wav,4.72695559,0.988278423,0.995800465,0.999743799,0.999741837,0.999627836,0.999755988,0.999784216,0.999680931,0.999803814,0.999721557,0.999594904,0.999622908,0.999494049,0.999390244,0.999040932,0.999168236,0.998717628,0.998752118,0.999341071,0.999366638,0.999187752,0.99909711,0.998878478,0.998712313,0.999366736,0.999450323,0.999403977,0.999635307,0.999676153,0.999881814,0.999087775,0.988850181,0.886350924,0.957191878,0.9986632,0.999129369,0.999012305,0.999389943,0.999626259,0.999093541,0.999610765,0.99909731,0.999171859,0.999174511,0.998731461,0.99856042,0.997607398,0.998343832,0.996641041,0.997245448,0.998665837,0.9986171,0.997910551,0.998164074,0.993936746,0.9919291,0.997766687,0.998600317,0.997641247,0.999140466,0.999190698,0.999767267,0.997288656,0.888245633,0.0725759616,0.0292885283,0.00161021091,0,0.000962322559,0,0,0,0.000533994083,0.00195229031,0,0,0.00146699871,0.00269608825,0.00415982423,0.00260417346,0,0.00375212024,0.0024332524,0.00140751171,0.00332561967,0.00326617974,0.00434682653,0.00432139091,0.00193133849,0.000533836586,0.00243615338,0.00100365826,0.000711590929,0,0,0.0641746221,25.8697077,24.816262,27.2534453,26.1666793,26.7405862,27.7762587,25.8178104,24.2139152,25.3666204,22.7887131,22.8479788,22.3647567,22.2872019,20.9750273,21.184488,20.1989399,19.7698537,18.955796,17.7561421,18.1462285,16.7079868,15.8324101,15.493679,14.1260524,14.0031114,15.0996102,14.5868905,15.3499118,14.3452527,12.143647,7.36896807,4.95647099
evaluation/lori-asha_03/i24_vbr_5ms_256k/master.wav,evaluation/lori-asha_03/i24_vbr_5ms_256k/c.wav,4.72765256,0.987775132,0.997370639,0.999757876,0.999752894,0.999560967,0.999701758,0.99975209,0.999637702,0.999729033,0.999748854,0.999515894,0.999595749,0.99952577,0.999587265,0.999468659,0.99924334,0.998369811,0.998818407,0.999343728,0.999087704,0.998927212,0.999142663,0.999037232,0.998466562,0.999310421,0.999358638,0.999206293,0.999633871,0.999654804,0.999869213,0.999083663,0.992478613,0.901059353,0.9820741,0.999182251,0.999205575,0.997818632,0.999201324,0.999297262,0.999134665,0.998987863,0.999417441,0.998474176,0.999154488,0.998779342,0.99931307,0.998888583,0.997906762,0.995818456,0.996673808,0.998829308,0.99682365,0.996982819,0.998614799,0.995699053,0.99186915,0.997203506,0.998053959,0.995369958,0.999369888,0.999213039,0.999718622,0.997427332,0.927942948,0.0792421534,0.0161778892,0.000601253746,0,0.00173539182,0,0.000859418397,0,0.00161579052,0.00140807383,0.000552007686,0,0.00140114501,0.00074968652,0.00207559677,0.00302394501,0,0.00293432053,0.000797417108,0.00261409566,0.00384524253,0.00273959315,0.0031120054,0.0047655633,0.00229087564,0.0019335861,0.00374990624,0.000810588984,0.000844061841,0,0,0.0400154521,25.9181219,24.8094495,27.2516736,26.1726204,26.746279,27.7823146,25.8304423,24.2251229,25.3727749,22.8002192,22.8574633,22.3715358,22.2959832,20.9849249,21.1952273,20.2037671,19.7695732,18.9604884,17.7620381,18.1514423,16.7159671,15.8361537,15.5018298,14.135277,14.0063967,15.1010234,14.6065894,15.3619197,14.3524064,12.1474135,7.37572753,4.96522593
evaluation/lori-asha_03/i24_vbr_5ms_320k/master.wav,evaluation/lori-asha_03/i24_vbr_5ms_320k/rust.wav,4.72913589,0.987800839,0.998118102,0.999824343,0.999866589,0.9997988,0.999872942,0.999887076,0.999815149,0.999864375,0.999847427,0.999770807,0.999773067,0.999767264,0.999796286,0.999727973,0.99973763,0.999474906,0.99961203,0.999739043,0.999613684,0.999479857,0.999497326,0.999469381,0.999339507,0.999592711,0.999673086,0.999670261,0.999754163,0.999755208,0.999932288,0.999244119,0.995247337,0.867486628,0.982063885,0.999349955,0.999691109,0.999174921,0.999655836,0.999731854,0.999473782,0.999680153,0.999563006,0.99941361,0.999082862,0.999312626,0.99963218,0.999308279,0.999558539,0.998668984,0.999010188,0.999284637,0.998796412,0.998166736,0.998932779,0.996753397,0.995876,0.998471663,0.999091237,0.998758712,0.999553331,0.999271278,0.999903369,0.997485112,0.95993637,0.0948988879,0.015809963,0.00131227242,0,0.000699418908,0,0.000552030532,0,0,0.000940822202,0,0,0,0.000802443491,0.00131851365,0.000693437951,0,0.00141275145,0,0,0.00285434221,0.00242543359,0.00281051702,0.00195571632,0.000893381657,0.00105237963,0.00176822828,0.00110122602,0.00144317285,0.000418826244,0,0.0204034444,25.9384941,24.8664625,27.3094945,26.22874,26.8072923,27.8480653,25.8904829,24.2886486,25.4406507,22.8643848,22.9114175,22.4331827,22.3585795,21.0505882,21.249754,20.2649273,19.8270526,19.0150491,17.8159421,18.2156292,16.7735834,15.893963,15.5567696,14.1865898,14.0613625,15.1605616,14.6556391,15.413771,14.4070048,12.1963849,7.42023284,5.02338207
evaluation/lori-asha_03/i24_vbr_5ms_320k/master.wav,evaluation/lori-asha_03/i24_vbr_5ms_320k/c.wav,4.72962534,0.99344643,0.998636113,0.999884722,0.999838046,0.999790537,0.999856024,0.99989249,0.99983678,0.999882971,0.999863366,0.999784994,0.999813441,0.999793472,0.999805898,0.999764048,0.999739875,0.99952429,0.999642191,0.99975628,0.999567021,0.999533123,0.999491713,0.99948039,0.999319758,0.999496984,0.999609608,0.999370603,0.999724241,0.999734265,0.999920235,0.99925483,0.996803285,0.94417883,0.989340085,0.999635678,0.999551541,0.999333395,0.999682026,0.999805675,0.999629099,0.999722882,0.999406787,0.999466205,0.999533704,0.999425637,0.999517982,0.999296534,0.999475633,0.998112731,0.999185574,0.999249666,0.998935808,0.998678902,0.99909881,0.998272626,0.996605228,0.997961034,0.999043062,0.995690464,0.999453911,0.999007779,0.999860818,0.997429213,0.977129609,0.039050602,0.0083893579,0.000772921949,0,0,0,0,0,0.000536594457,0.00129115496,0,0,0,0.0010349763,0.00143311481,0.00148898436,0,0.00143271788,0,0,0.00257215752,0.00181313849,0.00171005514,0.00143463431,0.00238631864,0.000261536477,0.00345897602,0.000220477315,0.00146121286,0.000359416838,0,0.0119833571,25.9926938,24.8977311,27.3388144,26.2549598,26.8230589,27.8624835,25.9197464,24.3083425,25.4409776,22.8524707,22.9403354,22.4256129,22.3501901,21.0852258,21.2491045,20.2363946,19.7945703,18.9951414,17.7901337,18.1831631,16.7481196,15.8571296,15.5242766,14.1376275,14.0131023,15.1195016,14.6219197,15.4001127,14.4099089,12.1800859,7.4106169,5.02444439
evaluation/lori-asha_04/i16_cbr_5ms_192k/master.wav,evaluation/lori-asha_04/i16_cbr_5ms_192k/rust.wav,4.72662894,0.999213179,0.999641909,0.999437962,0.999048469,0.998784128,0.999074383,0.999127022,0.998874222,0.998976175,0.998996223,0.998991379,0.999013762,0.998890103,0.998543579,0.998002069,0.998001495,0.997574533,0.996708763,0.996989611,0.998200665,0.997487918,0.997645849,0.997903109,0.997966627,0.997890303,0.998508752,0.999027131,0.99947454,0.999621177,0.999754145,0.998671108,0.9916905,0.99623225,0.998922399,0.998523656,0.997214614,0.995205712,0.997713408,0.998059015,0.997854446,0.99765118,0.997385741,0.997267017,0.997068764,0.996942034,0.997066918,0.995877587,0.995828295,0.994065005,0.993048502,0.991359349,0.997055469,0.992788987,0.994494888,0.992304955,0.994381914,0.996064833,0.996438999,0.996801655,0.998696425,0.999116797,0.999629168,0.996873768,0.982649607,0.00332299184,0.00192057882,0.0020009596,0,0,0.00263855887,0.00257160739,0.00188799457,0.00279438461,0,0.00268573758,0.00368212306,0.00366687565,0.00410039332,0.00474482231,0.00203597076,0.0046943831,0.00569138976,0.00644126196,0,0.00545769621,0.0058037144,0.00758219054,0.00608561609,0.00421990185,0.00380379665,0.00378241987,0,0,0.000486096794,0.00357070405,0.0273218143,27.2362451,27.676425,25.9230989,25.3172931,24.4213457,24.6459712,24.9218492,23.3724995,23.3017323,24.8492645,24.2875108,24.724567,23.2861166,23.3027102,23.3952231,22.9918949,22.1107415,21.3310025,21.3020655,21.5984206,21.057741,20.6141437,20.2410626,19.3944775,19.4138004,19.1506237,17.8482178,17.8298115,16.0929542,13.3030452,8.50997293,5.30045546
evaluation/lori-asha_04/i16_cbr_5ms_192k/master.wav,evaluation/lori-asha_04/i16_cbr_5ms_192k/c.wav,4.72672242,0.999023472,0.999519511,0.999274423,0.99889349,0.998669385,0.999166625,0.999149992,0.998926552,0.999148329,0.999161628,0.999201591,0.999114669,0.999005022,0.998426013,0.998252405,0.998291117,0.99755579,0.997001421,0.997178129,0.998122296,0.997910455,0.998219501,0.998343439,0.998316665,0.998061708,0.998268266,0.998809473,0.999287129,0.999561583,0.999755795,0.998807069,0.992646741,0.99680188,0.998488051,0.998376589,0.996423388,0.996151113,0.998125435,0.998196211,0.997799466,0.997396863,0.998251721,0.997624886,0.997730863,0.998280988,0.996488649,0.996761622,0.995022541,0.994476989,0.9908019,0.991897229,0.995368264,0.994875131,0.99530226,0.9952043,0.996635895,0.996207988,0.99200251,0.996436244,0.99682036,0.998992272,0.999581076,0.996911645,0.978798307,0.0031051243,0.00211810557,0.00280287472,0,0.00175097271,0.00224047969,0.00293756447,0,0.000902870923,0,0.00230519652,0.00252974902,0.00311711849,0.00406506329,0.00343784929,0.00393554136,0.00322646205,0,0.00284153999,0,0.0029759126,0.0029780544,0.00284458123,0.00349271426,0.00278326722,0.00546572357,0.00430408654,0.00281159821,0,0,0.00355069854,0.0251872786,27.3863291,27.8701944,26.1548564,25.5452927,24.6565447,24.8783805,25.1213532,23.5952202,23.538791,25.0701928,24.5119529,24.9503328,23.4927726,23.5366867,23.6088952,23.2102499,22.3548507,21.5736517,21.5402013,21.8526932,21.310615,20.874444,20.4919957,19.6289285,19.6498258,19.3726704,18.0800911,18.0561554,16.3277596,13.5530046,8.74605739,5.52064312
evaluation/lori-asha_04/i16_cbr_5ms_256k/master.wav,evaluation/lori-asha_04/i16_cbr_5ms_256k/rust.wav,4.72919106,0.999567252,0.999734048,0.999628517,0.99941681,0.999466776,0.999514351,0.999576745,0.999532157,0.999488618,0.999533323,0.999677076,0.999658212,0.999531592,0.999259503,0.999155713,0.999142271,0.998955187,0.9986451,0.998919981,0.999314167,0.998939051,0.999078065,0.999278952,0.999450645,0.999442955,0.999463069,0.999601739,0.99975991,0.999829019,0.999901644,0.999135267,0.993788052,0.998610322,0.998884007,0.999021569,0.998404736,0.998686413,0.998864118,0.998541003,0.999113301,0.998330552,0.998643196,0.999145915,0.999396818,0.999063152,0.998144678,0.998167038,0.998248099,0.996965459,0.996237579,0.996868037,0.998741717,0.997565235,0.99812723,0.997185259,0.998039723,0.998579993,0.997735714,0.999152271,0.99948349,0.999634916,0.999599192,0.997535566,0.977979189,0.00180599119,0.00180308888,0.00198243238,0,0,0.00172178103,0.00192847085,0,0.00213696529,0,0.0010480315,0.00137632503,0.00197891679,0.00175441968,0,0,0,0,0,0,0.00168451522,0.00233854257,0,0.00245166518,0.00194009032,0.00249783862,0.00124399112,0,0,0,0.00373351193,0.0219436052,27.2444262,27.7699865,26.0700866,25.4416069,24.508558,24.7163953,24.9910874,23.4565804,23.3720946,24.9202847,24.380162,24.7665523,23.350563,23.3950382,23.4391481,23.0557142,22.1944855,21.4343703,21.3881725,21.6951762,21.1689369,20.7373972,20.3760837,19.5244919,19.5229372,19.2426428,17.9486435,17.9329102,16.1948398,13.4030616,8.58377359,5.41913178
evaluation/lori-asha_04/i16_cbr_5ms_256k/master.wav,evaluation/lori-asha_04/i16_cbr_5ms_256k/c.wav,4.72915262,0.999596364,0.999791446,0.999662689,0.999399139,0.999393926,0.999446091,0.999551723,0.999463564,0.999591895,0.999531123,0.999633897,0.999559723,0.999466514,0.999281121,0.999179864,0.99926282,0.998937844,0.998501572,0.998782626,0.999321194,0.999171469,0.999335515,0.99933264,0.999361399,0.999388731,0.999359657,0.999711373,0.999759672,0.999802571,0.999916002,0.999105527,0.993755173,0.998973295,0.999483842,0.999213265,0.998639525,0.997982938,0.997873473,0.998864835,0.998722861,0.998773321,0.998788037,0.999009457,0.99893012,0.998203408,0.998445983,0.998614497,0.998323688,0.997570964,0.995020402,0.996722087,0.998691628,0.998521658,0.998887649,0.997434413,0.996855393,0.999020829,0.996527647,0.99950567,0.999465052,0.999445633,0.999836188,0.997265729,0.973404763,0.0010636052,0.00113841077,0.00185459704,0.000733029735,0,0.00211552844,0.0019303288,0,0.000729797941,0,0.00155466364,0.00208244107,0.00223715269,0.00206912786,0,0.000946778219,0,0,0,0,0.000575285748,0.000926860549,0,0.00362235364,0.000545165305,0.00348366522,0.000907561632,0.000687399346,0,0,0.00381181553,0.0228867531,27.3809892,27.872873,26.1612353,25.5460914,24.6442053,24.8654214,25.1096018,23.5939973,23.5310344,25.0684782,24.5049094,24.9421698,23.4885056,23.5469388,23.6083057,23.2041039,22.3402021,21.556911,21.5333546,21.8363418,21.2984518,20.8603757,20.4834667,19.6211432,19.6278218,19.3533583,18.0676189,18.0428023,16.3212107,13.5368944,8.7343706,5.54943163
evaluation/lori-asha_04/i16_cbr_5ms_320k/master.wav,evaluation/lori-asha_04/i16_cbr_5ms_320k/rust.wav,4.7294399,0.999575017,0.999822309,0.999742529,0.999644997,0.999626639,0.999687671,0.999756567,0.999713196,0.999693028,0.999729504,0.999771337,0.999782957,0.999744653,0.999732606,0.999672278,0.999582016,0.999551988,0.99950381,0.999655068,0.999654992,0.99957251,0.999660357,0.999560867,0.999561906,0.999488048,0.999648816,0.999757362,0.999807263,0.999831853,0.999929432,0.999159814,0.993423102,0.998595828,0.999591858,0.999424663,0.999177766,0.998937651,0.999376857,0.999421121,0.999472196,0.999006366,0.999329768,0.999445225,0.999554146,0.999205266,0.999589938,0.999379011,0.999065388,0.998897303,0.99812408,0.999250732,0.999393626,0.99905216,0.999029006,0.998634944,0.998756155,0.999014519,0.99903401,0.999426346,0.999573311,0.99951073,0.999863402,0.997583608,0.972900726,0,0.000886989949,0.00150059771,0,0,0.00125139018,0.00140172521,0,0.00086953895,0,0.00121936062,0.000770811666,0.00172465694,0.00079851744,0.000705720536,0.00140255652,0,0,0,0,0.00158153792,0.00164181381,0.00095368138,0,0.00136217824,0.00195381389,0.00100329095,0.000634843878,0,0.000575103479,0.00358295271,0.0258030957,27.1585209,27.6809117,25.9875428,25.3476024,24.3959236,24.6268077,24.8916309,23.3676813,23.2913988,24.8419211,24.3021842,24.6752443,23.262898,23.3206753,23.3745433,22.9713203,22.1254034,21.3478174,21.2937846,21.6082283,21.0789607,20.6281897,20.2687937,19.4277072,19.4377591,19.1591608,17.85691,17.8525592,16.1012844,13.2882377,8.46999215,5.32404759
evaluation/lori-asha_04/i16_cbr_5ms_320k/master.wav,evaluation/lori-asha_04/i16_cbr_5ms_320k/c.wav,4.72952762,0.999690271,0.999818491,0.999664247,0.999568699,0.999576491,0.99975826,0.999722824,0.999696859,0.999720774,0.99971897,0.999803882,0.999793366,0.999729113,0.999679985,0.999659779,0.999686156,0.999553214,0.999420935,0.999433973,0.999633498,0.999579519,0.999660332,0.999578745,0.999658491,0.999565641,0.999488704,0.999711167,0.999788055,0.999827474,0.999938089,0.999144567,0.994038332,0.99916655,0.999387799,0.998881354,0.998681583,0.997755847,0.999591664,0.999245126,0.999295614,0.999141023,0.999196544,0.999532844,0.999153448,0.999425614,0.999240472,0.999464277,0.999392333,0.998645706,0.99818199,0.99792358,0.999313098,0.999159341,0.998895319,0.998852277,0.998546644,0.999243848,0.997269031,0.998865499,0.999449597,0.999583052,0.999909189,0.997407333,0.975235865,0.00128995849,0.00131463979,0.00224814185,0,0,0.000319681441,0.00127551289,0,0,0,0.000435411104,0.0014217985,0.00198731568,0.00145726479,0,0,0,0,0,0,0.00103970179,0.00164788514,0.00136533506,0,0.00104387551,0.00281288882,0.00179126649,0.000935540595,0,0.00038869828,0.00390536402,0.0224025799,27.3763833,27.8678769,26.1561914,25.547914,24.6487659,24.8724717,25.1162752,23.5972042,23.534143,25.073111,24.5071982,24.9468452,23.4873591,23.5446753,23.6109607,23.2047072,22.3393278,21.560416,21.5314272,21.8355636,21.2934452,20.8503314,20.479675,19.6175681,19.6326897,19.3583699,18.0600481,18.041513,16.3160517,13.5335623,8.73571874,5.55176198
evaluation/lori-asha_04/i16_vbr_5ms_192k/master.wav,evaluation/lori-asha_04/i16_vbr_5ms_192k/rust.wav,4.72684385,0.999302028,0.999584508,0.999310637,0.99895693,0.998688641,0.999160971,0.999262129,0.998981018,0.998821563,0.998909371,0.999011144,0.998954379,0.998719793,0.998101109,0.99762201,0.997752272,0.997136911,0.996734758,0.996913057,0.998026591,0.997631789,0.998117219,0.998080088,0.998360761,0.998071154,0.998468365,0.999301745,0.999559197,0.999553514,0.999755406,0.998733251,0.991708961,0.997623286,0.998706698,0.998133412,0.997648316,0.995362858,0.997341295,0.998173053,0.997811285,0.996555391,0.99689642,0.996586149,0.996162301,0.996814062,0.993398348,0.995775064,0.994458717,0.991853627,0.991152109,0.989512941,0.996671054,0.994953386,0.995483808,0.995354991,0.995638584,0.996356339,0.993456539,0.998197628,0.999052576,0.998608727,0.9996624,0.997132341,0.976372517,0.00281165217,0.00231247164,0.00310068949,0,0.00276847699,0.00232989314,0.00230431418,0.00178335663,0.00356966742,0.00143081382,0.00307062281,0.00382032991,0.00417640336,0.00635391736,0.00583916756,0.00453749269,0.00542361994,0,0.00548521736,0.00269651165,0.00512283358,0.00355679359,0.0049665623,0.00296364004,0.00329716314,0.00482882039,0.00255601798,0,0,0.000892855758,0.0038604524,0.030370461,27.3872255,27.863598,26.1583205,25.5496397,24.6513329,24.8699436,25.1102646,23.5909093,23.5265881,25.0695658,24.5083426,24.952227,23.4954695,23.5424371,23.6352849,23.225351,22.3551149,21.5733897,21.5501795,21.839894,21.2951881,20.8630985,20.4873737,19.6335722,19.6540838,19.3816522,18.0803008,18.0587821,16.3349415,13.5467027,8.74615466,5.52262091
evaluation/lori-asha_04/i16_vbr_5ms_192k/master.wav,evaluation/lori-asha_04/i16_vbr_5ms_192k/c.wav,4.72664978,0.999052203,0.999522248,0.999297489,0.998945031,0.998869792,0.99914293,0.999174739,0.999174936,0.999138644,0.999064306,0.999182843,0.999019776,0.998805332,0.998343258,0.997800166,0.997826875,0.997463626,0.996699943,0.99608699,0.997695195,0.997530959,0.99817555,0.998238838,0.998258372,0.997896438,0.998155661,0.999085614,0.999427484,0.999610598,0.999775954,0.998774981,0.992056024,0.996928789,0.998637069,0.998357754,0.997160877,0.996704422,0.997658802,0.997603038,0.998083671,0.997247703,0.997787732,0.997877709,0.99734486,0.997338537,0.997062268,0.995531734,0.994257106,0.993129977,0.991503399,0.986651059,0.994276199,0.993030924,0.995336001,0.993914578,0.995104174,0.995854977,0.990378273,0.997793494,0.998431722,0.998848645,0.999618073,0.997065799,0.973366712,0.00292688398,0.00218256436,0.00332987834,0.00147109424,0,0.00217391345,0.00330080747,0,0.00134482944,0,0.00221562207,0.00347430137,0.00405566486,0.00304344568,0.0037851648,0.00446362495,0.00433052433,0,0.0124052628,0,0.00449980844,0.00481479313,0.00631018937,0.00453788024,0.00419269584,0.0065110682,0.00199195586,0,0,0,0.0038492284,0.026344507,27.3904243,27.8749158,26.1612529,25.5577169,24.6593503,24.8762309,25.1199674,23.6116437,23.5418188,25.0770027,24.5183138,24.9527343,23.4951477,23.5405276,23.6208791,23.2171828,22.3560223,21.5697231,21.5363327,21.848948,21.3079297,20.8672129,20.496057,19.6396435,19.6519855,19.3804173,18.0815067,18.0583682,16.3322187,13.5484311,8.75528937,5.53186591
evaluation/lori-asha_04/i16_vbr_5ms_256k/master.wav,evaluation/lori-asha_04/i16_vbr_5ms_256k/rust.wav,4.72915355,0.999588904,0.999715158,0.999522131,0.999392354,0.999410715,0.999476685,0.999636866,0.999513705,0.999421525,0.999493563,0.999640209,0.999652463,0.999588516,0.999307655,0.999008229,0.999038331,0.998904505,0.998487546,0.998605765,0.99921893,0.99894581,0.999142312,0.999139944,0.9993605,0.99933578,0.999421323,0.99968094,0.99976839,0.999813188,0.999917109,0.999153587,0.99374527,0.998519969,0.99894939,0.998438595,0.997264429,0.99826118,0.998793483,0.999136614,0.998739783,0.997918148,0.998307941,0.999078652,0.999020722,0.999211417,0.998290483,0.998015434,0.998278041,0.997162777,0.996542126,0.99535111,0.998555315,0.997671856,0.997759715,0.995978087,0.998037814,0.998480699,0.997971889,0.998954236,0.999327759,0.999568872,0.999870729,0.997450651,0.978901099,0.00184297047,0.00183453068,0.00263267767,0,0,0.00174227484,0.00123330618,0,0.00218221316,0,0.00117921665,0.00182387491,0.00185818953,0.00180422371,0.00104591558,0.00148861034,0,0,0.00154586948,0,0.00191690103,0.00229214803,0.000330627713,0.00152677694,0.00217957284,0.00301631667,0.00162991067,0.00109444711,0,0.000317811904,0.00372450259,0.0211426887,27.2437908,27.7722011,26.0726151,25.4410334,24.5066288,24.7125625,24.9917142,23.4588463,23.371373,24.9224077,24.3795072,24.7712252,23.3507337,23.3937657,23.4405764,23.058397,22.1986232,21.4313957,21.3847073,21.6933924,21.16201,20.730538,20.3809358,19.5318242,19.5317276,19.2471745,17.9561008,17.9338424,16.1936858,13.4042217,8.58497379,5.4228889
evaluation/lori-asha_04/i16_vbr_5ms_256k/master.wav,evaluation/lori-asha_04/i16_vbr_5ms_256k/c.wav,4.72916795,0.99961392,0.999804538,0.999693684,0.999439891,0.999414614,0.999482046,0.999582826,0.99940861,0.999544757,0.9996126,0.999618825,0.999517166,0.999443888,0.999367624,0.999244663,0.999271763,0.999003306,0.998580506,0.998796396,0.999299134,0.999170676,0.99924898,0.999469513,0.999439615,0.999313863,0.999308291,0.999708226,0.99977727,0.9998128,0.999921978,0.999095553,0.99388538,0.998902145,0.99947245,0.999272779,0.99876512,0.997927096,0.998867116,0.999243577,0.998489134,0.998790968,0.998831616,0.99920902,0.99890695,0.998388043,0.999026203,0.998856189,0.99867084,0.997959613,0.996266111,0.995177746,0.997844635,0.998038931,0.998253909,0.998012504,0.998580394,0.998825061,0.996394497,0.999519097,0.999504733,0.999690336,0.999861181,0.997131865,0.978774177,0.000412378602,0.00104011551,0.00172964936,0,0,0.00160114972,0.00131605824,0,0,0,0,0.00159045466,0.00218036826,0.00159903624,0.00185480917,0.00195099659,0,0,0.00310511414,0,0.000809415697,0.000582692707,0.00189172317,0.00110565938,0,0.00388660411,0.000331653501,0.000437447293,0,0.000144311283,0.0038244307,0.021206294,27.3805874,27.8748595,26.1586815,25.5452834,24.6368522,24.8619266,25.1153794,23.591333,23.5320863,25.0710598,24.5057382,24.9432934,23.4891049,23.5411694,23.6029848,23.2042797,22.3438282,21.5598915,21.5313062,21.8352385,21.2932824,20.8567323,20.4766063,19.6163426,19.6316963,19.3577724,18.0657397,18.0396902,16.3215983,13.5392426,8.73912145,5.5497508
evaluation/lori-asha_04/i16_vbr_5ms_320k/master.wav,evaluation/lori-asha_04/i16_vbr_5ms_320k/rust.wav,4.72951355,0.999682448,0.999851045,0.99978933,0.999602545,0.99951134,0.999643894,0.9997311,0.999651195,0.999688424,0.999714336,0.999781075,0.999794761,0.999753058,0.99967458,0.999646722,0.999652233,0.999607921,0.999462734,0.999467601,0.999657496,0.999523275,0.999634302,0.999610438,0.999686255,0.99961259,0.999655222,0.999788522,0.999810707,0.999849337,0.999938375,0.999178054,0.993374682,0.998958656,0.999589237,0.99959881,0.998945633,0.998266501,0.998467387,0.999047323,0.999099136,0.998889573,0.999302427,0.999378895,0.999527212,0.999199164,0.999460151,0.99936075,0.999354507,0.999085796,0.99823794,0.997235919,0.999385239,0.998448482,0.998745971,0.999002548,0.999245076,0.999237904,0.998693995,0.999516317,0.999522201,0.999724824,0.99987608,0.997550318,0.972869053,0,0.000924715245,0.0012670121,0.00108349439,0,0.00172298089,0.00143562592,0,0.000970761831,0,0.000896723507,0.00105072219,0.00166292054,0.00105448005,0,0,0,0,0,0,0.00159302247,0.00145217121,0.00160242912,0,0.000151952262,0.00173532578,0,0.000451164168,0,0.000257089945,0.00354077812,0.0259773014,27.3780877,27.8709415,26.1613011,25.5465403,24.6494289,24.8743173,25.1148812,23.5957552,23.5347167,25.0725225,24.505619,24.9444808,23.4835823,23.5392869,23.6118427,23.205441,22.3392134,21.5625684,21.5363171,21.8331024,21.2937384,20.8454748,20.4779598,19.6153679,19.6247714,19.3522932,18.064594,18.040234,16.3124255,13.523694,8.7203476,5.54599645
evaluation/lori-asha_04/i16_vbr_5ms_320k/master.wav,evaluation/lori-asha_04/i16_vbr_5ms_320k/c.wav,4.72953113,0.999663009,0.999818222,0.999707137,0.999558946,0.999536324,0.999730525,0.999728987,0.999708165,0.999747714,0.999742148,0.999796251,0.999813565,0.999772324,0.999654585,0.999651681,0.999705756,0.99962098,0.999471755,0.999528191,0.999665147,0.999594668,0.999664077,0.999609089,0.999715036,0.999558052,0.999533807,0.999728792,0.999809367,0.999834722,0.999934536,0.999134057,0.993870928,0.998878267,0.999522576,0.999330321,0.99865999,0.998649637,0.999496013,0.99939844,0.999196792,0.999233019,0.999174585,0.999679913,0.999612128,0.999486972,0.999305123,0.999371443,0.999568361,0.99900451,0.998477881,0.998318755,0.999453375,0.999410951,0.999170558,0.998703109,0.999358195,0.999076677,0.997555722,0.999245427,0.999612087,0.999556147,0.999900594,0.997369121,0.975893845,0,0.00107852647,0.00202038206,0,0,0.00108619551,0.00137287321,0,0.00103529496,0,0.000876250683,0.00116290494,0.0015346803,0.0019801048,0.00123491404,0,0,0,0,0,0.00150068383,0.00117601823,0.00157463908,0,0.000847792359,0.00268444623,0.00162238379,0.000544765705,0,0.000205036609,0.00389287431,0.0223938691,27.2398162,27.7664435,26.0653913,25.4390031,24.5066239,24.7140441,24.9967131,23.466436,23.3695265,24.9256093,24.3833882,24.7682454,23.3497839,23.393422,23.4413094,23.061043,22.1948128,21.4171771,21.3834521,21.6905262,21.1656167,20.7335362,20.3683201,19.5218815,19.524863,19.2383383,17.9468971,17.9239007,16.1893596,13.3978942,8.590395,5.42086725
evaluation/lori-asha_04/i24_cbr_5ms_192k/master.wav,evaluation/lori-asha_04/i24_cbr_5ms_192k/rust.wav,4.72683788,0.999303707,0.999630568,0.99947325,0.999120932,0.998874474,0.999040006,0.999122111,0.998920728,0.999021475,0.999005206,0.998925351,0.998964921,0.998853781,0.99852731,0.997939597,0.997846176,0.996874508,0.996994667,0.997223186,0.998115421,0.997477675,0.997766675,0.997932588,0.997880566,0.997807249,0.998564413,0.999115391,0.999490977,0.99962142,0.999752866,0.9987047,0.992383366,0.997977275,0.998890927,0.998642704,0.997241519,0.995123412,0.997358104,0.997853249,0.997844077,0.997762951,0.997640399,0.996637256,0.996996248,0.996662677,0.997102779,0.995496407,0.993765871,0.990226726,0.995051935,0.993008843,0.996909297,0.992854861,0.994506342,0.990965977,0.992915417,0.996333852,0.996079295,0.99683387,0.998702819,0.999006211,0.99963784,0.996883646,0.984857003,0.00286321583,0.00205418378,0.00207486024,0,0,0.00267130966,0.00262685494,0.000860221931,0.00256603523,0,0.00308078277,0.00385732069,0.00401931157,0.00424920329,0.00525431309,0.0037789615,0.00886323182,0.00583365674,0.00545202442,0,0.00506489164,0.00411982631,0.00821057561,0.0077247386,0.00509437467,0.00392805877,0.00365755184,0,0,0.000800035846,0.0037178004,0.0237799922,27.2166518,27.658672,25.9067024,25.3045181,24.405195,24.6299731,24.9067954,23.3611782,23.2853408,24.8343482,24.2737447,24.7117515,23.2723834,23.2908722,23.3802712,22.9825262,22.0981004,21.3114124,21.2863057,21.5831684,21.0427681,20.5992917,20.2247457,19.3767132,19.3969108,19.1311274,17.8289572,17.8102634,16.0768694,13.2877084,8.49170191,5.28277969
evaluation/lori-asha_04/i24_cbr_5ms_192k/master.wav,evaluation/lori-asha_04/i24_cbr_5ms_192k/c.wav,4.72649968,0.999082767,0.999521437,0.999298717,0.998937818,0.998951439,0.999222473,0.99916433,0.998895974,0.999074651,0.99915843,0.999176763,0.999162194,0.999001167,0.998207853,0.997850446,0.998072839,0.99756701,0.996962018,0.997280894,0.998261614,0.997992263,0.998275274,0.998324436,0.998342067,0.997937042,0.998200771,0.998775922,0.999273365,0.999560119,0.999729707,0.998780214,0.992199073,0.997097705,0.998443896,0.998395736,0.996743564,0.997375226,0.998273007,0.998056923,0.997573758,0.996550859,0.998231643,0.997522654,0.99772987,0.998193554,0.996742056,0.995621724,0.993794713,0.995367065,0.990105213,0.992601421,0.995737352,0.99508771,0.996838184,0.995256523,0.996654782,0.996016765,0.992752157,0.996507062,0.996798041,0.999001308,0.9994946,0.996879848,0.977041717,0.00343101642,0.00212831515,0.0024810696,0,0,0.00215901389,0.0027394446,0,0.00209233198,0,0.00237276973,0.00248814673,0.00287123555,0.00396058298,0.00427834355,0.00511064837,0.000574956503,0,0.00280144691,0,0.00264753924,0.00163673885,0.00283550787,0.00310093889,0.00351970075,0.00557274021,0.00443562171,0.00271240473,0,0,0.00357879213,0.0295312576,27.3710104,27.8529342,26.1427781,25.528686,24.64044,24.858549,25.1043803,23.5816931,23.5250595,25.0567388,24.5003555,24.9389061,23.476473,23.525343,23.5959283,23.1940784,22.3380425,21.5585787,21.5277226,21.835306,21.2957184,20.861196,20.4791843,19.6158054,19.630999,19.3566226,18.0673615,18.0427903,16.3162876,13.5439113,8.73248528,5.50523025
evaluation/lori-asha_04/i24_cbr_5ms_256k/master.wav,evaluation/lori-asha_04/i24_cbr_5ms_256k/rust.wav,4.72920598,0.999601905,0.999752616,0.999616526,0.999402644,0.999475142,0.999518982,0.999607789,0.999526137,0.999563484,0.999557376,0.99968413,0.999666239,0.999544553,0.999279586,0.999216751,0.999172937,0.99893078,0.998658739,0.999001061,0.999372136,0.999014857,0.998971249,0.999205414,0.999429244,0.999451469,0.999497442,0.999639174,0.999739437,0.999828338,0.999892397,0.999110368,0.993789492,0.998714094,0.998978111,0.998988959,0.998311266,0.998391872,0.99888238,0.998886082,0.99873754,0.998962247,0.998592111,0.999066959,0.999403173,0.99918732,0.998083444,0.998566801,0.998246357,0.99721013,0.996841545,0.997741614,0.99889941,0.998072779,0.997922523,0.996780281,0.997631855,0.998627708,0.998115218,0.999150502,0.999375375,0.999749857,0.999552077,0.997559063,0.978818668,0.00150948159,0.00150364178,0.00169055686,0,0,0.00151780969,0.00147003027,0,0.00119648209,0,0.00117551494,0.00114237598,0.00180085543,0.00160756071,0,0,0,0,0.001463483,0,0.00158852892,0.00154036034,0,0.00292881117,0.00175929597,0.00226840173,0.000437592252,0,0,0,0.00371405411,0.0215498438,27.1062281,27.624939,25.9335875,25.2929669,24.3446236,24.5753475,24.8334417,23.3044901,23.2309832,24.7808343,24.2410241,24.6177059,23.2040293,23.263251,23.3200051,22.9192881,22.0709746,21.3015043,21.2372454,21.5518274,21.0229924,20.5842996,20.2182887,19.3709427,19.3859477,19.1054273,17.802944,17.8001354,16.0496516,13.2438732,8.42175005,5.27033878
evaluation/lori-asha_04/i24_cbr_5ms_256k/master.wav,evaluation/lori-asha_04/i24_cbr_5ms_256k/c.wav,4.72909002,0.999635138,0.999803938,0.999727912,0.999476046,0.999396805,0.999451181,0.999557546,0.999496294,0.999531873,0.999531761,0.999632518,0.99956036,0.999458302,0.999257898,0.999184811,0.999213207,0.999032221,0.998426939,0.998830258,0.999352452,0.999210795,0.999405715,0.999379733,0.999335174,0.999367684,0.999404663,0.999704939,0.999746216,0.999796328,0.999916284,0.999118367,0.993484021,0.998893123,0.99946297,0.999342014,0.998602472,0.997924306,0.997963251,0.998866031,0.998711762,0.99815654,0.998717801,0.999094859,0.998920205,0.998135342,0.998440554,0.998657031,0.997988457,0.997563902,0.993564146,0.996909222,0.9984541,0.998590014,0.998989137,0.997889653,0.996640501,0.998995137,0.997188924,0.999382841,0.999378948,0.999428695,0.999837541,0.997290658,0.974645739,0,0.00109551225,0.00129713715,0,0,0.00201027468,0.00196296133,0,0.001698051,0,0.00158922689,0.00209146355,0.00225420459,0.0021277157,0.000537759412,0.00155713428,0,0,0,0,0,0,0.000726903336,0.00399319621,0,0.00331944847,0.000843140281,0.000512496429,0,0,0.00380653795,0.0230837496,27.1052381,27.6287096,25.9340917,25.2941058,24.3423352,24.5698483,24.8318481,23.3108577,23.2272829,24.7819441,24.241064,24.6137421,23.2034964,23.2643363,23.3146766,22.9140605,22.0643528,21.2851736,21.2329795,21.5505608,21.0251011,20.5886953,20.2185401,19.3735528,19.3842432,19.1015016,17.8076491,17.7951996,16.0444169,13.2385388,8.4251252,5.26979124
evaluation/lori-asha_04/i24_cbr_5ms_320k/master.wav,evaluation/lori-asha_04/i24_cbr_5ms_320k/rust.wav,4.72946602,0.999537402,0.999828837,0.999724173,0.999674424,0.999556839,0.999639029,0.999741592,0.999711305,0.999723851,0.999728473,0.999777431,0.99977119,0.999746161,0.999732767,0.999660349,0.999562789,0.999552747,0.999559014,0.999695723,0.999661446,0.99957899,0.999671069,0.999625822,0.999578267,0.999524523,0.999666614,0.999762531,0.999803868,0.999861141,0.999929675,0.999152623,0.993393263,0.998462707,0.999605665,0.999204548,0.999490609,0.99865687,0.999256884,0.999394212,0.999441422,0.999330998,0.999419607,0.999343276,0.999484769,0.999292446,0.99958914,0.999435689,0.999138897,0.998983767,0.998873115,0.99942254,0.999418265,0.998965636,0.99905368,0.999147499,0.99881315,0.999016462,0.999046595,0.999491006,0.999599264,0.999760425,0.99984106,0.997553223,0.973418703,0,0.00054500967,0.00169998821,0,0,0.00161591835,0.00153918959,0.000255241469,0.000511858301,0,0.00104650507,0.000621219126,0.00167390991,0.000702788147,0.000691620027,0.00115216692,0,0,0,0,0.00135430197,0.00160025688,0.00130952202,0.000750736314,0.00114595575,0.00186921463,0.000943478711,0.000633557947,0.000696119,0.000694315934,0.0036483774,0.0255767152,27.1430096,27.6657617,25.9721338,25.3331398,24.3817077,24.6144718,24.8753482,23.3514444,23.2763351,24.8273514,24.287896,24.6622083,23.248775,23.3078997,23.3616431,22.9573075,22.1096316,21.3317928,21.2776366,21.5939044,21.0653967,20.6128831,20.2529543,19.4119616,19.4222024,19.1437436,17.8418276,17.8378738,16.0869769,13.2738156,8.45599646,5.30899127
evaluation/lori-asha_04/i24_cbr_5ms_320k/master.wav,evaluation/lori-asha_04/i24_cbr_5ms_320k/c.wav,4.72950268,0.999656237,0.999802157,0.999668969,0.999591691,0.999588861,0.999744675,0.999727126,0.999707154,0.999728092,0.999734339,0.999816443,0.999807369,0.999725297,0.999672931,0.999634682,0.999656199,0.999561548,0.999490345,0.999490912,0.999658783,0.999571926,0.999656048,0.999626896,0.999695674,0.999557802,0.999526344,0.999717962,0.999790531,0.999803255,0.999935278,0.999150022,0.993901021,0.999021588,0.999305347,0.998919059,0.998642723,0.997959067,0.999565224,0.99935305,0.999308816,0.99921618,0.999371603,0.999422064,0.999181196,0.999346406,0.999293064,0.999433075,0.99933391,0.998383891,0.998602396,0.99842344,0.999271048,0.998945279,0.998897607,0.998975887,0.999161961,0.999114572,0.997534542,0.998812885,0.999442997,0.999371469,0.999901487,0.997428859,0.974099452,0.00141715403,0.00142490503,0.00214102222,0,0,0.000476902032,0.00143013941,0,0,0,0.00105850997,0.00152108266,0.00207167593,0.00152041954,0,0,0.000894276924,0,0,0.000893857737,0.00134040032,0.00159165158,0.00139501516,0,0.00136563809,0.00263335982,0.00174622529,0.000769775911,0,0.000434409848,0.00387402958,0.0232771762,27.220596,27.7487299,26.0472992,25.4220459,24.4895573,24.6975941,24.9770963,23.4450473,23.3536712,24.9042845,24.3624571,24.7502749,23.3315101,23.3774374,23.422488,23.0415227,22.1732433,21.4020583,21.3655955,21.676142,21.1491671,20.7140048,20.3541106,19.5063503,19.5080702,19.2240946,17.9252527,17.9085703,16.1696088,13.3780968,8.57199574,5.40154
evaluation/lori-asha_04/i24_vbr_5ms_192k/master.wav,evaluation/lori-asha_04/i24_vbr_5ms_192k/rust.wav,4.72679293,0.999312829,0.999568352,0.99930626,0.998988199,0.998770531,0.999193011,0.999244324,0.99893153,0.998776421,0.998841247,0.998969698,0.99892637,0.99872107,0.998070452,0.997354098,0.997707553,0.997339162,0.996762134,0.99666641,0.998027849,0.997626379,0.998107425,0.998106355,0.99833533,0.99809523,0.998436017,0.999268489,0.999566924,0.999584228,0.999766984,0.998732919,0.991543157,0.997625899,0.998801496,0.998094798,0.998082659,0.995613386,0.997223358,0.998275089,0.99799768,0.99663992,0.996839347,0.996502855,0.996096716,0.996709564,0.993384109,0.995632982,0.994659348,0.993199561,0.992511756,0.987680744,0.996628068,0.994943896,0.995595555,0.995651827,0.995642434,0.996553228,0.993552913,0.998293278,0.999113931,0.998969539,0.999645222,0.997112662,0.976793533,0.00263447816,0.00214558176,0.00309034559,0.00144173069,0.00228268983,0.00219832364,0.002447728,0.00197356637,0.0034854813,0.00122123392,0.00292702287,0.00360549743,0.00427816069,0.00645088317,0.00755360844,0.00421825806,0.00408870031,0.00195282789,0.00757927748,0.00329711984,0.00511925476,0.00376406954,0.00489829311,0.0030339679,0.00324439949,0.00469989455,0.00208613272,0,0,0.000959022249,0.00384498897,0.0315324034,27.3594284,27.8352574,26.1279675,25.5167557,24.6228798,24.8381467,25.0815332,23.5631617,23.4932561,25.0383647,24.4773627,24.921868,23.463752,23.5125535,23.6069825,23.1985968,22.3249443,21.5438882,21.516809,21.8069835,21.2660315,20.8339522,20.4585255,19.6051584,19.6242727,19.354026,18.051803,18.0290714,16.3051764,13.5162388,8.71687112,5.49459709
evaluation/lori-asha_04/i24_vbr_5ms_192k/master.wav,evaluation/lori-asha_04/i24_vbr_5ms_192k/c.wav,4.72667449,0.999060385,0.999506344,0.99929289,0.99888155,0.998845336,0.999059471,0.999125377,0.999113369,0.999163061,0.999148758,0.999235902,0.999099405,0.9988015,0.998444559,0.997874252,0.998012174,0.997551948,0.996890681,0.996233845,0.99788275,0.997606189,0.998185665,0.998304045,0.998437705,0.998016539,0.998200243,0.999167825,0.999414415,0.999616836,0.999758682,0.998806849,0.99163237,0.996681496,0.998620243,0.998439668,0.996798778,0.996138441,0.997317849,0.997462946,0.997819234,0.997503932,0.998091331,0.99779863,0.997451405,0.997087616,0.996550646,0.994480808,0.99369804,0.992582773,0.991453462,0.986328458,0.994266567,0.993309107,0.995282304,0.996038228,0.99689481,0.995625917,0.991047118,0.997924303,0.998229142,0.999217946,0.999622692,0.99715067,0.970318826,0.00306729437,0.00233979555,0.00321043317,0.00178112655,0,0.00209872555,0.00334632697,0,0,0,0.0023918214,0.0034939114,0.00426574257,0.003344077,0.00457358091,0.00420956805,0.00543749115,0,0.0118817368,0,0.00423223405,0.00470489266,0.00517744411,0.00332582532,0.00424109535,0.00638230198,0,0,0,0,0.00364690974,0.0284917059,27.3583862,27.8448119,26.128017,25.5275075,24.6282433,24.8454538,25.0857254,23.5757855,23.514623,25.0465787,24.484192,24.9178203,23.4677217,23.5090665,23.5895156,23.1889038,22.3281363,21.5416525,21.5088802,21.8186181,21.2755945,20.8297599,20.465299,19.6100584,19.622218,19.3475619,18.0497579,18.0249235,16.300257,13.5190936,8.71989946,5.49927831
evaluation/lori-asha_04/i24_vbr_5ms_256k/master.wav,evaluation/lori-asha_04/i24_vbr_5ms_256k/rust.wav,4.72899617,0.999559219,0.999702381,0.999532221,0.999470099,0.999354591,0.999465586,0.999640253,0.999554626,0.999431471,0.99952585,0.999667245,0.999672447,0.999579964,0.999305577,0.999025367,0.999028009,0.998904198,0.998520372,0.99860797,0.999249774,0.998987355,0.999205712,0.999232187,0.999433077,0.999343067,0.999404179,0.999694773,0.999744251,0.99981013,0.99991315,0.999135347,0.993126455,0.998211949,0.99872012,0.998455974,0.99775262,0.997857449,0.998741754,0.999126364,0.99893365,0.997985442,0.998645741,0.999170252,0.999028905,0.999231558,0.998271355,0.99807384,0.998168819,0.99723774,0.99667384,0.99428664,0.998707848,0.997974515,0.997763068,0.997807634,0.998107716,0.998779176,0.997881019,0.99887281,0.999264166,0.999638977,0.999872321,0.997471648,0.976395944,0.00245962666,0.00208330279,0.00271499779,0,0,0.0017707002,0.00127850845,0,0.00202587373,0,0.00135473477,0.00181960814,0.00198837713,0.00195977087,0.00147637076,0.00168873953,0,0,0.00180492639,0,0.00233794335,0.00251701669,0.00226772616,0,0.00205438864,0.00311085484,0.00169707123,0.000710096796,0,0.000405104076,0.00375662505,0.0248922993,27.219208,27.7467706,26.0492148,25.4163255,24.4840427,24.6896303,24.9711693,23.4384997,23.3479439,24.8993046,24.355335,24.7482082,23.3290279,23.3713488,23.4173345,23.0372712,22.1747123,21.4071884,21.3591126,21.6671947,21.1429164,20.7109329,20.357191,19.5077709,19.50633,19.221478,17.9306722,17.9101413,16.1695,13.3801084,8.56183284,5.39763258
evaluation/lori-asha_04/i24_vbr_5ms_256k/master.wav,evaluation/lori-asha_04/i24_vbr_5ms_256k/c.wav,4.72913584,0.999647105,0.99979116,0.999715511,0.999459474,0.999438143,0.999483683,0.999587777,0.999416649,0.999548645,0.999600796,0.999636737,0.999530871,0.999427797,0.999351944,0.999142537,0.999177239,0.999091445,0.998622736,0.998724158,0.999302845,0.999149891,0.999273991,0.999490307,0.999441962,0.999296704,0.999303539,0.999702847,0.999782146,0.999816193,0.999918585,0.999108496,0.993760938,0.999128153,0.999491036,0.999349332,0.998741111,0.998131276,0.998702199,0.999214814,0.998863958,0.998793091,0.998667211,0.999315523,0.998929703,0.998286926,0.999010464,0.998276714,0.998404676,0.997871978,0.997393025,0.995337552,0.997701427,0.997910298,0.998217594,0.998475856,0.998443523,0.998903383,0.996477315,0.999538985,0.999489211,0.999709057,0.999855715,0.997168848,0.976584249,0.000580054026,0.00102424459,0.00134280898,0,0,0.00192927904,0.00167013409,0,0,0,0,0.00156827767,0.00215700525,0.00160684147,0,0.00103350921,0,0,0.00403762013,0.00106325122,0.000738229838,0.000883580508,0.00148392088,0.00174302104,0.00145381645,0.00395931079,0.00112262867,0.000807118155,0,0.000147164512,0.00379838981,0.022459478,27.1729161,27.7215602,26.0201305,25.3818766,24.4629218,24.6889965,24.9543026,23.4504599,23.3636699,24.9224212,24.3761031,24.7730113,23.3491569,23.401656,23.410619,23.03901,22.191207,21.4141713,21.3782065,21.6970822,21.1628182,20.7235508,20.3394595,19.4928208,19.4961492,19.2156841,17.9358245,17.91561,16.1793393,13.3910264,8.57305194,5.3872332
evaluation/lori-asha_04/i24_vbr_5ms_320k/master.wav,evaluation/lori-asha_04/i24_vbr_5ms_320k/rust.wav,4.72950579,0.999745907,0.999859492,0.999789491,0.999611478,0.999591265,0.999605777,0.999733879,0.99966026,0.99967289,0.999709623,0.999769408,0.999776391,0.999757581,0.999648512,0.999652826,0.999674103,0.999620935,0.99945968,0.999374373,0.999660841,0.999567221,0.999661921,0.999600481,0.999680182,0.999636591,0.999679899,0.999810647,0.999785257,0.999844623,0.999935955,0.999170732,0.993314352,0.999181204,0.999615779,0.999564219,0.999125625,0.998868734,0.998217954,0.999122033,0.999063727,0.998758908,0.999344281,0.999435258,0.999609284,0.999210927,0.999372347,0.999419566,0.999469256,0.999201591,0.998297542,0.996096615,0.999395092,0.998932843,0.999046607,0.998844638,0.999142734,0.999239658,0.998738496,0.999666728,0.999435664,0.999727087,0.999880592,0.997525842,0.973089905,0.00104473089,0.000902800763,0.0012129861,0.000766622289,0,0.00178530199,0.00140391615,0,0.00134785162,0,0.000964124531,0.00104589006,0.00160244835,0.00141427283,0,0,0,0,0,0,0.00139003521,0.00132464408,0.00169643304,0,0.000233863108,0.00175543861,0,0,0.000234084073,0.000291080905,0.00359961429,0.0260951821,27.3698117,27.8623017,26.1522183,25.5392961,24.6406845,24.8664449,25.1091035,23.5918763,23.5287015,25.0645299,24.4952244,24.9360419,23.4752721,23.5310044,23.6025715,23.1970526,22.3312067,21.5540229,21.5292485,21.8282126,21.2863715,20.8381282,20.4709655,19.6085397,19.617773,19.3455934,18.0566707,18.0335983,16.3057386,13.5168086,8.7137931,5.53779558
evaluation/lori-asha_04/i24_vbr_5ms_320k/master.wav,evaluation/lori-asha_04/i24_vbr_5ms_320k/c.wav,4.72955347,0.999675551,0.999808185,0.999690802,0.999586563,0.999570431,0.999737441,0.999752954,0.999667349,0.999715738,0.999731077,0.999793208,0.99980326,0.999771881,0.999679314,0.999636832,0.999675891,0.999605144,0.999479715,0.999458832,0.999664468,0.99960344,0.999641926,0.999590951,0.999701777,0.999554462,0.999556897,0.999727455,0.999802977,0.99981643,0.999932922,0.999154441,0.99399066,0.999055546,0.999467188,0.999251392,0.998688788,0.998531579,0.99949755,0.999589676,0.998996053,0.999122971,0.999189392,0.999623362,0.999623068,0.999470064,0.999371868,0.999315579,0.999515128,0.99900829,0.998400366,0.997486491,0.999409903,0.999081095,0.998858497,0.998683332,0.999247923,0.999038653,0.99789216,0.999235944,0.999575946,0.999400341,0.999905206,0.997406706,0.976396278,0,0.00116764064,0.00205273898,0,0,0.000744609021,0.00130900384,0,0.0008968914,0,0.000645477962,0.0011655641,0.00157218323,0.00193439125,0.00113964279,0,0,0,0,0,0.00123278754,0.00148550816,0.00144620942,0,0.000843618717,0.00248993146,0.0015163412,0.000425567407,0,5.64506999e-05,0.00384729981,0.0221025514,27.1520942,27.6694204,25.978402,25.3387814,24.3898303,24.6197837,24.8830022,23.3571805,23.2770536,24.833933,24.2899815,24.6625971,23.2473635,23.3059665,23.362623,22.9617097,22.1148378,21.3312082,21.2789247,21.5948519,21.064693,20.6224909,20.2559961,19.4129755,19.4333488,19.1460242,17.8451683,17.8360373,16.0882666,13.2820874,8.46601203,5.31385673
evaluation/lori-asha_05/i16_cbr_5ms_192k/master.wav,evaluation/lori-asha_05/i16_cbr_5ms_192k/rust.wav,4.70666038,0.994751858,0.99907621,0.999637051,0.99960615,0.999498335,0.999408394,0.998481791,0.999085106,0.99929613,0.999103624,0.998922974,0.998916376,0.998572871,0.997328937,0.99729158,0.996450477,0.995390742,0.992927041,0.995667662,0.9947895,0.995388941,0.996082834,0.996348975,0.996252763,0.994580413,0.991273916,0.989680855,0.987228408,0.996581406,0.998808496,0.996037389,0.983995465,0.976128715,0.996867829,0.999383125,0.999197735,0.997603828,0.997618472,0.996521749,0.99824867,0.998811713,0.997780879,0.997426346,0.997565255,0.996328856,0.995252685,0.990192683,0.986935611,0.987662044,0.96247878,0.99163779,0.989350682,0.988341403,0.986609228,0.989276134,0.988519062,0.982156493,0.956200049,0.958651732,0.956364316,0.98859677,0.996558113,0.987283754,0.934284733,0.024709178,0.00353514245,0,0,0,0,0.00413787623,0,0.00155435128,0.00163248535,0,0.00160765471,0.00260192459,0.00671685617,0.00756127085,0.0126237433,0.00830105439,0.0344995672,0.00706827206,0.00661330386,0.00904489079,0.00620549837,0.00703710713,0.00698153547,0.0165512262,0.0251641167,0.0265050698,0.0355851188,0.00788424936,0.00435949301,0.0131813246,0.0490567915,21.1365082,23.4986166,24.4959174,26.1142595,26.3704013,24.7582014,23.6292424,24.5371156,23.4908599,23.0597104,22.6960386,22.7115048,21.366658,21.692183,20.5144949,20.7434825,19.8220004,19.8353039,19.1278321,18.6692633,17.8137359,17.1759822,16.2624725,14.8738141,13.2406206,13.1420387,12.6148516,12.7038277,12.1149296,10.4468353,6.30415246,4.28927028
evaluation/lori-asha_05/i16_cbr_5ms_192k/master.wav,evaluation/lori-asha_05/i16_cbr_5ms_192k/c.wav,4.70528797,0.994555561,0.998796609,0.999630025,0.999540691,0.999451962,0.999429897,0.998355227,0.998880223,0.999376996,0.999126128,0.998968817,0.998806625,0.998306167,0.997099857,0.99789472,0.997366886,0.995168331,0.995517158,0.996073218,0.994412963,0.995851544,0.996412667,0.996205898,0.99648511,0.994067453,0.989386495,0.988597741,0.986493519,0.996448356,0.998639027,0.996530714,0.985055638,0.977119585,0.995517744,0.999510064,0.998629923,0.996731212,0.997993015,0.995665514,0.997378841,0.998760425,0.998620378,0.998042007,0.997489714,0.995010889,0.993809714,0.992857345,0.993131317,0.98958275,0.98716787,0.993889433,0.979829954,0.986895516,0.991612662,0.980935429,0.989201873,0.974257921,0.953420768,0.956319329,0.93302904,0.991507783,0.99597939,0.990782708,0.946990613,0.0186594375,0.00520524903,0,0,0,0,0.00517188416,0.000750122514,0.00207902261,0.00123932725,0.0014256048,0.000940212164,0.00557775947,0.00735377127,0.00383881446,0.00372821081,0.00710225604,0.0102847963,0.00674241907,0.00967328654,0.00943544379,0.00655677496,0.0160895704,0.00693778317,0.0199294211,0.031782063,0.0261474408,0.0409391032,0.0078106752,0.00516363389,0.0108714761,0.0469525995,21.1459772,23.5084369,24.5046681,26.1163916,26.3606166,24.7456064,23.6262449,24.5391891,23.497128,23.0691492,22.7044814,22.7213727,21.3774454,21.6860203,20.5082583,20.7209894,19.8070582,19.8436138,19.1454757,18.7031082,17.8119094,17.1839038,16.2517846,14.8694765,13.2403392,13.1412525,12.6120313,12.6985873,12.1189186,10.4635056,6.30483619,4.2814925
evaluation/lori-asha_05/i16_cbr_5ms_256k/master.wav,evaluation/lori-asha_05/i16_cbr_5ms_256k/rust.wav,4.72295399,0.996165182,0.999179993,0.999769175,0.999756538,0.999719813,0.999708534,0.999293589,0.999405557,0.999634704,0.999602943,0.999624498,0.999617412,0.999559653,0.999110226,0.999136359,0.998730681,0.998180498,0.99751827,0.998072469,0.998075299,0.998695053,0.998750161,0.998366502,0.998741016,0.998206184,0.996720837,0.996130292,0.996598534,0.998842732,0.999630582,0.998454224,0.992351175,0.978201523,0.995141405,0.999618141,0.999214232,0.998514238,0.999008583,0.998429414,0.998208739,0.999370783,0.999106311,0.999079695,0.999201204,0.998761913,0.998304805,0.99660632,0.996214943,0.996465753,0.993651383,0.996064085,0.995006617,0.997117001,0.997268952,0.991453786,0.994883479,0.992161738,0.98389519,0.979664582,0.990025982,0.99753458,0.999190635,0.991394738,0.939577352,0.017959063,0.00431704701,0,0,0,0.000335474137,0.00277993049,0,0.0010088086,0.000317159724,0.000941302846,0.00138168648,0.0016790083,0.00223446911,0.00193066208,0.001996828,0,0.00477317016,0,0,0.00192605413,0,0.00860579172,0.00260323883,0.0059121711,0.0136957397,0.0145958595,0.00948809411,0.00369201796,0.00233264486,0.00724498537,0.040555523,21.0075144,23.436497,24.4765677,26.1157478,26.3543935,24.7724322,23.63302,24.550212,23.5109964,23.0768404,22.6988389,22.7155903,21.3876888,21.7193296,20.5282249,20.7667441,19.7933035,19.8423171,19.1158294,18.6633626,17.798124,17.1898097,16.2693144,14.8636576,13.2301516,13.1268813,12.5901939,12.674359,12.0879433,10.4315374,6.2320209,4.11607797
evaluation/lori-asha_05/i16_cbr_5ms_256k/master.wav,evaluation/lori-asha_05/i16_cbr_5ms_256k/c.wav,4.72236054,0.995895034,0.999141697,0.999776254,0.999759644,0.999737263,0.999690412,0.999130526,0.99945777,0.999659609,0.999567129,0.99951389,0.999621051,0.999570744,0.999213763,0.998900449,0.998667838,0.998152513,0.99751965,0.998297988,0.997959356,0.998450827,0.998604555,0.998884626,0.998882698,0.998628063,0.996980765,0.996365373,0.995063622,0.998538277,0.999657763,0.998479719,0.992589334,0.982663689,0.995090368,0.999572887,0.99943169,0.998881115,0.999284725,0.998083274,0.998784484,0.999062659,0.998828997,0.998902669,0.999312659,0.998387304,0.998117459,0.995421178,0.99573052,0.996404217,0.990075003,0.995850334,0.993979024,0.99584639,0.996256136,0.995489342,0.995634061,0.994258428,0.986178261,0.988987621,0.974125398,0.996274874,0.999433769,0.99243958,0.944287565,0.0147569107,0.0044615915,0.000726263349,0,0,0,0.00247797203,0,0.00125931612,0,0,0.000558401047,0.00129260644,0,0.00204444737,0.00239187996,0,0.00744298264,0,0,0.00385229397,0.00203619869,0.00279492527,0,0.00474275939,0.0098097717,0.0107244141,0.0178120725,0.00486625248,0.00184122854,0.00597612408,0.0400087295,21.155429,23.4879079,24.4985265,26.1104238,26.3556503,24.7413877,23.6177234,24.5149075,23.4850446,23.0529765,22.6807907,22.6901946,21.3520054,21.6801378,20.4824932,20.7302464,19.7994267,19.8200841,19.1104332,18.654824,17.7898959,17.1591502,16.2440919,14.8466003,13.2105754,13.1203525,12.577825,12.6641995,12.077358,10.4165378,6.22764846,4.15860659
evaluation/lori-asha_05/i16_cbr_5ms_320k/master.wav,evaluation/lori-asha_05/i16_cbr_5ms_320k/rust.wav,4.72709708,0.996965888,0.999470739,0.999833586,0.999831241,0.999845813,0.999778424,0.999551523,0.999693671,0.999797904,0.99976498,0.999774997,0.999823317,0.999782655,0.999587937,0.999571691,0.99956723,0.999292325,0.999142307,0.99936929,0.999283413,0.999414038,0.999346043,0.99928959,0.999491627,0.99924538,0.998674442,0.998242285,0.998213197,0.99931196,0.999857135,0.9987433,0.994616358,0.981299551,0.997841848,0.99977525,0.999670528,0.999312548,0.998857966,0.999208902,0.99916564,0.999639408,0.999460599,0.999420725,0.999622898,0.999493137,0.999139623,0.998095596,0.998653999,0.998448764,0.997724127,0.998852595,0.998253481,0.998785177,0.99812512,0.997190039,0.998303674,0.997843588,0.995090416,0.992636441,0.993975963,0.99849556,0.999780379,0.99149684,0.958204535,0.0141481809,0.00268251476,0,0,0,0,0.00193035557,0,0.000680526462,0,0,6.53621495e-05,0,0,0,0,0,0,0,0,0.00156991468,0,0.00239602178,0.000877470421,0.00193919326,0.00455903914,0.00627589648,0.00636433572,0.00159106944,0.00101345355,0.00672940565,0.0297799762,21.0659305,23.461068,24.4754202,26.0891491,26.3355193,24.7196683,23.5890325,24.4938921,23.4577357,23.0240851,22.656928,22.6759182,21.3275777,21.6551391,20.4607407,20.6944255,19.7618241,19.7861684,19.0815825,18.631896,17.7616003,17.1390964,16.2177298,14.8222692,13.1813731,13.0866835,12.5484348,12.6417185,12.0541168,10.3970211,6.20935121,4.12761352
evaluation/lori-asha_05/i16_cbr_5ms_320k/master.wav,evaluation/lori-asha_05/i16_cbr_5ms_320k/c.wav,4.72689172,0.997574481,0.999547221,0.999855996,0.999821749,0.999825464,0.999775118,0.999464351,0.999580432,0.99981821,0.999734118,0.999743671,0.999808048,0.999812117,0.99950544,0.999532582,0.999599328,0.999330792,0.998991426,0.999181956,0.999050377,0.999278049,0.999361151,0.999537554,0.999625864,0.999307648,0.998648595,0.998217162,0.998091878,0.99935843,0.999859152,0.99874189,0.993781442,0.992435917,0.99823159,0.999617282,0.999500883,0.999144185,0.999269175,0.998468344,0.998220083,0.99956385,0.999467385,0.999297789,0.99949269,0.999488057,0.998529326,0.998107803,0.998866258,0.998350458,0.997026305,0.997259532,0.996798892,0.997507944,0.998126871,0.998231059,0.998659748,0.997182875,0.994974689,0.992326393,0.992424916,0.998448684,0.999767693,0.992317248,0.94558517,0.00890933975,0.00225616032,0,0,0,0.000930308387,0.00156963689,0,0.000621086958,0,0,0,0,0,0,0,0,0.00175598582,0,0,0,0,0,0,0.00308507733,0.00512120665,0.00681231777,0.00690009866,0.00193859466,0.000707195772,0.00569900254,0.0359129768,21.104082,23.472796,24.476579,26.0907209,26.3354227,24.7193895,23.5958427,24.5010959,23.4644924,23.0293124,22.6630351,22.6755128,21.3327806,21.6611445,20.4663662,20.6983193,19.7706758,19.7923985,19.0904832,18.6323065,17.7656179,17.1440728,16.2224678,14.8301427,13.1804122,13.0916594,12.5498301,12.6408698,12.0587332,10.4059441,6.21339279,4.12982749
evaluation/lori-asha_05/i16_vbr_5ms_192k/master.wav,evaluation/lori-asha_05/i16_vbr_5ms_192k/rust.wav,4.70658176,0.993229217,0.998877667,0.99960595,0.999510887,0.99955131,0.999469541,0.998660348,0.999118845,0.999388798,0.998995647,0.998824918,0.998888674,0.99857777,0.997226237,0.997359766,0.996713903,0.99509138,0.991649371,0.996308857,0.994957946,0.994319831,0.995537333,0.996337584,0.996253491,0.994610648,0.990993777,0.989736249,0.988927046,0.9964614,0.998635254,0.995607792,0.981795241,0.972854492,0.995186937,0.999179804,0.998379531,0.998185956,0.997893024,0.99631388,0.997481056,0.998921977,0.997660537,0.997362431,0.998189437,0.997024505,0.994138856,0.987701984,0.989414767,0.984014029,0.953721493,0.994557829,0.990315178,0.985267299,0.986811949,0.986792554,0.982465326,0.976445278,0.952946142,0.957414734,0.94908924,0.989946813,0.996385681,0.985647712,0.927227481,0.0256930354,0.00491104929,0.00122709273,0,0,0,0.00286273387,0,0.00121587222,0,0,0.00178524312,0.00231714231,0.00563417701,0.00961240613,0.0097964094,0.00995306112,0.0442732017,0.00390038114,0.0104813026,0.0144272082,0.00665404508,0.00873089477,0.00960038755,0.0213781486,0.0287872487,0.0276468352,0.0302193006,0.00786692639,0.0045426791,0.0137182424,0.0565093077,20.9967631,23.4608727,24.464488,26.1140249,26.3558695,24.7613395,23.6428535,24.545987,23.5016473,23.0838711,22.7084838,22.7148691,21.3820408,21.7179586,20.5378444,20.7576209,19.791887,19.8648129,19.1287826,18.6836031,17.8253922,17.1872623,16.2649529,14.8781952,13.2378845,13.1429491,12.6223679,12.698662,12.1186926,10.44469,6.30469748,4.23723454
evaluation/lori-asha_05/i16_vbr_5ms_192k/master.wav,evaluation/lori-asha_05/i16_vbr_5ms_192k/c.wav,4.70648402,0.99225038,0.997919738,0.999625474,0.999590726,0.999498331,0.999408455,0.998592927,0.998891747,0.999291615,0.999227705,0.999096928,0.998985236,0.998484576,0.997167007,0.997730331,0.997096247,0.995991285,0.995337457,0.99603638,0.994202459,0.996201542,0.996978803,0.996939358,0.996587286,0.993521941,0.990262379,0.989023452,0.987532832,0.996428284,0.998695835,0.996868922,0.986080705,0.959543408,0.991057454,0.999413569,0.998883384,0.997737171,0.998453395,0.996199342,0.997305143,0.998375029,0.99865813,0.998077561,0.998238131,0.993013032,0.992593543,0.994139721,0.991189133,0.989721356,0.987937997,0.992360099,0.982270103,0.990021988,0.994078107,0.984345305,0.985455776,0.961346331,0.956896179,0.947579845,0.938188917,0.99179668,0.995818163,0.991281033,0.936213101,0.0284118981,0.00955685089,0.000962460478,0,0,0.000486841689,0.00390289474,0,0.00149071519,0.000147298173,0.00115552588,0.00152354635,0.00669409694,0.00881709559,0.00462737628,0.00463828372,0.00626416565,0.00922821707,0.00739974844,0.0138423866,0.0071678742,0.0061587845,0.0133989133,0.0140261529,0.0343505824,0.0254741671,0.0276508689,0.0443785759,0.00773932136,0.00467596802,0.00967177481,0.0524671446,21.1291388,23.4561747,24.487837,26.1076883,26.35705,24.7423454,23.6296219,24.5397121,23.4733131,23.0480405,22.6682678,22.683304,21.3325789,21.6604843,20.4890878,20.6955398,19.7987158,19.8322673,19.1276079,18.692408,17.80494,17.1655099,16.2191048,14.8287046,13.1928959,13.0877089,12.5718231,12.665698,12.0881755,10.4327915,6.26848226,4.25894043
evaluation/lori-asha_05/i16_vbr_5ms_256k/master.wav,evaluation/lori-asha_05/i16_vbr_5ms_256k/rust.wav,4.72371578,0.996179377,0.999437379,0.999734394,0.999698262,0.999607489,0.999717591,0.999288092,0.999436462,0.999624522,0.999536603,0.99961108,0.999626385,0.999537513,0.999126147,0.999034566,0.998640176,0.998178291,0.997785144,0.998596012,0.998486789,0.99874842,0.998722941,0.998681355,0.998788945,0.998133057,0.996967895,0.996925999,0.997007721,0.998722762,0.999681387,0.99851928,0.992797442,0.982667137,0.998022402,0.999286037,0.99865205,0.997385128,0.998985199,0.99854658,0.998518248,0.99921066,0.998853392,0.999293754,0.999174626,0.998395064,0.998281388,0.99582633,0.995755271,0.995536119,0.993336872,0.99746811,0.997089627,0.997050514,0.997494707,0.994935466,0.99550984,0.992145637,0.983884656,0.98710738,0.990897746,0.996641281,0.998911082,0.991455284,0.943786831,0.0166874678,0.00257912171,0,0,0,0,0.0021173906,0.000342663022,0.0003234984,0,0,0.000153847426,0,0.000497275175,0.00260659303,0.00284020316,0,0.00356646459,0.00117707683,0,0.00316546121,0.00172721111,0.00412661496,0.00300760329,0.00819437221,0.0124029006,0.0104009529,0.00779893094,0.00411882242,0.00195557308,0.00704754741,0.0371867615,20.9692023,23.4202823,24.4450059,26.0907534,26.3250063,24.7403262,23.6110277,24.5071377,23.4763081,23.0580772,22.6755438,22.6931385,21.3595541,21.6914696,20.5004208,20.7165379,19.7457509,19.8242341,19.0932936,18.6507888,17.7769095,17.1607744,16.2315046,14.8391628,13.1936806,13.1068906,12.5644755,12.6519021,12.069476,10.4030281,6.22049724,4.09254807
evaluation/lori-asha_05/i16_vbr_5ms_256k/master.wav,evaluation/lori-asha_05/i16_vbr_5ms_256k/c.wav,4.72189576,0.996527484,0.999318867,0.999779882,0.999755263,0.999771562,0.999725214,0.999194474,0.999497218,0.999661836,0.999541227,0.999542368,0.999607875,0.999544156,0.999113746,0.999025899,0.998944471,0.998104846,0.997411828,0.99837942,0.99816715,0.998624695,0.998762937,0.998978127,0.999097339,0.998368485,0.996516452,0.996308829,0.994584841,0.998343159,0.99965548,0.998524065,0.992943946,0.98080232,0.996334395,0.999442469,0.999398814,0.998987485,0.999119662,0.998359422,0.998973089,0.999282964,0.998124221,0.998795603,0.999243588,0.997994504,0.99832527,0.994356244,0.996140093,0.995385635,0.988915755,0.996345737,0.993948645,0.99536328,0.99757466,0.995777057,0.997348099,0.991662909,0.979820791,0.985369915,0.971218945,0.993865632,0.999265766,0.992330552,0.952363065,0.015673282,0.00383872645,0,0,0,0.00131287594,0.00316108744,0.00138512045,0.00131047162,0.00200939486,0,0,0.00235865763,0.00234581743,0.00351003768,0.00168327973,0,0.00927793041,0,0,0.00395004048,0.00201713944,0.00283799878,0,0.00712008928,0.0138416918,0.0117134906,0.019892515,0.00551451548,0.00190115315,0.00584856839,0.0372962019,20.9580055,23.3901155,24.4458675,26.0777881,26.3192399,24.7358407,23.5994272,24.5213887,23.4805864,23.0493334,22.6690471,22.6843624,21.3628922,21.6980007,20.4939129,20.7345895,19.7664752,19.8286635,19.093985,18.6382944,17.7733721,17.161061,16.2407827,14.8352357,13.190134,13.107367,12.5571503,12.6410706,12.0588623,10.3963034,6.21405691,4.09099663
evaluation/lori-asha_05/i16_vbr_5ms_320k/master.wav,evaluation/lori-asha_05/i16_vbr_5ms_320k/rust.wav,4.72644282,0.99652119,0.99943028,0.99983229,0.999806422,0.999840113,0.99978815,0.999615816,0.999679865,0.999791822,0.999770285,0.999779893,0.999821657,0.999767721,0.99957859,0.999551637,0.999612777,0.999338909,0.998956517,0.9992059,0.999081946,0.999398384,0.99944271,0.999456989,0.999454518,0.99908256,0.998640796,0.997723615,0.998365454,0.999294137,0.999842139,0.998740268,0.99295697,0.985612354,0.997758371,0.99975628,0.999560243,0.999213452,0.998970452,0.999050374,0.999181164,0.999533653,0.999338485,0.999396137,0.999575666,0.999415609,0.998922653,0.997691422,0.999078714,0.998679601,0.99697136,0.998321839,0.997878155,0.998716276,0.998912803,0.997917795,0.998657118,0.995932984,0.995280782,0.989158348,0.993850864,0.99831751,0.99976303,0.991454774,0.949485014,0.0162341418,0.00287862092,0,0,0,0,0.001677833,0,0.000528602567,0.000459591242,0,0,0,0,0.0014651573,0,0,0.00361981923,0,0,0.00136607427,0,0.00185144146,0.00204075041,0.00484230548,0.00459955694,0.0101929304,0.00594389136,0.00186868131,0.000930035027,0.00660845652,0.0367535184,21.0785061,23.4567611,24.4131147,26.0751269,26.3070985,24.6935173,23.6019936,24.482227,23.4711262,23.0249137,22.6732581,22.675235,21.3132031,21.6234612,20.4420529,20.6654827,19.7236129,19.7695604,19.0760181,18.6432981,17.7692109,17.1434911,16.2352653,14.8545305,13.2115799,13.1239625,12.5901338,12.6610079,12.059889,10.4149069,6.22126411,4.12176402
evaluation/lori-asha_05/i16_vbr_5ms_320k/master.wav,evaluation/lori-asha_05/i16_vbr_5ms_320k/c.wav,4.72691385,0.996897829,0.999532688,0.999870922,0.999815863,0.999790385,0.999811456,0.999472746,0.99971645,0.999831319,0.99976353,0.999758134,0.999831757,0.999802095,0.999563062,0.999641136,0.999602528,0.999325997,0.999018827,0.999279944,0.999008798,0.999330303,0.99939863,0.999471711,0.999534374,0.999349292,0.998634023,0.998090646,0.998277741,0.999326338,0.999857208,0.998760493,0.993850507,0.982642432,0.997784704,0.999779027,0.999561826,0.998727289,0.999393902,0.998477616,0.999263602,0.999624506,0.999499049,0.999462235,0.999611702,0.999319955,0.998916818,0.998813549,0.998786777,0.998381878,0.996584615,0.998369153,0.995840656,0.998410916,0.997890543,0.997923192,0.998377007,0.998060263,0.99564884,0.991312278,0.994314819,0.998412593,0.999767833,0.99227958,0.949783326,0.0132573078,0.00242484224,0,0,0,0,0.0024240295,0,0.000212061083,0,0,0,0.000242916562,0,0,0,0,0.00347922297,0,0,0.00107754396,0,0,0,0.00237152431,0.00464443114,0.0078022688,0.0059068809,0.00176955772,0.000656927496,0.00566126123,0.0378070382,21.1118717,23.4727083,24.4797903,26.092433,26.3342699,24.7212775,23.594497,24.4998094,23.4630731,23.0312316,22.6656161,22.6769182,21.3303288,21.663257,20.4720634,20.7047784,19.7675001,19.7933729,19.0894515,18.6335057,17.7654986,17.1447942,16.2216156,14.827704,13.184876,13.0967218,12.5515065,12.6432623,12.0607625,10.4049387,6.21162938,4.13206122
evaluation/lori-asha_05/i24_cbr_5ms_192k/master.wav,evaluation/lori-asha_05/i24_cbr_5ms_192k/rust.wav,4.70816593,0.99449168,0.999061957,0.99965504,0.999602987,0.999505515,0.999459956,0.99862787,0.999209091,0.999294113,0.999106459,0.998884951,0.998909025,0.998537899,0.997304304,0.997323366,0.99664228,0.995541295,0.993073236,0.995667319,0.99493165,0.99588452,0.996285386,0.996415807,0.996100209,0.994648155,0.991876612,0.990950021,0.988759088,0.996653902,0.99876518,0.996107508,0.983267536,0.978898153,0.996912002,0.999472027,0.999171849,0.99761383,0.997865646,0.997031938,0.998724163,0.998582545,0.99772857,0.997452518,0.997943569,0.995902417,0.995389099,0.989895405,0.986154363,0.989174291,0.962455817,0.993175483,0.989392183,0.989455036,0.989166965,0.98925579,0.988568,0.980805853,0.964180813,0.966299298,0.957344772,0.990668611,0.996348049,0.986660467,0.932099568,0.0220742883,0.00354504753,0,0,0,0,0.00392268427,0,0.00145751174,0.00154099767,0.00162977066,0.00177869851,0.00325998595,0.00681314622,0.00751613534,0.0119220984,0.00659528689,0.0326642637,0.00712582288,0.0079005207,0.00763778601,0.00625581342,0.00660447669,0.00815183238,0.01525903,0.0205961125,0.0253594595,0.0310967993,0.00781059971,0.00444998828,0.0130784056,0.0505702978,20.9996959,23.4382548,24.4695328,26.1151739,26.3595755,24.7727851,23.6359372,24.5599976,23.5191355,23.0875977,22.7102097,22.7256898,21.4026706,21.7310278,20.5457228,20.787209,19.8221839,19.8731319,19.1393282,18.6699022,17.8198409,17.2009455,16.2852512,14.8883677,13.2430455,13.152299,12.6193995,12.7103151,12.1213046,10.4487107,6.30054236,4.23581959
evaluation/lori-asha_05/i24_cbr_5ms_192k/master.wav,evaluation/lori-asha_05/i24_cbr_5ms_192k/c.wav,4.70497408,0.994874607,0.998765702,0.999616313,0.999581484,0.999471567,0.999452836,0.998522967,0.998891319,0.999360664,0.999129136,0.998955741,0.998830587,0.998196312,0.997103059,0.997681108,0.997299386,0.995346224,0.995717583,0.99604995,0.994408651,0.995850371,0.99628316,0.995960379,0.99668742,0.994479665,0.989952031,0.988677295,0.985227704,0.996440672,0.998733564,0.996520516,0.984804208,0.97887586,0.994267181,0.999385886,0.998813035,0.996755828,0.998069424,0.996086122,0.997601215,0.998723922,0.998602332,0.997676427,0.997761544,0.995360346,0.993988252,0.991363506,0.992581787,0.989044961,0.990106422,0.992090986,0.98248513,0.991206342,0.991557141,0.977943801,0.99264413,0.976060816,0.955982775,0.951251201,0.914577223,0.989447655,0.995654,0.991070508,0.94661731,0.0167191156,0.00564325472,0,0,0,0,0.00430708467,0.00100136885,0.00228864083,0.00135979276,0.000209491864,0.000690398125,0.0053380557,0.00744856903,0.00477769038,0.00377642316,0.00655930598,0.00754286191,0.00743147156,0.0108594887,0.0087217877,0.00818963876,0.0196699414,0.00611515454,0.0204151388,0.0320039139,0.0273258861,0.053592191,0.00801460935,0.00473370092,0.0107013598,0.0494775688,21.1360575,23.5154445,24.4979703,26.1218473,26.3589458,24.7507183,23.6370387,24.5327646,23.4853449,23.0752756,22.7098878,22.7265559,21.3795274,21.6850904,20.5106654,20.7099739,19.799281,19.8525532,19.1450857,18.71695,17.8166494,17.1817878,16.239491,14.8648808,13.2443123,13.1482977,12.6108869,12.7018988,12.1179263,10.4667251,6.30356975,4.27590607
evaluation/lori-asha_05/i24_cbr_5ms_256k/master.wav,evaluation/lori-asha_05/i24_cbr_5ms_256k/rust.wav,4.72286486,0.996708965,0.999405366,0.999793192,0.999761475,0.999709838,0.999690533,0.999354352,0.999424703,0.999633513,0.999549368,0.999612323,0.99969328,0.999641382,0.999299817,0.999209648,0.998720061,0.998138868,0.997571375,0.998131849,0.997955262,0.99889935,0.998871416,0.998454944,0.998933566,0.998311671,0.996903048,0.996298139,0.995875702,0.998826692,0.999621725,0.99843432,0.992683345,0.982945702,0.996605822,0.999608956,0.999234171,0.998135762,0.998715492,0.998801359,0.998350571,0.999112668,0.998513928,0.998854509,0.999174992,0.999128493,0.998336783,0.997158276,0.996185823,0.995879051,0.994248756,0.996571234,0.99527871,0.997932278,0.996916348,0.991751407,0.995830382,0.994176475,0.986045704,0.981890552,0.981996707,0.997303998,0.998914941,0.991366374,0.94091432,0.0145229365,0.00308576099,0,0,0,0,0.00185167457,0,0.000686591934,0.000901900819,0.000940104453,0.00116667408,0.000933858966,0,0.00128504377,0.00226975719,0,0.00460869115,0,0,0.00256581323,0,0.00810476876,0,0.00600523965,0.0112836964,0.0121086883,0.0125948389,0.00313770634,0.00232920939,0.00726739783,0.0402072655,20.9844472,23.4378728,24.4663041,26.1164722,26.3501105,24.7715926,23.6394958,24.5375713,23.5009751,23.077829,22.7013408,22.7166444,21.3794411,21.7133899,20.5229553,20.7455953,19.78244,19.8488728,19.1133537,18.6724229,17.7979503,17.185437,16.2565583,14.8526735,13.2208343,13.1280133,12.5944634,12.6760691,12.0861584,10.4291336,6.23288302,4.11249714
evaluation/lori-asha_05/i24_cbr_5ms_256k/master.wav,evaluation/lori-asha_05/i24_cbr_5ms_256k/c.wav,4.72245723,0.995426391,0.999104554,0.999784032,0.999749373,0.999749114,0.999710204,0.999150744,0.999465461,0.999710731,0.999623737,0.999555601,0.999691939,0.999604672,0.99924459,0.999024239,0.998743968,0.998272411,0.997185253,0.998325814,0.99790985,0.998540743,0.998657227,0.998897045,0.998908558,0.998737648,0.997277291,0.996224294,0.995141033,0.998423532,0.999637075,0.998427958,0.992927158,0.979673452,0.994795348,0.99956816,0.999344726,0.998746475,0.999308626,0.998185138,0.998558151,0.999204924,0.998935355,0.998946167,0.999264369,0.998898184,0.99821479,0.994780668,0.995422343,0.996565135,0.983687497,0.996383641,0.993888067,0.995091221,0.995173643,0.995774191,0.995765216,0.995656551,0.989563974,0.986632091,0.978643583,0.995734463,0.999341048,0.992421796,0.952453666,0.0172447675,0.0047010441,0.000756880944,0,0,0,0.00219435231,0,0.000749074289,0.000179296477,0,0,0,0.00121232926,0.00289989556,0.00197721047,0,0.0155352637,0,0,0.00323704058,0,0.00203142319,0,0.00363451638,0.00836132025,0.0112863798,0.0163857902,0.00503793918,0.0019502132,0.00624377843,0.0372432613,21.1523773,23.4832315,24.4958754,26.1080038,26.3522938,24.7346004,23.6128706,24.5133834,23.4824494,23.0510806,22.6805003,22.6897643,21.3505848,21.679382,20.4831452,20.7282895,19.8023227,19.8193676,19.1046373,18.6549918,17.7863491,17.1572665,16.2482851,14.8460288,13.2095573,13.1189371,12.5777064,12.6611684,12.0745434,10.413642,6.22753007,4.15734567
evaluation/lori-asha_05/i24_cbr_5ms_320k/master.wav,evaluation/lori-asha_05/i24_cbr_5ms_320k/rust.wav,4.72722662,0.997330827,0.999561801,0.999859629,0.999822573,0.999834817,0.99979695,0.99964852,0.999741213,0.999836524,0.999777011,0.999810221,0.999853983,0.99981809,0.999602297,0.999584578,0.999564098,0.999323386,0.999126245,0.999374319,0.999235773,0.999421352,0.999305255,0.999311623,0.999502972,0.999319637,0.998819709,0.998421438,0.998440891,0.999338835,0.999851696,0.998728942,0.993822164,0.98276883,0.998208372,0.999760148,0.999552048,0.999176431,0.999015949,0.999132354,0.999259196,0.999701823,0.999380907,0.99958277,0.999657354,0.999608705,0.999006222,0.998069193,0.998590616,0.998457201,0.996903924,0.998877682,0.998052565,0.998504204,0.99744899,0.996380889,0.998385659,0.997419749,0.995114978,0.994687795,0.992929862,0.998536087,0.99976912,0.991503231,0.945006394,0.0131501797,0.00232279985,0,0,0,0,0.00159086792,0,0.000592842803,0.000604461649,0,0,0,0,0.00135564962,0.000459107456,0,0.000447712117,0,0,0.00162439161,0.00160599124,0.00348948268,0.000740264619,0.00182922309,0.00447223551,0.00601988069,0.00585014643,0.00172635394,0.000976130062,0.00673368127,0.0359356564,21.0378141,23.4316157,24.4498146,26.0808087,26.3281631,24.7066938,23.5860396,24.4815945,23.4269352,23.0110256,22.6301473,22.6466809,21.2936721,21.6206305,20.4414283,20.6509482,19.7331154,19.788277,19.0654813,18.6345962,17.7559376,17.1066909,16.1631683,14.762747,13.1262324,13.037641,12.5175413,12.6162775,12.026961,10.3642847,6.18230782,4.10452645
evaluation/lori-asha_05/i24_cbr_5ms_320k/master.wav,evaluation/lori-asha_05/i24_cbr_5ms_320k/c.wav,4.72745277,0.997195852,0.999600887,0.999869894,0.999850715,0.999830286,0.999799573,0.999635866,0.999716047,0.999837639,0.999738987,0.999729947,0.999833429,0.999815121,0.999556569,0.999558178,0.999628441,0.999378728,0.999213477,0.999292358,0.999110012,0.999389633,0.99947406,0.99957141,0.999605913,0.999253785,0.998613778,0.998762596,0.998709562,0.999437411,0.999858571,0.998743327,0.993639151,0.990562526,0.998608278,0.99976606,0.999485112,0.999191954,0.999198774,0.999395956,0.99922151,0.999556681,0.999299835,0.999014773,0.999535515,0.999528418,0.99847539,0.998199687,0.998943552,0.998237743,0.998244786,0.998008853,0.997431057,0.998050191,0.998511425,0.998368264,0.998615994,0.996994748,0.993282579,0.99487727,0.995989884,0.99858442,0.999756654,0.992334396,0.944109946,0.0126748714,0.00182653807,0,0,0,0.00118890874,0.0015163178,0,0,0,0,0,0,0,0,0,0,0.000849914419,0,0,0,0,0,0,0.00326866576,0.00545895162,0.00419600593,0.00441579476,0.00111323347,0.000640673948,0.00570196447,0.0345103198,21.0774252,23.473701,24.4712354,26.0745859,26.3214227,24.7154165,23.5896985,24.4946173,23.4479131,23.0507519,22.6712305,22.6847548,21.33401,21.6666734,20.4858874,20.7226177,19.7618014,19.8005647,19.1007516,18.6460025,17.7624557,17.139469,16.2021832,14.8150442,13.1653628,13.0889728,12.5519095,12.6438023,12.0641379,10.410152,6.21373651,4.11533784
evaluation/lori-asha_05/i24_vbr_5ms_192k/master.wav,evaluation/lori-asha_05/i24_vbr_5ms_192k/rust.wav,4.70665396,0.992694515,0.99867459,0.999632222,0.999531305,0.999558069,0.999438056,0.99842763,0.999105387,0.99939131,0.998926142,0.998746711,0.998827757,0.998473304,0.997086494,0.997348302,0.996642141,0.99529839,0.992237712,0.996260513,0.994799223,0.994768433,0.996023502,0.996572259,0.996140785,0.993885765,0.991492351,0.990092234,0.989104581,0.99606909,0.998653367,0.995682837,0.982089197,0.968481775,0.992967775,0.999446573,0.998358718,0.997925793,0.997815525,0.99592957,0.997431156,0.998750158,0.996931924,0.997310236,0.997522368,0.996631665,0.994478339,0.987194267,0.988763168,0.984606708,0.95902611,0.994422747,0.989417388,0.983692774,0.986196021,0.986716655,0.983531312,0.970579516,0.960242325,0.957517589,0.946236666,0.986343508,0.99643154,0.985749657,0.92629709,0.0287619822,0.00608817599,0.000448603144,0,0,0,0.00456558793,0,0.0012150485,0.000497152765,0,0.00155813746,0.00257516149,0.00698454339,0.00964699787,0.0103116347,0.00850095038,0.0385507336,0.00425420824,0.0102092858,0.0130292602,0.00604072885,0.00805101221,0.0101456239,0.0235528597,0.0237247991,0.0274337495,0.0304092743,0.00913144742,0.00485431934,0.0138864388,0.0581507355,21.0148323,23.4628657,24.4626802,26.1177146,26.3606557,24.7654814,23.6449923,24.5459019,23.5010266,23.0834553,22.7123751,22.7239511,21.3906563,21.7165238,20.5386141,20.7616147,19.7966018,19.8662012,19.1328044,18.6873447,17.8290803,17.1882733,16.269719,14.8766078,13.2419629,13.1491488,12.6252045,12.7059393,12.1216469,10.4408946,6.30780633,4.23803991
evaluation/lori-asha_05/i24_vbr_5ms_192k/master.wav,evaluation/lori-asha_05/i24_vbr_5ms_192k/c.wav,4.70594259,0.993483987,0.998391459,0.999630356,0.999557585,0.999548407,0.999440747,0.998540986,0.99896146,0.999307775,0.999199748,0.998957617,0.998906902,0.998881297,0.997317253,0.998019664,0.997307324,0.99616017,0.995208963,0.995954074,0.994897867,0.996346464,0.996796449,0.996891467,0.996627518,0.994059501,0.989781957,0.988857642,0.986660976,0.996381544,0.998732316,0.996756851,0.985948668,0.970009151,0.994085046,0.999515033,0.998917906,0.998058116,0.998308133,0.99714868,0.997393748,0.998410052,0.998273736,0.997975455,0.99773087,0.998223371,0.993253493,0.994897164,0.991994647,0.990591053,0.98692178,0.993029304,0.988695436,0.99072972,0.993911768,0.985680216,0.983993045,0.967143675,0.945212917,0.944613831,0.933137878,0.990442773,0.995716122,0.989586627,0.941529984,0.0200202931,0.00685999743,0.000855985023,0,0,0.00116691532,0.00430235639,0,0.00171195692,0,0.000637033054,0.00114852623,0,0.00517877727,0.00288391856,0.00456142878,0.00575931173,0.00940609354,0.00592783317,0.0119012859,0.00763181892,0.00612087245,0.0109769459,0.0137498529,0.0255002513,0.0387085835,0.0302634566,0.0415747579,0.00831233372,0.00489289617,0.0104245309,0.049739687,21.0154434,23.4311237,24.4816315,26.1116953,26.349376,24.7715847,23.6427596,24.5717439,23.5203162,23.089721,22.7045297,22.7299852,21.3958558,21.7266717,20.5418217,20.7674674,19.8154341,19.8636576,19.1407749,18.699324,17.8219074,17.2065956,16.2754005,14.8887218,13.2566703,13.1517697,12.6132754,12.6968949,12.1114211,10.4594187,6.29549404,4.22961184
evaluation/lori-asha_05/i24_vbr_5ms_256k/master.wav,evaluation/lori-asha_05/i24_vbr_5ms_256k/rust.wav,4.72336492,0.996814134,0.999433879,0.999759837,0.999704636,0.999531138,0.999648738,0.99930216,0.999379483,0.999587877,0.99948267,0.999615742,0.999692028,0.999600081,0.999101311,0.998894981,0.998589544,0.99804098,0.997855551,0.998588531,0.99831461,0.998721258,0.998888111,0.998976159,0.998990378,0.998594852,0.997440123,0.99666498,0.996049213,0.998569859,0.999679947,0.998492151,0.992860801,0.983843623,0.997835967,0.999282101,0.99865023,0.9964765,0.99811618,0.998449548,0.998485177,0.999062072,0.998636285,0.999145248,0.999395583,0.998875159,0.998051027,0.994151109,0.995589958,0.994603657,0.994020565,0.997689651,0.996270567,0.996844689,0.997671567,0.99680642,0.995838983,0.994785026,0.990673334,0.987291213,0.986179549,0.996407179,0.998859327,0.991473201,0.942038666,0.014669906,0.00275893629,0,0,0,0,0.00251600949,0,0.000331397084,0,0,0,0,0.00125735669,0.00440063905,0.0027024784,0,0.00208833648,0,0,0.00255866185,0,0.00192738893,0.00309750557,0.00534068067,0.00817044529,0.0109980789,0.0111550111,0.00425518903,0.0020325609,0.00709817122,0.0377100927,20.9638393,23.4046236,24.4494907,26.0873973,26.3273831,24.7384774,23.6022687,24.52006,23.4845222,23.0520184,22.6656174,22.6854106,21.3541688,21.6927055,20.499853,20.7375357,19.7627229,19.8222428,19.0908218,18.6347294,17.7661095,17.1626411,16.2398464,14.8404292,13.1935479,13.1030414,12.5569542,12.6480134,12.0647144,10.4000477,6.22158977,4.09399126
evaluation/lori-asha_05/i24_vbr_5ms_256k/master.wav,evaluation/lori-asha_05/i24_vbr_5ms_256k/c.wav,4.72295136,0.996703111,0.999413818,0.99981617,0.999757097,0.999746079,0.999713584,0.99925022,0.999560127,0.9997129,0.999544714,0.999533149,0.999675535,0.999682604,0.999163784,0.999027133,0.998889215,0.998188266,0.99706276,0.998571015,0.998299613,0.998848849,0.998819199,0.99900726,0.999097087,0.998681209,0.997659456,0.997023408,0.995348749,0.998306628,0.999606281,0.998384506,0.992436036,0.986487277,0.997753978,0.999704525,0.999426211,0.998872465,0.998982058,0.998526889,0.999020602,0.999273274,0.998099802,0.998751436,0.999539264,0.999149689,0.998226916,0.994869399,0.99639675,0.995405414,0.980499977,0.996927637,0.994017347,0.996777205,0.997095195,0.996178101,0.997981962,0.995100998,0.989269959,0.986666819,0.983489744,0.994482607,0.999047312,0.99229458,0.955854662,0.0112527812,0.00281354608,0.000446651889,0,0,0.00138824145,0.00265397976,0,0.000957474719,0.00202246017,0,0,0,0.00208097185,0.00323160941,0.00179303334,0.00108926704,0.0172710536,0,0,0.00189842416,0,0.00250499429,0.001624085,0.00426441784,0.0079516508,0.010246686,0.013490939,0.00582344496,0.00207854921,0.00640873343,0.0401929249,21.1077799,23.4623768,24.4708886,26.0832857,26.3320043,24.7180107,23.5893989,24.4980027,23.4595628,23.0249952,22.6584012,22.672342,21.329029,21.6584638,20.4609137,20.7022237,19.7721491,19.7933579,19.088402,18.6352098,17.7713847,17.1395013,16.2223733,14.8230733,13.1863297,13.0999921,12.5523964,12.6363775,12.0536882,10.3956442,6.21783843,4.14021482
evaluation/lori-asha_05/i24_vbr_5ms_320k/master.wav,evaluation/lori-asha_05/i24_vbr_5ms_320k/rust.wav,4.72706608,0.996150027,0.999474214,0.999858548,0.999822538,0.999842339,0.999807848,0.999579066,0.999720244,0.999803883,0.999770001,0.999762548,0.999827653,0.999794851,0.999577172,0.999553469,0.999611786,0.999347983,0.999146175,0.999326473,0.999140137,0.99948721,0.999499592,0.999408669,0.999458068,0.999237007,0.998552084,0.998444962,0.998611247,0.999343586,0.999837633,0.998744892,0.993530757,0.982354479,0.998220677,0.999759488,0.999563042,0.999210229,0.998971643,0.998527191,0.999199842,0.999555597,0.999359491,0.999289821,0.999592759,0.99950002,0.998866323,0.997833025,0.999043769,0.998578253,0.998121017,0.998410007,0.997379319,0.998869799,0.998273102,0.997343936,0.998552087,0.995850513,0.991597911,0.994041769,0.992872399,0.997840403,0.999653914,0.991542582,0.942745337,0.0171379916,0.00278426565,0,0,0,0,0.00186954345,0,0,0,0,0,0,0,0.00142461325,0,0,0.00162875348,0,0,0.000776308277,0,0.00259945492,0.00160094017,0.00444578665,0.00706401818,0.00580073336,0.00563165325,0.00166184409,0.00113424517,0.00660791743,0.0377308719,21.0218753,23.3920448,24.4170245,26.0728519,26.308564,24.7001258,23.5897481,24.4698118,23.5040884,23.0186096,22.6710445,22.65499,21.3204392,21.6253276,20.4378823,20.6759643,19.7251009,19.7510011,19.0772871,18.6347987,17.7553513,17.1464114,16.2732986,14.9047661,13.2731474,13.1833744,12.6407147,12.6960119,12.089323,10.434739,6.21667398,4.11914334
evaluation/lori-asha_05/i24_vbr_5ms_320k/master.wav,evaluation/lori-asha_05/i24_vbr_5ms_320k/c.wav,4.72786966,0.997576576,0.999536222,0.99987261,0.999823748,0.999806366,0.99982607,0.999616114,0.999763034,0.999859117,0.999789408,0.999777689,0.999851825,0.999799563,0.999561518,0.99965215,0.99964765,0.999320565,0.998898596,0.999374983,0.999133221,0.999431605,0.999471444,0.99948358,0.999552475,0.999395266,0.998875535,0.998750081,0.998728898,0.999358992,0.999859675,0.998767541,0.994861008,0.987231869,0.997542704,0.999780371,0.999512595,0.998721189,0.999396869,0.999401442,0.999567881,0.999722492,0.999509138,0.999490783,0.999626366,0.999191689,0.999000845,0.998657662,0.998887972,0.998177347,0.994923571,0.998817895,0.996885686,0.99842291,0.997870551,0.997996625,0.998490662,0.997986203,0.994982945,0.99461657,0.995700767,0.998155968,0.999704577,0.992287134,0.958710092,0.00890147226,0.00230817517,0,0,0,0,0.00173561188,0,0,0,0,0,0.000613827132,0,0,0,0,0.00504442276,0,0,0,0,0,0,0.00221532238,0.00448906736,0.00473365138,0.00455660787,0.00175601399,0.000601329021,0.00565905461,0.0293762056,21.0952852,23.4786622,24.4686829,26.09311,26.3303106,24.7194044,23.6012942,24.4906814,23.4508642,23.0334422,22.6677719,22.6806369,21.3245737,21.6521474,20.4645367,20.6792741,19.752244,19.7947279,19.0882442,18.6420212,17.7711138,17.1406267,16.2072149,14.8187651,13.178664,13.0941981,12.5547508,12.6424148,12.0587798,10.4024091,6.21108936,4.12555336
evaluation/nocturnal-animals_01/i16_cbr_5ms_192k/master.wav,evaluation/nocturnal-animals_01/i16_cbr_5ms_192k/rust.wav,4.14668081,0.986289421,0.998861433,0.99960812,0.999701194,0.999762318,0.999588095,0.999641328,0.99933337,0.998488981,0.999169887,0.999572163,0.999761909,0.99958616,0.998868171,0.996758126,0.997662533,0.998169209,0.998241995,0.99853546,0.998235281,0.998193971,0.998122756,0.994245223,0.993446228,0.991252891,0.973411232,0.965013469,0.964038571,0.950112462,0.913137866,0.295971259,0.13465701,0.932108235,0.994092113,0.999196253,0.999155332,0.999389148,0.999041258,0.999343877,0.998689145,0.994084734,0.998575423,0.998510298,0.999295444,0.998481545,0.99671951,0.987308473,0.994091042,0.995539653,0.996034612,0.995863956,0.994000106,0.994652491,0.992962576,0.986881675,0.948083959,0.936533608,0.892401716,0.857647641,0.886626747,0.858322143,0.731495148,-0.194547369,-0.142401578,0.0634606527,0.00284882274,0.00109187329,0,0,0.00132314681,0,0.00290034354,0.00836052695,0.00228432188,0,0,0.00145804643,0,0.00638300657,0,0.00194437807,0.00478499233,0.00436727139,0.00481707198,0.00630441347,0.00561592159,0.00802302657,0.0230309463,0.0261791698,0.0535377329,0.0707918224,0.0795862585,0.110396156,0.149528805,0.494704754,0.435678688,15.9146556,17.0212004,21.0620607,22.0016265,24.5114496,22.9682467,22.3330488,20.7066534,20.1651863,19.1787923,19.3977793,20.8096454,17.8569687,16.5572067,16.977287,16.8126287,16.3941099,14.5697343,16.1431686,14.4250072,14.2420573,12.0154016,11.4229786,10.7145279,7.99452515,7.51110709,6.65633042,5.92055691,5.27823169,4.43064567,3.71557638,1.09695598
evaluation/nocturnal-animals_01/i16_cbr_5ms_192k/master.wav,evaluation/nocturnal-animals_01/i16_cbr_5ms_192k/c.wav,4.14146986,0.989036709,0.999050792,0.999648966,0.999743427,0.999788566,0.999633722,0.999683242,0.999395003,0.998718364,0.999144281,0.999536291,0.999730703,0.999528504,0.998822569,0.996750491,0.997518694,0.997870881,0.997607931,0.998501326,0.998193715,0.997774849,0.997975616,0.99365587,0.994594395,0.990630373,0.978757796,0.969151111,0.962366924,0.947512962,0.899475685,0.293946622,0.134303687,0.949500115,0.9958552,0.99921461,0.999290147,0.999196392,0.999102012,0.999294932,0.998567125,0.996241049,0.998445031,0.998607493,0.999356631,0.998327147,0.99708542,0.98884373,0.992642303,0.993453066,0.991254834,0.996261666,0.993892961,0.989491185,0.993386205,0.976669991,0.964575353,0.923416072,0.935266819,0.88111833,0.891470802,0.785175737,0.654174942,-0.183473597,-0.182384786,0.0568000331,0.00234601724,0.00142164949,0,0,0.00126451752,0.00130585423,0.00255690565,0.00532631529,0.00197526255,0,0,0.00135572787,0,0.000652419656,0,0,0.00855795346,0.00417899347,0.00505642545,0.00898544411,0.00536828185,0.0149162072,0.0168148673,0.0399249708,0.0412388999,0.0531498441,0.0744499942,0.138254626,0.198640936,0.494512128,0.438845599,16.026721,17.1165839,21.1730686,22.1256476,24.630043,23.0849181,22.439404,20.8283405,20.2833393,19.2869538,19.5173801,20.9288626,17.9778828,16.66932,17.0944592,16.9289774,16.4938054,14.6871984,16.2522727,14.5460392,14.3537494,12.1271174,11.5215476,10.8298576,8.12573532,7.63127573,6.79030627,6.03755918,5.38041797,4.53159225,3.80863537,1.16243729
evaluation/nocturnal-animals_01/i16_cbr_5ms_256k/master.wav,evaluation/nocturnal-animals_01/i16_cbr_5ms_256k/rust.wav,4.22068155,0.99201014,0.999170203,0.999661113,0.999796133,0.999870275,0.999754691,0.999753586,0.999577336,0.999337983,0.999520017,0.999743011,0.999876889,0.999835559,0.999537723,0.998957434,0.999094889,0.999215105,0.999068844,0.999325446,0.999248079,0.999248002,0.999260351,0.998125515,0.998167599,0.996729213,0.992035513,0.991169282,0.987819778,0.978260547,0.970319566,0.298035429,0.129410755,0.953186562,0.996826688,0.999144289,0.999401841,0.999646278,0.999526142,0.999426442,0.999270445,0.99818701,0.999127837,0.999103375,0.999711799,0.999561415,0.99860538,0.996709555,0.997645098,0.99759994,0.996981013,0.997401051,0.996910539,0.997088617,0.997125073,0.996515282,0.987685037,0.973739775,0.973149624,0.964420925,0.961461183,0.928556879,0.9136811,-0.178130298,-0.14536251,0.0409479947,0.00173890677,0.00124524228,0,0,0,0,0.0017288871,0.00334394822,0.00176486336,0,0,0,0,0,0,0,0.00320962636,0.00279221434,0.00298292308,0.00394032176,0.00364970535,0.00167189553,0.00763347175,0.0128647282,0.0211630874,0.0117059973,0.0243984095,0.0486752675,0.0543407048,0.493596703,0.421272786,15.8442767,16.9636197,20.9799383,21.9694423,24.4356372,22.9052688,22.2860178,20.6764497,20.14456,19.1489134,19.3693172,20.7905513,17.884115,16.5117362,16.9298164,16.7585666,16.3407805,14.5163172,16.1028237,14.3937624,14.203596,11.9524658,11.3875112,10.6892052,7.96255867,7.4771005,6.6315738,5.88071715,5.22395289,4.37694738,3.67067831,1.00062588
evaluation/nocturnal-animals_01/i16_cbr_5ms_256k/master.wav,evaluation/nocturnal-animals_01/i16_cbr_5ms_256k/c.wav,4.21542287,0.991820147,0.998992532,0.999729509,0.99978247,0.999862485,0.999707796,0.999773965,0.999605843,0.999281828,0.999545946,0.999787061,0.999903256,0.999849428,0.9995607,0.998922275,0.998999169,0.99908341,0.998803128,0.999203881,0.999380595,0.999239765,0.999272793,0.997911317,0.997442475,0.995871079,0.990902022,0.987297098,0.98778054,0.980699566,0.967053751,0.288838059,0.132377307,0.957831454,0.994337357,0.999486758,0.999467566,0.999608692,0.999207764,0.999539086,0.998958803,0.998230199,0.999166675,0.999574164,0.999806269,0.999489789,0.998732961,0.996287172,0.99754262,0.997901577,0.99673122,0.997480731,0.998533617,0.997777533,0.997196912,0.994981817,0.978329226,0.964764032,0.96552559,0.953234238,0.961497977,0.935675949,0.873805825,-0.188563192,-0.142157967,0.039568003,0.00366337804,0.00132193919,0,0,0.00112724659,0.000470386824,0.0020613861,0.00352226947,0.0019974735,0,0,0.000613284726,0,0,0,0.000788945202,0.00494603701,0.00310373147,0.00187148394,0.0039107882,0.00345843651,0.00480663763,0.00997280613,0.0152734077,0.0204638224,0.0205155406,0.0207026971,0.0376086726,0.0789542996,0.489364412,0.418573488,15.8545484,16.9602382,21.022092,22.0030835,24.524693,22.9350603,22.3030236,20.6977255,20.1545534,19.1588914,19.3810398,20.795089,17.8311329,16.5362465,16.9803519,16.7978853,16.376425,14.5660907,16.1171322,14.3845193,14.2248825,11.9936816,11.4068427,10.6911155,7.98232435,7.49228418,6.64138573,5.90195466,5.24448953,4.37860917,3.67475649,1.0267656
evaluation/nocturnal-animals_01/i16_cbr_5ms_320k/master.wav,evaluation/nocturnal-animals_01/i16_cbr_5ms_320k/rust.wav,4.23835547,0.995868413,0.99952819,0.999798068,0.999856238,0.99989837,0.999825739,0.999855757,0.999771715,0.999577857,0.999785201,0.999895715,0.999956777,0.999933694,0.999796191,0.999530104,0.999614352,0.99970143,0.999671684,0.999738642,0.999567094,0.999683363,0.999682748,0.999092941,0.999165342,0.998487694,0.996057381,0.995105131,0.994787052,0.991344529,0.984401162,0.291298982,0.125009709,0.988936477,0.998658526,0.999504314,0.999359841,0.999624054,0.999613854,0.999702885,0.999506828,0.998458924,0.999538256,0.999739088,0.999899479,0.999788738,0.999533195,0.99887992,0.998937725,0.999202265,0.999293197,0.999376132,0.998331152,0.999088204,0.998905467,0.998218066,0.99491525,0.98853754,0.989090167,0.984507654,0.984338711,0.977587806,0.94159376,-0.179435741,-0.157078424,0.00633869362,0.000438323907,0.00105300139,0,0,0,0,0.00135886164,0.00307354224,0.00139057604,0,0,0.000469187827,0,0,0,0,0.00183895946,0.00147958247,0.00248611277,0.00212489852,0.00177161647,0.00135752393,0.00311965381,0.00599786161,0.00676081694,0.00866800512,0.00750620252,0.017124015,0.0369854722,0.492537746,0.410477663,15.8126164,16.91412,20.9630232,21.9497599,24.3548353,22.8484199,22.243656,20.6425392,20.1108413,19.1118865,19.344968,20.7307931,17.8488836,16.4763942,16.8958832,16.7097942,16.274565,14.4956,16.0425624,14.3557675,14.1522126,11.9103952,11.3149794,10.6249986,7.89850099,7.41158919,6.56840722,5.83506064,5.19345505,4.32946563,3.62342396,0.958494732
evaluation/nocturnal-animals_01/i16_cbr_5ms_320k/master.wav,evaluation/nocturnal-animals_01/i16_cbr_5ms_320k/c.wav,4.23835757,0.993896379,0.999377197,0.999816401,0.999844755,0.99989292,0.999821291,0.999871858,0.999780069,0.999669026,0.999762478,0.999894437,0.999957485,0.999932261,0.999774529,0.999448843,0.999601529,0.999664978,0.999418567,0.999641362,0.999546865,0.999619144,0.999624567,0.999040244,0.999372428,0.998587969,0.995624246,0.994511475,0.994481306,0.990672341,0.985403786,0.290809639,0.128143838,0.97248737,0.996748052,0.999662332,0.999596352,0.999687881,0.999556301,0.999788317,0.999633454,0.999014857,0.999410793,0.999685992,0.999903011,0.999784442,0.999388209,0.998587877,0.998958819,0.999185655,0.996821856,0.999008484,0.998593938,0.999057035,0.998559037,0.997648504,0.997018989,0.990564069,0.98755591,0.983173324,0.984933852,0.973909161,0.929505498,-0.190229252,-0.150723954,0.0192865588,0.00228946145,0.00118502094,0,0,0,0.000193239496,0.00138233768,0.00234458139,0.0015612108,0,0,0.00047116048,0,0,0,0,0.00440094592,0.00172855999,0.00245432632,0.00245264954,0.00221148063,0.00114596652,0.00189367133,0.00523213923,0.00556936753,0.0060729266,0.00882769743,0.0183028816,0.0383281547,0.49421554,0.404723096,15.7459137,16.8626706,20.9074903,21.8939378,24.299473,22.7943367,22.1886672,20.5919752,20.0515441,19.0512981,19.2909865,20.6802382,17.790195,16.4187354,16.8397081,16.6496246,16.2175747,14.4352143,15.9880244,14.3038378,14.0947286,11.8517248,11.2661444,10.5655468,7.83513916,7.35533132,6.52129576,5.77600383,5.13090769,4.2633487,3.56005261,0.909908675
evaluation/nocturnal-animals_01/i16_vbr_5ms_192k/master.wav,evaluation/nocturnal-animals_01/i16_vbr_5ms_192k/rust.wav,4.14317476,0.990141161,0.998898733,0.9995625,0.999710301,0.999789802,0.99959104,0.99965125,0.999339446,0.998871802,0.999279971,0.99958834,0.999757529,0.999569588,0.998711127,0.996810047,0.997616792,0.998204655,0.997829485,0.998494973,0.998129515,0.998143995,0.998433609,0.995222009,0.995884506,0.992323799,0.976997187,0.968738154,0.963734054,0.942168511,0.904074645,0.301461098,0.131293691,0.965420727,0.99452394,0.998821249,0.999429541,0.999463266,0.999197904,0.999386929,0.998705051,0.996480068,0.998397625,0.998852673,0.999523302,0.998913626,0.996823383,0.985710323,0.993818967,0.995128551,0.994227922,0.996333438,0.996027185,0.993755741,0.994798282,0.987566478,0.973664551,0.949837929,0.922057816,0.902715614,0.906913398,0.833502221,0.733917994,-0.167436717,-0.14673126,0.0269461264,0.00215844307,0.00163058634,0,0,0,0,0.00263924485,0.00456388314,0.00233228307,0,0,0.00155206905,0,0.00557501756,0,0,0.00742157024,0.00469000707,0.00537738888,0.00642899602,0.0043528651,0.00626457725,0.0104716309,0.0218696017,0.0465368206,0.0551687184,0.0719091209,0.122664401,0.158506089,0.491313372,0.422088427,15.8662894,16.953251,20.9890675,21.9384618,24.4434022,22.9095746,22.274323,20.6683739,20.1320692,19.1448165,19.340156,20.7866437,17.8364187,16.5111994,16.925856,16.7619163,16.3519926,14.5146777,16.1038829,14.383633,14.2118245,11.9587329,11.3906384,10.6806342,7.9583621,7.46274718,6.62018982,5.87908976,5.24466495,4.38735456,3.6567142,1.01977943
evaluation/nocturnal-animals_01/i16_vbr_5ms_192k/master.wav,evaluation/nocturnal-animals_01/i16_vbr_5ms_192k/c.wav,4.12981767,0.988637306,0.99879353,0.999525232,0.999691146,0.999774841,0.999508741,0.999631388,0.999437386,0.998688377,0.999074634,0.999539668,0.999760158,0.999559022,0.99880596,0.997469777,0.997972831,0.997966124,0.997832948,0.998412296,0.998363653,0.998098226,0.998151947,0.994665488,0.993323491,0.989203238,0.975229983,0.965359579,0.966300209,0.940315752,0.89266333,0.293238252,0.122124788,0.943030536,0.993695997,0.998851049,0.999118598,0.999426539,0.998554066,0.999143989,0.999002852,0.994440718,0.998214736,0.998891544,0.999493286,0.998236632,0.997301807,0.993784086,0.994669467,0.994860984,0.994356828,0.995191518,0.995896165,0.995098102,0.993178195,0.985994505,0.948008601,0.909189152,0.925541659,0.873651472,0.901718459,0.804653913,0.617425724,-0.174276796,-0.157971506,0.0716533306,0.00321485788,0.00198134229,0,0,0.00165252819,0,0.00169647655,0.0065176254,0.00243889167,0,0,0.00155195925,0,0,0,0,0.00622284093,0.00507153031,0.00488195364,0.00683994801,0.00579882965,0.0102064013,0.0315419709,0.0431730011,0.0478239231,0.0671637516,0.0713626585,0.139738992,0.195298647,0.489689202,0.421702258,15.8575141,16.9428865,20.9767919,21.9655797,24.4273753,22.8975327,22.2780252,20.6610242,20.1384048,19.1420331,19.3650744,20.776629,17.8743143,16.501314,16.9280763,16.7626145,16.3311254,14.5160604,16.0916974,14.4077056,14.203307,11.9515885,11.3767026,10.6715703,7.97756772,7.47357048,6.63551821,5.87182136,5.21079423,4.3802264,3.6812155,1.01238157
evaluation/nocturnal-animals_01/i16_vbr_5ms_256k/master.wav,evaluation/nocturnal-animals_01/i16_vbr_5ms_256k/rust.wav,4.21937599,0.991930321,0.999157973,0.999717928,0.999804418,0.999863413,0.999746269,0.999720066,0.99956746,0.999270348,0.999482833,0.999751282,0.999896935,0.99983523,0.999507929,0.998996432,0.999027171,0.999157509,0.999168877,0.999411748,0.999317743,0.999429557,0.999395022,0.998036212,0.998049504,0.997231091,0.990513714,0.989343661,0.988457363,0.982002351,0.967295246,0.296014101,0.127786035,0.944896187,0.996354418,0.999387865,0.999303605,0.999568613,0.999203388,0.999528953,0.998913759,0.997519175,0.998961457,0.99925163,0.999755829,0.999480037,0.99825554,0.996015187,0.998249382,0.997507402,0.998040569,0.998374224,0.997798996,0.997716957,0.997928466,0.995393605,0.987096681,0.97924478,0.966302313,0.964762727,0.969898842,0.943065256,0.876570907,-0.175254901,-0.135314707,0.0537624412,0.00262119246,0.00114030098,0,0,0.000504106619,0,0.00207828242,0.00393312967,0.00192042297,0,0,0,0,0,0,0,0.00262370492,0.00247362629,0.00261586536,0.00315505411,0.00288660409,0.00242718703,0.00775489266,0.00922800198,0.0263511698,0.0175298414,0.0203831092,0.0439515247,0.0658270412,0.496726414,0.412617099,15.8104265,16.923897,20.9413281,21.9313944,24.3983592,22.8655363,22.2482807,20.6345466,20.1042773,19.111505,19.3277517,20.7496479,17.8430433,16.4704629,16.8866703,16.7112968,16.2938531,14.4790754,16.0607846,14.3515609,14.1608693,11.9155194,11.3492031,10.6462896,7.9226713,7.43524864,6.58856302,5.83663227,5.18481119,4.33118537,3.60836431,0.946719037
evaluation/nocturnal-animals_01/i16_vbr_5ms_256k/master.wav,evaluation/nocturnal-animals_01/i16_vbr_5ms_256k/c.wav,4.21371586,0.991136867,0.999127474,0.999754657,0.999837875,0.999865302,0.999747621,0.999798554,0.999597977,0.99914265,0.999493453,0.999749003,0.9998975,0.999839341,0.999649099,0.998773419,0.998905521,0.999042663,0.998761612,0.999243364,0.999272399,0.999352624,0.999297514,0.997931729,0.997677923,0.996767039,0.992458968,0.988310846,0.987606815,0.979259904,0.962246177,0.287581655,0.134137594,0.945549057,0.99560575,0.999395991,0.999708315,0.99956976,0.999486767,0.999625575,0.999192248,0.997672676,0.99892945,0.999362527,0.999756963,0.999192098,0.999165954,0.996126452,0.997260318,0.997467319,0.995632649,0.997855756,0.998080511,0.997984324,0.998131563,0.995151714,0.982332759,0.978956903,0.975787584,0.972560408,0.958268149,0.921192895,0.849294756,-0.184711521,-0.141299748,0.0372618831,0.00272328684,0.00072451069,0,0,0,0,0.00226302634,0.004612008,0.00208528541,0,0,0.000904520047,0,0,0,0,0.00495334197,0.00312001475,0.00283599548,0.00336955893,0.00312607161,0.00420147766,0.008949471,0.010345447,0.0124561864,0.0193376203,0.0271811817,0.0497056692,0.0833109853,0.48804838,0.425895516,15.9154832,17.0156944,21.0724675,22.0491325,24.5694468,23.0076833,22.3719427,20.7398754,20.1805569,19.1907912,19.4251569,20.8327648,17.8808016,16.5778616,16.9979651,16.836394,16.4282634,14.6012499,16.1770197,14.4437467,14.2665701,12.0314856,11.4317182,10.7374952,8.0212006,7.53580519,6.68812403,5.94601772,5.29467773,4.4153548,3.72631565,1.07844586
evaluation/nocturnal-animals_01/i16_vbr_5ms_320k/master.wav,evaluation/nocturnal-animals_01/i16_vbr_5ms_320k/rust.wav,4.24016484,0.996432836,0.999564507,0.999809354,0.999854275,0.999894314,0.999841823,0.999858623,0.999741805,0.999540256,0.999766077,0.999897369,0.999959051,0.999927499,0.999825271,0.999543961,0.999646124,0.999704574,0.999652758,0.999756527,0.999664226,0.9996427,0.999584169,0.999034315,0.999281665,0.998767489,0.996035874,0.995450263,0.99478648,0.993203063,0.986697934,0.290861471,0.123769858,0.988266102,0.998613396,0.999454746,0.999444969,0.999670432,0.999742595,0.999720016,0.999465518,0.998067704,0.999266446,0.999683281,0.999894026,0.999714435,0.999546095,0.998573142,0.999096697,0.99915541,0.999168054,0.999357241,0.999188192,0.998848556,0.998066176,0.998037701,0.995486988,0.991529841,0.987175766,0.982335522,0.982085749,0.97835615,0.962350775,-0.196740434,-0.156203239,0.00677145909,0,0.00119285615,0,0,0,0,0.00150941836,0.00326598601,0.00137778173,0,0,0.000560431252,0,0,0,0,0.0013153733,0.00138592027,0.00137910974,0.00236511891,0.00225875878,0.00159106229,0.00244409303,0.00449313452,0.00659283736,0.00506479907,0.00848943494,0.0109951,0.0265053094,0.493196925,0.409578409,15.8034426,16.9077946,20.9540096,21.950867,24.3513231,22.8174304,22.2166548,20.6380449,20.1175551,19.1110569,19.3343119,20.7282139,17.8358674,16.4703182,16.9098912,16.7083942,16.265899,14.4862722,16.0147844,14.3357976,14.1412969,11.904793,11.3235103,10.6193867,7.89877281,7.40593055,6.56363452,5.82608651,5.1851398,4.32493075,3.60962949,0.947508633
evaluation/nocturnal-animals_01/i16_vbr_5ms_320k/master.wav,evaluation/nocturnal-animals_01/i16_vbr_5ms_320k/c.wav,4.23879728,0.991785009,0.999439858,0.999803933,0.999832123,0.999897295,0.999799768,0.999861425,0.999774089,0.999657826,0.999759933,0.999911997,0.999959434,0.999927664,0.999810768,0.999503139,0.999625977,0.999697014,0.999569031,0.999697082,0.99959392,0.999632727,0.999651611,0.999027283,0.999236396,0.99869261,0.995342329,0.994890463,0.994282729,0.991637986,0.983471879,0.29281528,0.128658689,0.967205493,0.997679018,0.99963233,0.999559336,0.999574506,0.999518537,0.999699289,0.999561934,0.999029515,0.999410671,0.999737099,0.999903837,0.999739364,0.999505804,0.998336398,0.999087483,0.998981117,0.997880932,0.998983349,0.999007566,0.998956966,0.998936711,0.997651007,0.995298862,0.991208717,0.983225157,0.984470372,0.984097301,0.972078853,0.9446164,-0.185407644,-0.153861542,0.0398355173,0.00184890353,0.0012484123,0,0,0,0,0.00121810673,0.0023613223,0.00165593889,0,0,0.000581918918,0,0,0,0,0.00313050799,0.00157323861,0.00237707966,0.0024044927,0.00184113047,0.00114748128,0.00271365871,0.00478644188,0.01015494,0.00149598903,0.00952166118,0.0153255817,0.0464354568,0.49041705,0.411729562,15.7760917,16.8959487,20.9449585,21.9461792,24.3724418,22.8528689,22.2550069,20.6441158,20.0931753,19.0924031,19.3410763,20.7234104,17.8427917,16.4724243,16.8863877,16.6963235,16.2784759,14.5000644,16.0467368,14.35876,14.1462983,11.9036311,11.3138886,10.6186628,7.89354228,7.40107688,6.56877341,5.82524642,5.17366327,4.31689638,3.60951061,0.961099817
evaluation/nocturnal-animals_01/i24_cbr_5ms_192k/master.wav,evaluation/nocturnal-animals_01/i24_cbr_5ms_192k/rust.wav,4.14918238,0.989031809,0.998896891,0.999589616,0.999729739,0.999767004,0.999645184,0.99964711,0.999294787,0.998520065,0.999150631,0.999536239,0.999745232,0.999622998,0.998793484,0.996251626,0.997482884,0.998154905,0.998219167,0.998566767,0.998241876,0.998242044,0.998191001,0.994204738,0.993738944,0.990242104,0.974137344,0.966966686,0.965803745,0.952228408,0.913137229,0.295414024,0.132915924,0.934661261,0.993745597,0.998767999,0.999491407,0.999363821,0.999158645,0.99945691,0.998507186,0.994343905,0.998699704,0.998482141,0.999262078,0.998897428,0.995488828,0.985148083,0.993243573,0.995661326,0.995605269,0.995971936,0.993987567,0.993982721,0.994073557,0.983594404,0.950859302,0.920884651,0.92055322,0.900034977,0.893024724,0.87778943,0.735873829,-0.210629571,-0.140046395,0.0567715902,0.00326647966,0.00102719094,0,0,0.00116083553,0.000529872969,0.00275722864,0.00793235858,0.00261793167,0,0,0.000536331183,0,0.00719683469,0,0.000643291013,0.00474710231,0.00419386295,0.00502975964,0.00615528527,0.00546661709,0.00966886949,0.020242134,0.0302889779,0.0440218273,0.057197735,0.0748888793,0.105176568,0.16602227,0.50113907,0.43310669,15.9435279,17.0466941,21.0853235,22.0243915,24.538636,22.9933679,22.3560005,20.7313073,20.1902306,19.206635,19.4202981,20.8318043,17.8742382,16.5768347,17.001591,16.8365419,16.4171145,14.589537,16.1632825,14.4450877,14.2611188,12.0318158,11.4546015,10.7457766,8.02209558,7.5369032,6.68009016,5.94307693,5.30393797,4.44439915,3.72628879,1.10376719
evaluation/nocturnal-animals_01/i24_cbr_5ms_192k/master.wav,evaluation/nocturnal-animals_01/i24_cbr_5ms_192k/c.wav,4.14167186,0.992447278,0.999070049,0.999567295,0.999685353,0.999790433,0.999530358,0.999639933,0.999321599,0.998804386,0.999177736,0.99959195,0.999720182,0.999572845,0.998806377,0.997555729,0.997761878,0.998101632,0.997918994,0.9983682,0.998126588,0.998088558,0.99814791,0.994696309,0.994299366,0.990166336,0.976732918,0.967210626,0.961825493,0.955072401,0.899514401,0.292926083,0.127267505,0.975618229,0.99633811,0.998798876,0.998964527,0.999429074,0.998704251,0.998931416,0.998011279,0.995761618,0.998290064,0.998805139,0.999130114,0.998613496,0.996230187,0.993132779,0.994623143,0.99390196,0.993125806,0.995577041,0.995456721,0.992736486,0.993803016,0.988032105,0.959116368,0.918029463,0.922625392,0.881531689,0.884947202,0.855666059,0.684546253,-0.180022713,-0.173283724,0.015151262,0.00157942546,0.00182117056,0,0,0.00174418521,0.00122711005,0.0027655621,0.00473695034,0.00230480021,0,0,0.00100076359,0,0,0,0,0.00655071569,0.00443761675,0.00414934348,0.00683655931,0.00533102079,0.00722553928,0.0197610419,0.0433612437,0.0409758546,0.0529474273,0.0795448422,0.0977921256,0.196179255,0.49904954,0.421093025,15.8893408,16.9844803,21.0344245,21.9846705,24.4828876,22.9457211,22.3107134,20.707827,20.1734761,19.1735361,19.3817668,20.8195689,17.876741,16.5478975,16.9727722,16.7996174,16.3874222,14.5564666,16.1411787,14.4221826,14.2493357,12.0008817,11.4111871,10.7163724,8.00639751,7.5025769,6.67773688,5.91851567,5.25304846,4.41529254,3.67384822,1.02623179
evaluation/nocturnal-animals_01/i24_cbr_5ms_256k/master.wav,evaluation/nocturnal-animals_01/i24_cbr_5ms_256k/rust.wav,4.21836448,0.991988748,0.99912687,0.999673504,0.999833743,0.999862991,0.999761156,0.99977596,0.999609402,0.999050285,0.999447102,0.999742353,0.999882829,0.999835669,0.999572922,0.998883852,0.999092785,0.999283269,0.99905976,0.999327406,0.999303425,0.999347896,0.999257747,0.99789606,0.998310986,0.996726385,0.992664324,0.990823865,0.986491479,0.97788945,0.969603329,0.295348138,0.128780703,0.954496016,0.996260344,0.999077836,0.999665476,0.999621653,0.999372984,0.999523842,0.99923144,0.995359543,0.998725873,0.999087896,0.999746288,0.999458387,0.998814665,0.995590789,0.997704232,0.997851527,0.996957415,0.997559768,0.996964973,0.997817443,0.997240887,0.994604542,0.989568902,0.975385691,0.974851355,0.961256157,0.950846458,0.937290109,0.920848192,-0.187808845,-0.14343442,0.0503807765,0.00261230487,0.00120870106,0,0,0,0,0.0016933868,0.00634506557,0.00234045315,0,0,0,0,0,0,0,0.00330586602,0.00300181722,0.002990404,0.00338873074,0.0036247625,0.00368630882,0.00483215485,0.0110457329,0.0173101373,0.0139087613,0.0294409418,0.0487227943,0.056018062,0.49535474,0.418737777,15.8289786,16.9430551,20.9606487,21.9519383,24.4163776,22.8855198,22.2678943,20.6549472,20.12615,19.1317282,19.3472732,20.7674711,17.8599323,16.491325,16.9093423,16.7393235,16.3174276,14.4947302,16.0802626,14.3730695,14.186302,11.933364,11.3688543,10.6701621,7.95018362,7.457474,6.61115593,5.86282193,5.20434072,4.35645923,3.64555889,0.977946062
evaluation/nocturnal-animals_01/i24_cbr_5ms_256k/master.wav,evaluation/nocturnal-animals_01/i24_cbr_5ms_256k/c.wav,4.21504959,0.991542924,0.999000428,0.999731724,0.999804714,0.999876225,0.999715945,0.999775031,0.999609315,0.999236487,0.999564491,0.999758244,0.9999018,0.999874449,0.9995461,0.998862795,0.998973383,0.999117918,0.999024284,0.999280039,0.999392824,0.99940341,0.999312022,0.997791821,0.9971963,0.996034176,0.990597844,0.986132151,0.987535837,0.980114465,0.967785555,0.289411142,0.133092226,0.957624995,0.994548332,0.999386023,0.999387997,0.999588707,0.999210824,0.999639972,0.999263219,0.996486898,0.999183473,0.999445405,0.999825492,0.999566701,0.998818924,0.996452412,0.997549678,0.997548882,0.997177634,0.997722311,0.998517296,0.997998634,0.997903759,0.994069228,0.976655314,0.967111338,0.965875652,0.935937915,0.954814096,0.930812706,0.875847536,-0.191765157,-0.148159328,0.0387115644,0.00350125675,0.00129159729,0,0,0.0010970633,0.000742988807,0.00216539138,0.00482342502,0.00188406358,0,0,0.000581751541,0,0,0,0,0.00321279335,0.00292241836,0.00205764674,0.00323753518,0.00319364116,0.00481037278,0.0129446078,0.0155177206,0.0204732839,0.029277202,0.0258049765,0.0381941382,0.0710158119,0.48927561,0.427134062,15.9275784,17.0369513,21.1028244,22.0810137,24.6049712,23.0147699,22.3845895,20.7771204,20.2333667,19.2376518,19.4580612,20.8727396,17.9105003,16.6160655,17.0576916,16.8759763,16.4518079,14.638104,16.1919627,14.4599406,14.304103,12.0723692,11.4834548,10.7684785,8.05988349,7.56395928,6.7198423,5.98008862,5.32392798,4.46391444,3.75906309,1.10915609
evaluation/nocturnal-animals_01/i24_cbr_5ms_320k/master.wav,evaluation/nocturnal-animals_01/i24_cbr_5ms_320k/rust.wav,4.23756415,0.995453046,0.999467289,0.9998001,0.99986633,0.999890773,0.999812897,0.999839141,0.999744733,0.999585028,0.999766915,0.999886237,0.999954132,0.99993772,0.999841657,0.999512834,0.99957551,0.99971339,0.99965386,0.99969937,0.999574486,0.999667115,0.999652624,0.999056942,0.99917961,0.998684902,0.99613586,0.994560263,0.994839832,0.99123268,0.984701839,0.286301117,0.129549613,0.976808789,0.997921975,0.999568579,0.999723465,0.99958221,0.999565693,0.999668955,0.999439938,0.998627544,0.999285665,0.999733808,0.999916372,0.99980547,0.999583048,0.998495875,0.998763637,0.999282365,0.998935596,0.999200176,0.998593458,0.999030496,0.999010289,0.998523439,0.994856256,0.990385391,0.988450374,0.982745074,0.98403754,0.970569722,0.945278926,-0.181907462,-0.158096557,0.0232949085,0.000950880354,0.00110886544,0,0,0,0,0.00150279858,0.00289897509,0.00154236886,0,0,0.000210591096,0,0,0,0,0.00200759893,0.00142559771,0.00234407187,0.0021646883,0.0020020203,0.000956000573,0.0030928279,0.00495819685,0.00687003698,0.0102559727,0.00827817596,0.0186544893,0.0327231954,0.490621041,0.419574955,15.8729544,16.9795362,21.0446558,22.054838,24.4863799,22.921099,22.3188443,20.7169253,20.1734982,19.1796553,19.4294669,20.7880985,17.894496,16.553592,16.9956161,16.7942542,16.3591929,14.589667,16.0967144,14.4216856,14.2128958,11.999933,11.3956085,10.6951368,7.98091963,7.49058303,6.6441949,5.91485542,5.26757901,4.39899124,3.69043109,1.03102906
evaluation/nocturnal-animals_01/i24_cbr_5ms_320k/master.wav,evaluation/nocturnal-animals_01/i24_cbr_5ms_320k/c.wav,4.23920714,0.994377985,0.999330761,0.999813708,0.999857316,0.999892655,0.999824056,0.999872594,0.999793928,0.999670394,0.999762953,0.999905674,0.999959623,0.999930924,0.999760998,0.999437809,0.999592016,0.999668231,0.999346134,0.999641505,0.99957436,0.999593989,0.999647064,0.998893832,0.999275932,0.998673917,0.995084442,0.993896096,0.994218557,0.990775104,0.987546083,0.292686277,0.127176675,0.97031928,0.996384922,0.999639566,0.99959759,0.999521542,0.999605638,0.999773129,0.999639983,0.998950875,0.999428089,0.999722752,0.999909232,0.999759428,0.999260781,0.998609477,0.998911045,0.999111658,0.996166496,0.999032265,0.998597638,0.998912935,0.998678696,0.997572969,0.995632765,0.991055847,0.984041096,0.980874138,0.985191411,0.973327608,0.955312673,-0.193818239,-0.153973831,0.0180594713,0.00243735995,0.00106493434,0,0,0,0,0.0012504202,0.00233217284,0.00161984745,0,0,0.000579280496,0,0,0,0,0.0055013283,0.00163041598,0.00224337852,0.00253044717,0.00201983255,0.00148824236,0.00252232216,0.00517649152,0.0096059887,0.00844372997,0.00987960253,0.0187065555,0.0260199595,0.493149942,0.40604411,15.7634198,16.8673318,20.917307,21.9040547,24.3091842,22.8057533,22.200649,20.6020187,20.0627113,19.0618266,19.3008478,20.6914653,17.8008111,16.4252198,16.8507594,16.6592083,16.2274042,14.4467698,15.9991866,14.3136044,14.1028857,11.8620586,11.276642,10.5727962,7.84411841,7.36340667,6.53192223,5.7854749,5.13816959,4.27645529,3.57324245,0.920808735
evaluation/nocturnal-animals_01/i24_vbr_5ms_192k/master.wav,evaluation/nocturnal-animals_01/i24_vbr_5ms_192k/rust.wav,4.14536173,0.989073198,0.998950013,0.99950349,0.99970913,0.999729826,0.999561712,0.99964688,0.99936195,0.9987956,0.999197598,0.99953894,0.999728761,0.999474129,0.998777292,0.996593841,0.997495225,0.998225905,0.998007778,0.998571537,0.998286637,0.998300416,0.99824409,0.994741503,0.995169465,0.991225713,0.977641548,0.967471547,0.961242721,0.948379221,0.913657152,0.294306818,0.128992422,0.962012776,0.995463462,0.998264224,0.99935706,0.999033595,0.999110632,0.999271508,0.998762793,0.995959696,0.998204621,0.998677762,0.999079662,0.997333062,0.996442684,0.986516551,0.994062832,0.994443323,0.994324776,0.99532258,0.995949554,0.995654952,0.993493879,0.986720273,0.965967084,0.938268444,0.932234444,0.913215436,0.892230921,0.83735263,0.745697959,-0.168271916,-0.141431477,0.0544926423,0.00172392089,0,0,0,0.00067515753,0,0.00232151163,0.00540044446,0.00237012681,0,0,0.00291420673,0,0.00647533773,0,0,0.00719313327,0.00449349821,0.00529558404,0.0058707991,0.00490343218,0.00876628195,0.0127073703,0.0290696799,0.0376057656,0.0568912918,0.0814741534,0.112247887,0.141854079,0.492450542,0.424289585,15.8721611,16.9614772,21.0092257,21.9601325,24.4715437,22.926648,22.2805417,20.6646561,20.1196451,19.136586,19.3523516,20.7721454,17.8172053,16.5128031,16.93654,16.7672913,16.3432763,14.5265384,16.0982325,14.3841844,14.2038737,11.9683877,11.3806514,10.67574,7.96280529,7.46252089,6.6138399,5.87781959,5.24198122,4.38721504,3.66952538,1.03519882
evaluation/nocturnal-animals_01/i24_vbr_5ms_192k/master.wav,evaluation/nocturnal-animals_01/i24_vbr_5ms_192k/c.wav,4.13516599,0.989647739,0.99878585,0.999524484,0.999655848,0.999800722,0.999576319,0.99965124,0.999400112,0.998670413,0.999066438,0.999546168,0.999766139,0.999525128,0.998741528,0.997109528,0.997822028,0.997939058,0.998048438,0.998495317,0.998480911,0.997620269,0.997857135,0.994486521,0.99417701,0.991633299,0.976461674,0.965567408,0.962788413,0.945734819,0.903317521,0.287476889,0.123675478,0.948314422,0.992678437,0.998850585,0.999164307,0.999490663,0.998751575,0.999352192,0.998889604,0.994464878,0.998006742,0.998886855,0.999469431,0.997834392,0.997296278,0.990218498,0.993846033,0.994617568,0.994652451,0.996428859,0.995934426,0.993341214,0.992770689,0.983404754,0.95983226,0.939733093,0.933145778,0.891776578,0.871011048,0.825350198,0.69404926,-0.174170039,-0.151735216,0.05979669,0.00375502538,0.0015005926,0,0,0.00164063848,0.000880183877,0.0022538189,0.00650202763,0.00267342501,0,0,0.00193235733,0,0.00174188334,0,0,0.00571747163,0.00474032642,0.00443771226,0.00862017735,0.00622813133,0.0115099946,0.0201400061,0.0284223146,0.0465352397,0.0669527259,0.0850735172,0.12832272,0.162913443,0.491098745,0.428750648,15.9181041,17.0046333,21.0510656,22.0565938,24.5480976,22.9912593,22.3739061,20.7318215,20.181077,19.1943244,19.4452397,20.8220045,17.9187116,16.5771797,16.9940051,16.8394199,16.4091195,14.6039661,16.1599488,14.4807104,14.2673364,12.0326451,11.4384373,10.7402898,8.04708803,7.53215202,6.69589827,5.94082523,5.28258921,4.43018182,3.73038388,1.07263121
evaluation/nocturnal-animals_01/i24_vbr_5ms_256k/master.wav,evaluation/nocturnal-animals_01/i24_vbr_5ms_256k/rust.wav,4.21989925,0.990937858,0.999091084,0.999672481,0.999794421,0.999832914,0.999714248,0.999752839,0.999577655,0.999234293,0.999488035,0.99976902,0.999906119,0.999850332,0.999569058,0.999035647,0.998989624,0.999159062,0.999154353,0.999420513,0.999339961,0.999422436,0.9994858,0.997915577,0.998040597,0.997361843,0.990939729,0.990728075,0.989055952,0.980010963,0.968523816,0.296525162,0.127024696,0.94498449,0.995578205,0.998834682,0.999449599,0.999378342,0.999255594,0.999559128,0.999313665,0.997682761,0.999026732,0.999339719,0.999809828,0.999515776,0.998583055,0.996178155,0.997993692,0.997622588,0.998029248,0.998302387,0.997720737,0.997861062,0.998453064,0.993864113,0.987608898,0.980272841,0.972322139,0.96809893,0.968441772,0.937337118,0.898126376,-0.176882718,-0.140194227,0.0600805085,0.00323168063,0.00177683282,0,0,0.00101931797,0,0.00171023976,0.00370047138,0.00202761312,0,0,0.000299917668,0,0,0,0,0.00223067128,0.00236751376,0.0026696241,0.00333047217,0.00240683182,0.00342439086,0.00611252037,0.00929874694,0.0209134102,0.0117607216,0.0183641518,0.0534307942,0.0594955699,0.49499602,0.419233904,15.8417888,16.9601435,20.9720547,21.9610364,24.4291349,22.8948914,22.278926,20.6635795,20.134494,19.1428832,19.3629371,20.785714,17.87648,16.5040379,16.9223317,16.7469382,16.3214968,14.5070983,16.093434,14.3842182,14.1919577,11.9496564,11.3870231,10.6833356,7.9577205,7.47093866,6.62076846,5.86767215,5.2166732,4.36414137,3.64293705,0.984421229
evaluation/nocturnal-animals_01/i24_vbr_5ms_256k/master.wav,evaluation/nocturnal-animals_01/i24_vbr_5ms_256k/c.wav,4.21069098,0.992067321,0.999169816,0.999754806,0.999784172,0.999862762,0.999728029,0.999794574,0.99962581,0.999198672,0.999512914,0.999748221,0.999911688,0.99985487,0.99964649,0.998832393,0.998936045,0.999077938,0.998942925,0.999132837,0.999269978,0.99932365,0.999291966,0.998001604,0.997701877,0.996547355,0.990784317,0.987031854,0.986397945,0.977544055,0.963802562,0.285816282,0.133160416,0.953898369,0.995641831,0.999466313,0.999140981,0.999570397,0.999434412,0.999662788,0.999340879,0.997687335,0.999027767,0.999370457,0.999781439,0.999263643,0.999222965,0.996143366,0.997257825,0.99763126,0.997138784,0.997059361,0.998066073,0.99811985,0.99781908,0.994870813,0.98244381,0.976722777,0.968767796,0.961066025,0.957023517,0.923075361,0.863660264,-0.182261561,-0.139385425,0.0367902509,0.00279166247,0.00103003681,0,0,0,0,0.0019621907,0.00402779735,0.00231197594,0,0,0.000864258629,0,0,0,0,0.00363667607,0.00357719642,0.00301628434,0.0035459851,0.00315368283,0.0041802051,0.00886904464,0.0116526767,0.0192440172,0.0206137301,0.0326652541,0.0511618809,0.0822090582,0.48945696,0.42135786,15.8737401,16.9667691,21.0273939,22.0099491,24.5301679,22.9388295,22.3106586,20.701865,20.1553161,19.1593535,19.3814829,20.7956241,17.8338797,16.5415779,16.9818871,16.798805,16.3892962,14.5651559,16.1145966,14.3842322,14.2270799,11.992345,11.402675,10.696686,7.98700876,7.49798956,6.64510064,5.90199855,5.25140402,4.37795782,3.68319236,1.0294051
evaluation/nocturnal-animals_01/i24_vbr_5ms_320k/master.wav,evaluation/nocturnal-animals_01/i24_vbr_5ms_320k/rust.wav,4.23906602,0.995943045,0.999543525,0.999802974,0.999884613,0.99990556,0.99984125,0.999853048,0.999732757,0.999539066,0.999778616,0.999899033,0.999957638,0.999920323,0.999818028,0.999536235,0.999631357,0.999678817,0.999660583,0.999760894,0.999640446,0.999642366,0.999628829,0.999044051,0.999213818,0.998593372,0.995312845,0.99504402,0.994944919,0.992941592,0.986035531,0.290668277,0.123180569,0.978010621,0.998107271,0.999388885,0.999801565,0.999700441,0.999696049,0.99968673,0.999496575,0.99793745,0.999444887,0.999701511,0.999887557,0.999712832,0.999558102,0.998516611,0.998952123,0.999101621,0.999114347,0.999370893,0.999031605,0.998410401,0.998574073,0.9980211,0.994685205,0.989202375,0.987029351,0.982537392,0.986179821,0.979872836,0.96289753,-0.199883605,-0.154785724,0.0199764103,0.0013572942,0.00122776159,0,0,0,0.000326207729,0.00146591987,0.00317704765,0.00117259363,0,0,0.000506524511,0,0,0,0,0.000749067396,0.00105188793,0.00144609899,0.0024193592,0.00176260753,0.00211923827,0.0027358586,0.00562040997,0.00823282789,0.00505697366,0.00855067643,0.0101356346,0.0242583242,0.494809787,0.406592737,15.7786001,16.8903549,20.9337218,21.9215416,24.3254994,22.8181614,22.2135692,20.6116828,20.0821044,19.0794675,19.3137331,20.6982066,17.8181186,16.4448659,16.8655576,16.679276,16.2373315,14.461801,16.0145265,14.329744,14.1176264,11.8810857,11.286663,10.598558,7.87456296,7.38083962,6.54006152,5.80485778,5.15578665,4.29822746,3.58687603,0.927185424
evaluation/nocturnal-animals_01/i24_vbr_5ms_320k/master.wav,evaluation/nocturnal-animals_01/i24_vbr_5ms_320k/c.wav,4.2385793,0.992325689,0.999412192,0.999813542,0.999841585,0.999893013,0.999799461,0.999858125,0.999772565,0.999642244,0.999771057,0.999916355,0.999959116,0.9999239,0.999809402,0.999461091,0.999621944,0.999718769,0.999539469,0.999707624,0.99960183,0.999640747,0.999626079,0.999030679,0.999131383,0.998578316,0.996591595,0.995224306,0.994653974,0.992155743,0.981080655,0.293019021,0.127302663,0.969357437,0.99717832,0.999638269,0.99954262,0.999548724,0.999514093,0.999668974,0.999544909,0.999030208,0.999415977,0.999740349,0.999900263,0.999701203,0.999559086,0.998000835,0.99908368,0.999067529,0.997487115,0.999015018,0.998808982,0.998830929,0.998672524,0.997630797,0.99379241,0.988973587,0.990270829,0.98626631,0.985481569,0.974820867,0.939291045,-0.191281282,-0.15215445,0.0405670487,0.00228693125,0.00114250608,0,0,0,0,0.00133283005,0.00244127176,0.00156352267,0,0,0.000728934992,0,0,0,0,0.00359376117,0.00156368279,0.00241845937,0.00234421687,0.00195819904,0.00160526437,0.00364814838,0.00637446378,0,0.0029118239,0.00894548076,0.014600697,0.0520485364,0.490304483,0.407634882,15.7498115,16.8674703,20.9260628,21.92904,24.3536762,22.8351909,22.2364216,20.6250985,20.0725122,19.0752918,19.3233111,20.704989,17.8233089,16.4510909,16.8692924,16.677792,16.2565639,14.4789645,16.026512,14.3392497,14.1240597,11.8854398,11.2957786,10.5968873,7.87380655,7.38207405,6.55017254,5.80496998,5.15619562,4.29780017,3.58511149,0.937299167
evaluation/nocturnal-animals_02/i16_cbr_5ms_192k/master.wav,evaluation/nocturnal-animals_02/i16_cbr_5ms_192k/rust.wav,4.34757377,0.997096327,0.997418314,0.990460678,0.982851985,0.993616878,0.999317265,0.999771066,0.999508068,0.999198238,0.999247655,0.999268115,0.99951913,0.998419483,0.998454552,0.997489326,0.99757171,0.998604326,0.998620249,0.998665205,0.998089411,0.998127705,0.9985869,0.99627767,0.998131277,0.99571176,0.986989736,0.986693689,0.977376455,0.958545458,0.913537232,0.544472791,0.451864049,0.978174539,0.984609256,0.963222353,0.924891363,0.979952168,0.998634019,0.999483666,0.998878667,0.997791468,0.998432546,0.998135893,0.998669159,0.995724014,0.996611825,0.994424885,0.992770951,0.995830544,0.994625326,0.995644435,0.993285719,0.992123547,0.996988567,0.98998992,0.995068926,0.981240823,0.952835968,0.957760727,0.894879351,0.859507417,0.695940515,-0.160773476,-0.221287738,0.0154258005,0.0130679909,0.0245283862,0.0617840428,0.0167230869,0.00286316056,0,0,0,0,0.0016504844,0,0.00477881675,0,0,0.00305751025,0.00270885553,0.00309166186,0.00397386841,0.00729255526,0.00784570938,0.00272663215,0.00734546834,0.00503757943,0.0136915417,0.0353710747,0.0352969028,0.0672361051,0.0917644765,0.174560951,0.428255583,0.500730116,22.6616622,21.3650983,19.9387958,18.8839204,19.3629749,20.9785707,23.0017083,22.4758714,23.4948686,22.0779886,22.5977493,20.6009803,18.7688135,18.475561,17.6459345,17.6628944,16.5909879,16.9305525,18.319328,15.3007337,16.984837,14.9203951,14.2880579,13.0255118,11.0417654,10.6959621,9.70289799,8.65507857,7.87320583,6.95362293,6.60625483,4.96536471
evaluation/nocturnal-animals_02/i16_cbr_5ms_192k/master.wav,evaluation/nocturnal-animals_02/i16_cbr_5ms_192k/c.wav,4.33743506,0.996894113,0.997045528,0.989773444,0.97956795,0.994551351,0.9995224,0.99977696,0.999407202,0.999071414,0.999285236,0.999342281,0.999557983,0.998529668,0.998630871,0.997855784,0.997673471,0.998933353,0.998748698,0.998811272,0.998396545,0.998590233,0.99847429,0.996307109,0.997974979,0.99502774,0.986715566,0.985628595,0.975664997,0.954778157,0.920176444,0.533434442,0.431138226,0.978595107,0.981703478,0.964130184,0.892667697,0.981245778,0.999149058,0.999555517,0.998584188,0.997310512,0.998538003,0.998427449,0.99908963,0.995997664,0.997264217,0.994811099,0.989328665,0.997911312,0.99563474,0.996170195,0.995062977,0.99686762,0.996167112,0.988581922,0.99532815,0.979621401,0.956457743,0.955951317,0.904819372,0.844009964,0.718310255,-0.115438801,-0.227903811,0.0155577908,0.0161293542,0.0268719074,0.0710851572,0.0143807458,0.0023233002,0,0,0,0,0,0.000797167535,0.00456485757,0,0,0.00842226858,0.000457626002,0.0025705352,0.00335026173,0.00594826209,0.00311095024,0,0.00602157191,0.00563592077,0.0145899868,0.0313512146,0.0384474123,0.0643274948,0.11135939,0.147916232,0.432922787,0.501627371,22.6729654,21.3610286,19.955037,18.9223461,19.3630002,20.9921392,23.0125114,22.4897021,23.5085908,22.0837597,22.6073145,20.5967516,18.7737671,18.4868139,17.6677373,17.6815518,16.5884763,16.9424536,18.3168611,15.2962215,16.9962472,14.9262586,14.3114604,13.0466668,11.0455088,10.7152047,9.71243286,8.67537647,7.88699184,6.94474255,6.64213588,4.9642527
evaluation/nocturnal-animals_02/i16_cbr_5ms_256k/master.wav,evaluation/nocturnal-animals_02/i16_cbr_5ms_256k/rust.wav,4.41730159,0.997425111,0.997926606,0.993338112,0.990929805,0.996920851,0.999578844,0.999842821,0.999621925,0.999474546,0.999639019,0.999703618,0.999831867,0.999501382,0.9994844,0.999110026,0.999172638,0.999439631,0.999241273,0.998938627,0.99926323,0.999514504,0.999524841,0.998931678,0.999352995,0.998662819,0.995681963,0.995199899,0.993533491,0.988049008,0.972964881,0.564153845,0.466144722,0.9796638,0.985597622,0.970354414,0.958234017,0.990815885,0.998962274,0.999569695,0.999128034,0.99889619,0.999077422,0.999374582,0.999679421,0.998677648,0.998708629,0.997700966,0.997469891,0.998639892,0.998341623,0.993357709,0.997329957,0.998862839,0.998748737,0.997396174,0.997704654,0.995519951,0.98772507,0.987629911,0.979549765,0.941053559,0.904377515,-0.142367796,-0.243215593,0.0143624942,0.0120883964,0.0204239365,0.0260037501,0.0094004958,0.00218498413,0,0,0,0,0,0,0.00172481954,0,0,0.00101279002,0,0.000717869936,0.00570611352,0.00341893181,0.00167601722,0,0,0.00269149596,0.00553657398,0.0108930024,0.0140565373,0.0184804655,0.0306006289,0.0592225428,0.423743506,0.491490132,22.6808563,21.3692541,19.9604448,18.8995201,19.360886,20.9897498,23.0248757,22.4941473,23.5189116,22.0948858,22.608115,20.6016444,18.7756476,18.4968416,17.6605365,17.6883398,16.5887101,16.9424326,18.3370054,15.2968476,16.9993956,14.9309584,14.3107794,13.0477569,11.0351525,10.7104338,9.70854753,8.67771786,7.89302317,6.9408317,6.58960613,4.96916896
evaluation/nocturnal-animals_02/i16_cbr_5ms_256k/master.wav,evaluation/nocturnal-animals_02/i16_cbr_5ms_256k/c.wav,4.40711428,0.997536347,0.997546682,0.993576774,0.986268469,0.995583375,0.99963942,0.999867429,0.999561462,0.999404541,0.999574892,0.99959938,0.999833088,0.999558762,0.999624554,0.999234146,0.99899528,0.999482812,0.999338667,0.99922579,0.999272327,0.999420399,0.999498784,0.998801425,0.999351307,0.998347875,0.99533017,0.99438608,0.99357027,0.98525044,0.968575655,0.551151601,0.460355608,0.979282232,0.981265062,0.980482374,0.926440383,0.984437448,0.999005744,0.999781498,0.999093795,0.998539091,0.998946595,0.998937719,0.99949351,0.999088516,0.99934307,0.997760692,0.997199765,0.99892142,0.99787588,0.996335067,0.9976173,0.998350142,0.998992263,0.996625089,0.997570705,0.991116528,0.987952968,0.9846484,0.971927233,0.923029273,0.856707929,-0.156669186,-0.229172725,0.0148000204,0.016013078,0.0178293122,0.0450515897,0.0136795296,0.00206570964,0,0,0,0,0,0.000330141342,0.00166926862,0,0,0,0,0,0.00315782967,0.00337271365,0.00263707544,0.00138227815,0,0.00313864811,0.0076986968,0.0134281102,0.0161495883,0.0191117863,0.0405037255,0.077973719,0.439262339,0.501070532,23.2746048,21.9618473,20.5168836,19.4970605,19.9363726,21.5896565,23.6244012,23.0862562,24.1206892,22.6762061,23.2007155,21.2164669,19.3771897,19.0845843,18.2436169,18.2825528,17.194285,17.5256133,18.8999619,15.8721023,17.5848663,15.5155938,14.8910766,13.6288903,11.6171716,11.2894034,10.292016,9.26112242,8.46732638,7.52667153,7.19295938,5.55108655
evaluation/nocturnal-animals_02/i16_cbr_5ms_320k/master.wav,evaluation/nocturnal-animals_02/i16_cbr_5ms_320k/rust.wav,4.43064812,0.997435289,0.998267177,0.995142996,0.991766782,0.997321709,0.999741562,0.999913437,0.99980514,0.9997325,0.999796422,0.999862218,0.999916873,0.999726636,0.999768523,0.999570814,0.999630598,0.999777599,0.9997721,0.999741693,0.999681417,0.999673348,0.999702939,0.999416213,0.999717377,0.99919096,0.997343945,0.997678476,0.99619946,0.991658873,0.9846671,0.567456862,0.472743981,0.979673749,0.989111085,0.983190465,0.959291151,0.989324978,0.999263345,0.999805099,0.999596523,0.99935814,0.999536246,0.99967146,0.999741322,0.999212759,0.999515988,0.998804164,0.998662019,0.999399798,0.999371844,0.998679213,0.999058472,0.998931453,0.999281069,0.998368407,0.999351822,0.996245004,0.99218419,0.993687556,0.979092016,0.959975263,0.947571331,-0.157333047,-0.221466991,0.0147324089,0.0100701642,0.0148103223,0.0298238152,0.00951690267,0.00188522306,0,0,0,0,0,0.000833190848,0.00194345499,0,0,0,0,0,0.00172350871,0.001775543,0.00202384945,0.000382276375,0,0.00142111534,0.00472459807,0.00947149974,0.0075002109,0.0172269985,0.0254458384,0.0433023644,0.43089304,0.486744293,22.652206,21.3500072,19.9107662,18.8577105,19.325988,20.9423024,22.9821372,22.4537961,23.4859469,22.0581929,22.5825198,20.5512661,18.7306126,18.4331201,17.6040251,17.6644591,16.5452338,16.8850285,18.2722252,15.2328191,16.951741,14.8779383,14.2702027,12.9983974,10.9809242,10.6578251,9.65401865,8.62610304,7.83537911,6.88472443,6.53681928,4.9212162
evaluation/nocturnal-animals_02/i16_cbr_5ms_320k/master.wav,evaluation/nocturnal-animals_02/i16_cbr_5ms_320k/c.wav,4.42633462,0.997511849,0.998082974,0.994577851,0.990173892,0.997187153,0.99979128,0.999895243,0.999798884,0.999730882,0.999811129,0.999867277,0.999913924,0.999777844,0.999769125,0.999587331,0.999580869,0.999762532,0.999775068,0.999734788,0.99965703,0.999637409,0.999687458,0.999404963,0.999701274,0.999035695,0.997316557,0.997105783,0.996421178,0.992557493,0.98405139,0.561910557,0.463411527,0.979703147,0.985352064,0.976632063,0.952035477,0.991188664,0.999588682,0.999710903,0.99962334,0.99928993,0.999429625,0.999696023,0.99976947,0.999408571,0.999578959,0.998998331,0.99877549,0.999332972,0.999330108,0.998930114,0.998647602,0.999086188,0.999231466,0.998337319,0.999056987,0.994578686,0.992433457,0.988008656,0.984116464,0.972481453,0.93843429,-0.167635674,-0.224183299,0.0147041614,0.0129450312,0.0211728879,0.0399625299,0.00919739098,0.0014605719,0,0,0,0,0,0.000487585963,0.00152838758,0,0,0,0,0,0.00144701237,0.00169402912,0.0014375539,0,0,0.00162277699,0.00632446928,0.00815418344,0.010575073,0.0129922279,0.0212504228,0.0416598865,0.436157435,0.495322519,22.6592659,21.3548907,19.9281811,18.8665479,19.3269439,20.9629744,22.9912788,22.467808,23.492456,22.0660708,22.5965119,20.5598496,18.7392236,18.4443345,17.6253791,17.6714168,16.5579898,16.8939964,18.283875,15.2447258,16.9554572,14.8811907,14.2774479,13.0071095,10.9940862,10.6642617,9.66011742,8.63656427,7.8393602,6.90448224,6.56404967,4.93232021
evaluation/nocturnal-animals_02/i16_vbr_5ms_192k/master.wav,evaluation/nocturnal-animals_02/i16_vbr_5ms_192k/rust.wav,4.35176885,0.996926223,0.997516429,0.988549637,0.982445866,0.993141656,0.999328115,0.999741019,0.999475059,0.999071303,0.999288646,0.99930934,0.999515991,0.998665037,0.998587686,0.997686721,0.99810799,0.998753189,0.998791506,0.998642679,0.998256256,0.998017345,0.998643424,0.99715129,0.997799322,0.995583736,0.987195294,0.983845067,0.977411272,0.967290024,0.929338205,0.535451536,0.440152191,0.978710722,0.986447544,0.949030848,0.924915553,0.980635093,0.997778471,0.999243072,0.998792277,0.99770123,0.997944301,0.998205353,0.998908667,0.996329127,0.996588253,0.994637242,0.994499994,0.996882189,0.996562082,0.993998459,0.995574126,0.99286218,0.997149043,0.990422861,0.993428376,0.98262145,0.954702763,0.93284501,0.90296808,0.886943533,0.785568027,-0.182071799,-0.244680682,0.0153708691,0.0122797044,0.0311342476,0.0576183913,0.0184112522,0.00348471961,0,0,0,0,0,0.000668126463,0.00414525391,0,0,0,0,9.0477698e-05,0.00446641726,0.00517258302,0.00693027952,0.00269368425,0.00482213964,0.00652377567,0.0147685263,0.0336229398,0.0621061178,0.0707126029,0.0649552921,0.13947097,0.433799062,0.510549987,22.688121,21.3757539,19.9781185,18.8997497,19.3658215,20.9828495,22.9827467,22.490263,23.5052225,22.0904362,22.6194506,20.6007615,18.7649438,18.5189556,17.6883946,17.7061788,16.6168018,16.9502186,18.3594507,15.3066521,17.0196061,14.9655258,14.3157456,13.048784,11.073309,10.7227897,9.71409405,8.67106016,7.87967296,6.97299353,6.64145639,4.98912632
evaluation/nocturnal-animals_02/i16_vbr_5ms_192k/master.wav,evaluation/nocturnal-animals_02/i16_vbr_5ms_192k/c.wav,4.33649738,0.996989139,0.997122919,0.989008444,0.984144261,0.994404961,0.999521042,0.999756881,0.999477754,0.999258242,0.999252493,0.99933602,0.99958224,0.998867578,0.998762446,0.997784627,0.998560644,0.998968095,0.998756814,0.998664232,0.998352396,0.998728791,0.998619656,0.996331353,0.997903872,0.995728529,0.986954471,0.985628465,0.977187484,0.953156869,0.920137194,0.530938816,0.430199779,0.979238501,0.981956891,0.947035095,0.935916503,0.982805306,0.999015249,0.999427057,0.998948576,0.998317566,0.997550777,0.998392075,0.999015147,0.997251787,0.997512824,0.995541923,0.996832565,0.997905856,0.99639102,0.994383161,0.995284033,0.997700134,0.995565814,0.983667561,0.994758059,0.985235706,0.960155079,0.957063013,0.904748455,0.795534909,0.644641091,-0.0961029709,-0.240499159,0.0159607002,0.0161105406,0.032870225,0.0433417065,0.0150748987,0.00208967157,0,0,0,0.00205979582,0,0,0.00374510877,0,0.00171445439,0,0,0.00189545366,0.00482369283,0.00589465117,0.0023883544,0,0.00879626251,0.00514501068,0.0122889087,0.0307776709,0.0425481065,0.0635339006,0.121719655,0.146573457,0.430972217,0.503661549,22.7033877,21.389643,19.9582407,18.920231,19.3815213,20.9779527,22.996571,22.5000138,23.5255736,22.1038828,22.6510589,20.590062,18.7786386,18.5094444,17.6895854,17.7389992,16.6228231,16.9560489,18.3546517,15.3018173,17.0221669,14.9625849,14.3185683,13.0424311,11.0785574,10.7388726,9.72473119,8.68982746,7.90298437,6.95146765,6.65254091,4.97182294
evaluation/nocturnal-animals_02/i16_vbr_5ms_256k/master.wav,evaluation/nocturnal-animals_02/i16_vbr_5ms_256k/rust.wav,4.41660429,0.997363407,0.99769148,0.99327413,0.989688915,0.996684803,0.99961396,0.999859711,0.999624212,0.999447111,0.999569662,0.999678518,0.999837834,0.999523085,0.999525664,0.999150995,0.999205938,0.999484757,0.999335158,0.999354355,0.999295774,0.9993913,0.999494762,0.998947927,0.999404313,0.998988366,0.996388121,0.995498844,0.993378109,0.986996669,0.971108069,0.565776261,0.464777493,0.979831368,0.983141144,0.977409618,0.962380553,0.988487378,0.998918119,0.99963147,0.999307524,0.998765834,0.998726674,0.999328776,0.999583996,0.998261145,0.998898918,0.99732888,0.997791642,0.998916108,0.998125199,0.99730245,0.998047229,0.997330007,0.998859847,0.997103464,0.99823709,0.996074641,0.990866414,0.987061894,0.979705472,0.953742401,0.902486373,-0.142620365,-0.242185677,0.0146107698,0.0142816517,0.0192238119,0.0297323422,0.00988956804,0.00201756954,0,0,0,0,0,0,0.00230512392,0,0,0,0,0.00190635127,0.00312035159,0.0033802597,0.00345847557,0,0,0.00216503899,0.00432023809,0.00925611897,0.0134720112,0.0188004213,0.0352076454,0.0685816097,0.422841506,0.489535438,22.6785382,21.3783781,19.950409,18.883289,19.3622599,20.9778417,23.0065652,22.4786425,23.5153043,22.086377,22.6177579,20.5843331,18.7600124,18.4658921,17.6410494,17.6972852,16.5802116,16.9139153,18.3077004,15.2740474,16.9780657,14.9080823,14.3008409,13.0321783,11.0180545,10.6883205,9.68906399,8.66337871,7.87810413,6.92663192,6.58776068,4.95687806
evaluation/nocturnal-animals_02/i16_vbr_5ms_256k/master.wav,evaluation/nocturnal-animals_02/i16_vbr_5ms_256k/c.wav,4.40471565,0.997530672,0.997733371,0.994424529,0.990272664,0.9965706,0.999671155,0.999869697,0.999609903,0.999369334,0.999560542,0.999610621,0.999844864,0.999603783,0.999600862,0.998970853,0.998980314,0.999531952,0.999397342,0.999282843,0.999292825,0.999460431,0.999555025,0.998842431,0.999320758,0.998475837,0.994736592,0.993233003,0.993918535,0.98293471,0.962727864,0.553766454,0.464337105,0.979841296,0.983282129,0.978767814,0.958165896,0.989506848,0.99902696,0.999694287,0.999095406,0.99856992,0.998948217,0.998982885,0.999536525,0.999074214,0.999140503,0.997596795,0.995821095,0.999007313,0.99840098,0.996771955,0.998191406,0.998495934,0.998752612,0.997666422,0.997945905,0.993749956,0.980165029,0.975699571,0.977423064,0.906397092,0.816571431,-0.151243706,-0.223062225,0.0146486293,0.0145631589,0.0154755882,0.0339419861,0.0113933037,0.00187231227,0,0,0,0,0.000415915763,0.000352033278,0.00133580208,0,0,0,0,0,0.00297213567,0.00330884211,0.00213611758,0,0,0.00274814348,0.00736056431,0.0165087666,0.0237199236,0.0169045571,0.0468592738,0.0925893571,0.433509451,0.492431697,23.2651148,21.9478616,20.5029519,19.4670898,19.9188147,21.575964,23.6220895,23.0811581,24.112437,22.6697005,23.195139,21.2030123,19.3694388,19.0797126,18.2404511,18.2748202,17.1870921,17.5211047,18.9014563,15.8675347,17.5773996,15.5110191,14.8918141,13.626315,11.6106492,11.2866998,10.2852096,9.25539304,8.46259154,7.51452586,7.18527699,5.53823132
evaluation/nocturnal-animals_02/i16_vbr_5ms_320k/master.wav,evaluation/nocturnal-animals_02/i16_vbr_5ms_320k/rust.wav,4.43336181,0.997337998,0.998186515,0.995292743,0.991847809,0.997543967,0.999776759,0.999906933,0.999797634,0.999723514,0.999791662,0.999864052,0.99990932,0.999754301,0.999774899,0.999628867,0.999707332,0.999782097,0.999770004,0.999755448,0.999660499,0.999681371,0.99970394,0.99947483,0.999707773,0.999441078,0.997821508,0.997436041,0.996655328,0.993348177,0.986185264,0.569078784,0.47336267,0.979323266,0.988563577,0.979858224,0.95537709,0.992683663,0.999395101,0.999742989,0.999455053,0.999434362,0.999568787,0.999687587,0.99974902,0.999365326,0.99954524,0.998963756,0.999117176,0.999219633,0.999376975,0.999121697,0.999162892,0.999037877,0.999007667,0.998218583,0.999237776,0.998218503,0.992417644,0.991156319,0.983593664,0.965216234,0.951232635,-0.161210212,-0.219847384,0.0148419135,0.00997347008,0.0154681173,0.026712749,0.00863494882,0.00133987367,0,0,0,0,0,0.000782694159,0.00189582125,0,0,0,0,0,0.00136554569,0.00180156507,0.00165516172,0,0,0.00168999425,0.00303326486,0.00842310463,0.00896563056,0.0126047917,0.019218326,0.0383340399,0.429266275,0.486124563,22.6557927,21.359113,19.9269844,18.8497547,19.3324932,20.9624009,22.9921296,22.4643259,23.4940964,22.0685828,22.5945504,20.5640908,18.7415103,18.4426078,17.6149208,17.6745736,16.5559076,16.8946694,18.2794044,15.2420882,16.9603436,14.8857291,14.2766194,13.0033966,10.9914072,10.6654108,9.6618803,8.63427534,7.84400235,6.89754616,6.54920929,4.92670312
evaluation/nocturnal-animals_02/i16_vbr_5ms_320k/master.wav,evaluation/nocturnal-animals_02/i16_vbr_5ms_320k/c.wav,4.42592999,0.997312643,0.998203268,0.994145106,0.992217201,0.997900243,0.999780308,0.999899613,0.999776446,0.999728607,0.999827474,0.999861008,0.999922953,0.999778696,0.999781636,0.999504444,0.999553335,0.999772548,0.99977104,0.999764502,0.999699286,0.999664932,0.999705588,0.999405685,0.999626713,0.999192107,0.997759946,0.997443905,0.99660905,0.99236343,0.985426196,0.558916569,0.46251333,0.979616148,0.985938795,0.973702694,0.96078091,0.993549075,0.999596003,0.999702611,0.999515368,0.999238805,0.999565842,0.999654594,0.999830344,0.999386615,0.99959568,0.998740451,0.998543192,0.999351631,0.999155965,0.999061128,0.998921213,0.999042585,0.999430001,0.998043618,0.998373818,0.996739084,0.994413219,0.99134905,0.983508646,0.964086223,0.932342406,-0.170741611,-0.233610126,0.0152009879,0.0124868074,0.0214273965,0.0241272982,0.00754370109,0.00166111079,0,0,0,0,0,0.000709050305,0.00178807036,0,0,0,0,0,0.00150283246,0.00160277081,0.0016137744,0.000719821485,0,0.00224986151,0.00431724599,0.00645622704,0.00871951331,0.0123577069,0.0251308685,0.0425387134,0.433153909,0.501556309,23.2878502,21.9732236,20.5284338,19.4721365,19.9806567,21.5685162,23.5825086,23.0801497,24.1173947,22.6762657,23.2233161,21.192441,19.3560171,19.0902367,18.2538819,18.3181186,17.1903317,17.5058173,18.9098424,15.8438687,17.5887744,15.5258364,14.8926502,13.6220899,11.6175734,11.2912091,10.2775676,9.25650288,8.45395484,7.51499587,7.18023154,5.54148907
evaluation/nocturnal-animals_02/i24_cbr_5ms_192k/master.wav,evaluation/nocturnal-animals_02/i24_cbr_5ms_192k/rust.wav,4.36154305,0.997000028,0.997595826,0.990613567,0.983171251,0.994210782,0.999407566,0.999768656,0.999489029,0.999154548,0.999317431,0.99936906,0.999575451,0.998677564,0.998546609,0.997683198,0.997883758,0.998681982,0.998742966,0.998718671,0.998416838,0.998136335,0.998654917,0.996608582,0.997935621,0.994305468,0.985929984,0.985897852,0.980203507,0.965003765,0.925738736,0.551449805,0.460625336,0.977470166,0.985095872,0.959926605,0.93806195,0.983612435,0.998682773,0.99933056,0.998978063,0.996993624,0.998433062,0.998676238,0.998881872,0.996411521,0.997313892,0.99544545,0.992499085,0.995755294,0.995066033,0.9956067,0.996064156,0.991924152,0.996980976,0.991054731,0.993318815,0.971836205,0.954613284,0.956121822,0.903309396,0.859856745,0.752417121,-0.162365403,-0.218949034,0.0160838454,0.012827031,0.0256601861,0.0576745071,0.0163105894,0.00285337107,0,0,0,0,0,0,0.00382538193,0,0,0,0.00242611391,0.0024064377,0.00396981884,0.00510191353,0.00780140002,0.00220266083,0.00502357958,0.00602733866,0.0217791085,0.0394980581,0.0392042228,0.0639089862,0.0852448868,0.145771813,0.426997613,0.496723826,22.4754716,21.1738929,19.7603188,18.7210942,19.1664775,20.7948656,22.8099817,22.2874657,23.3077731,21.8918887,22.4040779,20.4074106,18.5784976,18.2882039,17.4605415,17.4802415,16.4074288,16.7368863,18.1267244,15.1067224,16.7829436,14.7265859,14.1068253,12.8455581,10.8449512,10.5002594,9.51001919,8.46545528,7.68304201,6.76274064,6.42299905,4.78913622
evaluation/nocturnal-animals_02/i24_cbr_5ms_192k/master.wav,evaluation/nocturnal-animals_02/i24_cbr_5ms_192k/c.wav,4.33065756,0.996889501,0.997361408,0.989916962,0.984326125,0.994340418,0.99939302,0.999753304,0.999407498,0.999129839,0.999304269,0.999400629,0.999590631,0.998714793,0.998613483,0.997796717,0.997708332,0.99894568,0.998699048,0.998786463,0.998312068,0.998580456,0.998584143,0.996457998,0.997906218,0.99591625,0.986178005,0.985492185,0.976893933,0.950118668,0.91845972,0.526130917,0.425474251,0.978158919,0.98267735,0.950623733,0.918644953,0.983306053,0.998322411,0.999556985,0.998396104,0.997842555,0.998518422,0.998353725,0.999027027,0.995921708,0.997173746,0.995403905,0.99052294,0.997796099,0.995616844,0.996177245,0.995083573,0.99689891,0.997602915,0.989328451,0.994622279,0.98474488,0.95754992,0.953571386,0.913089992,0.830333214,0.711722618,-0.116536419,-0.225024238,0.0157660414,0.0150940012,0.0317653229,0.0507514231,0.0146084813,0.00299516852,0,0,0,0,0,0.00109911806,0.0042296881,0.00189134865,0.00212889498,0.00684587316,0,0.00218621369,0.00315019106,0.00605589336,0.00327228749,0.00168793616,0.00435737272,0.00619413058,0.0123519015,0.0333349727,0.0375434671,0.0664418702,0.124298893,0.155230267,0.431802096,0.499952044,22.4979567,21.1837813,19.768131,18.7146735,19.1875343,20.776632,22.7829493,22.2958303,23.312055,21.8891988,22.4407107,20.3817832,18.5688871,18.2955828,17.4840076,17.5194094,16.4079591,16.7420652,18.1339341,15.0866694,16.8070378,14.7547611,14.1179509,12.8460338,10.8711735,10.5332071,9.51650559,8.48348313,7.69106838,6.75248699,6.45178368,4.77181089
evaluation/nocturnal-animals_02/i24_cbr_5ms_256k/master.wav,evaluation/nocturnal-animals_02/i24_cbr_5ms_256k/rust.wav,4.41460249,0.997314271,0.997880984,0.994092124,0.990976725,0.99632325,0.999565995,0.999859448,0.999659061,0.999539757,0.999573695,0.999645949,0.99983002,0.999545338,0.999517357,0.999094927,0.999145318,0.99944176,0.999380159,0.999378122,0.999304701,0.999411417,0.999510609,0.998923393,0.999337567,0.998594098,0.995748018,0.99562748,0.994044333,0.98701404,0.969342112,0.562076378,0.465041055,0.979272587,0.985433318,0.979055549,0.97059473,0.989108576,0.999086952,0.999665706,0.999287799,0.99881009,0.999067834,0.999164334,0.999661494,0.998796875,0.998939454,0.997424913,0.997795916,0.998838285,0.998544937,0.99758574,0.998203882,0.997745138,0.998776523,0.998017,0.997596813,0.995390704,0.988274019,0.987831542,0.982673301,0.935518323,0.880807622,-0.152338916,-0.240222877,0.0148140919,0.0120601933,0.0169770401,0.0242746988,0.0106811091,0.00214503966,0,0,0,0,0.000476233506,0.000401297113,0.00238452401,0,0.000813698345,0,0.000651416034,0.0014440496,0.00305682994,0.00326730649,0.00253098989,0.000322634874,0,0.00290644343,0.00575550141,0.0118764139,0.0132277996,0.0164471849,0.0346261121,0.0653990455,0.429426878,0.491376563,22.5021387,21.1976001,19.7775001,18.7075507,19.1932968,20.7961096,22.8336201,22.3087709,23.3373673,21.9110266,22.4416266,20.4090163,18.5850098,18.2908032,17.4699917,17.5185642,16.4006336,16.7386338,18.1294037,15.0989994,16.8037312,14.7331743,14.1217496,12.854363,10.8422599,10.5130064,9.51563414,8.48985514,7.70881628,6.75876482,6.41320463,4.7854215
evaluation/nocturnal-animals_02/i24_cbr_5ms_256k/master.wav,evaluation/nocturnal-animals_02/i24_cbr_5ms_256k/c.wav,4.40218958,0.997405939,0.997328764,0.993492994,0.989387762,0.996560739,0.99968391,0.999874484,0.999606708,0.999435454,0.999594032,0.999642002,0.999835956,0.999540909,0.999612701,0.99922031,0.998963829,0.99946267,0.999212156,0.999237529,0.999418957,0.99945802,0.999526651,0.998848171,0.999336054,0.998323239,0.995481007,0.994083229,0.993848433,0.984426272,0.96252137,0.546822417,0.459188584,0.979169158,0.978586028,0.971300054,0.961245423,0.988698886,0.999306557,0.999773049,0.999169337,0.998507486,0.999052619,0.998935431,0.999492966,0.999015024,0.999354469,0.997743049,0.996897413,0.998846612,0.997458938,0.996641489,0.998702294,0.998623593,0.999093615,0.997045948,0.997598443,0.993762314,0.988001861,0.9829794,0.977957753,0.9177899,0.79616666,-0.163148469,-0.23593336,0.0151517424,0.0176220301,0.0184854941,0.030759042,0.0113539149,0.00155498013,0,0,0,0,0,0.000357897824,0.00197880773,0,0,0,0,0.00089737161,0.00323142143,0.00258019685,0.00255382521,0.00138127136,0,0.00312500693,0.00798199409,0.0127934498,0.0169928848,0.0170731964,0.0401788855,0.0923407665,0.441387904,0.49785273,23.0734623,21.759632,20.3210683,19.281283,19.7382686,21.3869159,23.4211712,22.8822919,23.9172773,22.4745455,22.9981423,21.014017,19.1732097,18.8822761,18.0402552,18.0814728,16.9915816,17.3235332,18.6994027,15.6697954,17.3820832,15.3140787,14.6854504,13.421372,11.4134205,11.0900293,10.0876618,9.05565919,8.2667726,7.32256435,6.98806638,5.34421281
evaluation/nocturnal-animals_02/i24_cbr_5ms_320k/master.wav,evaluation/nocturnal-animals_02/i24_cbr_5ms_320k/rust.wav,4.4291353,0.997326885,0.99819456,0.994388953,0.990954443,0.997469176,0.999702187,0.999902991,0.999789374,0.999724502,0.999794442,0.999865854,0.999912787,0.999724151,0.999755308,0.999596338,0.999673863,0.999795229,0.999774911,0.999750252,0.999620958,0.999643038,0.999704097,0.999478531,0.999715129,0.998969806,0.997023325,0.997460011,0.995998662,0.992437724,0.985720795,0.565857408,0.467034558,0.978942833,0.988936186,0.98025544,0.947012558,0.989721356,0.998573525,0.99978827,0.999462865,0.999410375,0.999595342,0.999683893,0.999753291,0.999060917,0.999463312,0.998911513,0.998860126,0.999362918,0.999421191,0.998980246,0.999063221,0.998589865,0.999151242,0.998645179,0.999222922,0.99406751,0.988173331,0.991970226,0.975570589,0.963839041,0.948586012,-0.160902099,-0.230291099,0.0151115308,0.0103283292,0.0172450111,0.0352936476,0.00875249644,0.00225719073,0,0,0,0,0,0.000779934192,0.00185823791,0,0,0,0,0,0.00151149416,0.00214650972,0.00234412527,0,0,0.00164068737,0.00611687946,0.0102291013,0.00908699875,0.0206770814,0.0233476339,0.036020876,0.431167071,0.489229843,22.512171,21.2090392,19.7781858,18.7180371,19.1887637,20.8068249,22.8433563,22.3139725,23.3470359,21.9190845,22.4448408,20.4136916,18.5931746,18.294796,17.4650676,17.5268177,16.4073054,16.7427481,18.1325334,15.0933828,16.807168,14.7355233,14.1312926,12.856087,10.8423308,10.5165854,9.51540522,8.48763691,7.70068169,6.74922875,6.40227178,4.78013479
evaluation/nocturnal-animals_02/i24_cbr_5ms_320k/master.wav,evaluation/nocturnal-animals_02/i24_cbr_5ms_320k/c.wav,4.42705152,0.997433402,0.998037731,0.994259747,0.990604096,0.997445549,0.99979237,0.999894739,0.999787372,0.999726708,0.999815203,0.999864767,0.999917317,0.999746102,0.999749442,0.999599277,0.999586842,0.99977508,0.999773458,0.999770635,0.999677454,0.999650297,0.999706396,0.999444763,0.999739922,0.999156657,0.997543823,0.997359216,0.996517212,0.992982473,0.985417771,0.561729325,0.462116186,0.978974324,0.985069619,0.976161176,0.960410579,0.991185112,0.999387482,0.99971224,0.99956792,0.999259361,0.999505401,0.999681134,0.999796847,0.999198926,0.999515464,0.999065044,0.999009269,0.999378202,0.999316749,0.999190555,0.998944497,0.99899984,0.999346866,0.998358427,0.999397192,0.995563403,0.991303936,0.988652686,0.987240489,0.974827174,0.948475806,-0.154083476,-0.219650676,0.015076643,0.0131214887,0.0196752623,0.03523792,0.00871682527,0.00153343089,0,0,0,0,0,0.000539151012,0.00181810571,0,0,0,0,0,0.00142384649,0.00171967479,0.00175241672,0.000455123721,0,0.00124539363,0.00516061119,0.0074566584,0.00927874549,0.0119231736,0.0203260122,0.0378170565,0.435187212,0.494651403,22.5086767,21.1999206,19.7859643,18.71719,19.173975,20.8204569,22.8433373,22.3185076,23.3449338,21.9192476,22.4495675,20.4126014,18.5930237,18.2990982,17.479963,17.5273181,16.4095701,16.7452016,18.1388448,15.1002339,16.8095979,14.7338281,14.1282146,12.861492,10.8439123,10.5184634,9.51305214,8.49085049,7.69506042,6.75571756,6.4127908,4.78017459
evaluation/nocturnal-animals_02/i24_vbr_5ms_192k/master.wav,evaluation/nocturnal-animals_02/i24_vbr_5ms_192k/rust.wav,4.36184114,0.997082782,0.997503031,0.98776135,0.981823053,0.993454468,0.999411563,0.99976248,0.999391351,0.999006311,0.999279534,0.999342809,0.999576516,0.998472255,0.998580191,0.997696849,0.997911037,0.998771156,0.998853002,0.998792793,0.998479646,0.997921723,0.998633501,0.996776845,0.997811421,0.995666999,0.987583389,0.985037352,0.977794145,0.966110895,0.939515208,0.543817101,0.449426954,0.978443692,0.985115945,0.951762018,0.935575996,0.97856259,0.998719451,0.999377098,0.998181543,0.997932067,0.99821109,0.998182478,0.998851969,0.995327185,0.996388519,0.994311221,0.994311985,0.997200561,0.995992809,0.994823865,0.996284024,0.990193297,0.996607792,0.989364373,0.993699447,0.9852727,0.952395909,0.948696034,0.90325964,0.869954078,0.842278079,-0.208292152,-0.256398508,0.0154893898,0.012046855,0.0322177458,0.0497115114,0.0176232181,0.00287487842,0,0,0,0,0.000826734584,0.00102084374,0.00467381342,0,0,0,0,0.00261545429,0.00433108217,0.00493680459,0.00872410183,0.00325375285,0.00710329449,0.00702784161,0.0145949475,0.0373075165,0.0493454301,0.0708274788,0.0746424309,0.116693589,0.428801945,0.501560469,22.5408434,21.2408552,19.8474109,18.7745474,19.2229698,20.8547635,22.880602,22.3621999,23.3814798,21.9659951,22.4772664,20.4787591,18.6531725,18.3616028,17.5354855,17.5499531,16.4755113,16.8144688,18.1981202,15.1826772,16.8636383,14.7953343,14.1768989,12.9156081,10.9146968,10.5789408,9.57988034,8.53494652,7.74674427,6.83047786,6.51312095,4.85474438
evaluation/nocturnal-animals_02/i24_vbr_5ms_192k/master.wav,evaluation/nocturnal-animals_02/i24_vbr_5ms_192k/c.wav,4.3334818,0.996583443,0.99727684,0.988756409,0.984983005,0.994565806,0.999452206,0.999730014,0.999465977,0.999281996,0.999252587,0.999389134,0.999577978,0.998945005,0.998773708,0.997806171,0.998315818,0.998982697,0.998806722,0.998736889,0.998301238,0.998729464,0.9985375,0.996604735,0.997997351,0.995883057,0.985586612,0.984816931,0.97794625,0.953746139,0.914006007,0.531007195,0.429034067,0.978911714,0.982673142,0.937946879,0.92836685,0.978938026,0.998570529,0.999285832,0.998773711,0.998438943,0.99739882,0.998497007,0.999140503,0.997934001,0.997749199,0.995350243,0.995868605,0.997077998,0.99627246,0.994257782,0.994969085,0.997663398,0.994313221,0.984564808,0.995490263,0.982387261,0.95294122,0.947526493,0.896688937,0.779506261,0.615012116,-0.0788804088,-0.236563346,0.0175668234,0.0157158854,0.039767652,0.0472479022,0.0152188529,0.00240485827,0,0,0,0.00229646859,0,0,0.00329219761,0,0.00171764016,0,0,0.00174545464,0.00478795675,0.00596159465,0.00229539379,0,0.00769144593,0.00507361948,0.0120853859,0.03503951,0.0472567486,0.0697646294,0.123934421,0.158031976,0.423759166,0.497511999,22.5469309,21.2390522,19.8177158,18.754147,19.225993,20.8237925,22.8282663,22.3368504,23.3614803,21.9392966,22.4895774,20.4305675,18.6232185,18.3458631,17.5380227,17.5771071,16.4546181,16.7883232,18.1795877,15.1330812,16.8603739,14.8063821,14.1574317,12.8877515,10.9192293,10.5776219,9.56411865,8.52454495,7.73726021,6.7949916,6.49316349,4.82535095
evaluation/nocturnal-animals_02/i24_vbr_5ms_256k/master.wav,evaluation/nocturnal-animals_02/i24_vbr_5ms_256k/rust.wav,4.41651508,0.997275154,0.997818144,0.994904349,0.991041525,0.996552042,0.999591222,0.999848017,0.999640543,0.999459712,0.999566009,0.999647695,0.99982737,0.999504008,0.999552233,0.999191239,0.999246321,0.999500306,0.999382096,0.999367863,0.999363893,0.999394552,0.999497369,0.998948524,0.999389574,0.998897944,0.996013266,0.995488949,0.992437787,0.986292938,0.974244567,0.564684546,0.465015901,0.979177635,0.982927276,0.983333082,0.966345616,0.989153735,0.998905998,0.999546205,0.999287342,0.998542041,0.998779709,0.999249344,0.999622493,0.998256572,0.998967535,0.997402883,0.998078582,0.998913645,0.998197377,0.99741956,0.998295974,0.997132641,0.998855521,0.996964129,0.997837797,0.996909391,0.986399348,0.988194032,0.971181461,0.946084007,0.900516085,-0.15261551,-0.235050607,0.0150017355,0.0142905266,0.0152105887,0.0236575939,0.0100618168,0.00230980973,0,0,0,0,0,0,0.00257746605,0,0,0,0,0.00157463577,0.0031750364,0.00298496576,0.00356200278,0,0,0.00259635332,0.00450890738,0.0110236818,0.0135449855,0.0213423114,0.0351501609,0.0502954868,0.42640927,0.490252783,22.5393299,21.2299523,19.8055578,18.7351757,19.2261381,20.8373636,22.8662559,22.3415617,23.3736316,21.9461877,22.4768825,20.4448151,18.6193848,18.3209023,17.4984252,17.55375,16.4373264,16.7702157,18.1647306,15.1310593,16.8366024,14.7653278,14.1565216,12.8885982,10.8748397,10.5427435,9.54760234,8.52219168,7.73139409,6.78321432,6.45009667,4.81682412
evaluation/nocturnal-animals_02/i24_vbr_5ms_256k/master.wav,evaluation/nocturnal-animals_02/i24_vbr_5ms_256k/c.wav,4.40219745,0.997431227,0.997499637,0.994782688,0.99068741,0.996630666,0.999649397,0.999865028,0.999648309,0.99943038,0.99956916,0.999611135,0.999826384,0.999596005,0.999580064,0.999001567,0.999089331,0.999530195,0.999397018,0.999302596,0.999278338,0.99944019,0.99957398,0.998962466,0.999366984,0.998493181,0.995650659,0.993337642,0.993217388,0.982843025,0.962198463,0.55110096,0.459298441,0.978988891,0.980295482,0.982713975,0.961794989,0.989326368,0.999122567,0.999717749,0.999212673,0.998709229,0.998697125,0.99901102,0.999402226,0.998948357,0.999064846,0.997686814,0.996721465,0.9989519,0.998436295,0.996924176,0.998036582,0.998492025,0.998863503,0.997593499,0.998215198,0.993723381,0.986729771,0.979643027,0.965759632,0.90791411,0.812244213,-0.157441345,-0.228314525,0.0153145276,0.0169756193,0.0145858933,0.0286039245,0.0114730933,0.00180334038,0,0,0,0,0,0.000694402026,0.00113942393,0,0,0,0,0,0.00295490162,0.0035508179,0.00238440747,0,0,0.00269457241,0.00810868362,0.0128802262,0.0210972118,0.0208299988,0.0438536186,0.0896316972,0.435458866,0.495844377,23.1185345,21.8086372,20.3641001,19.3294777,19.7824831,21.4310282,23.4731881,22.9345962,23.9673724,22.5249912,23.0492893,21.0603373,19.2251822,18.9337517,18.0932892,18.1280225,17.0393827,17.373993,18.7547964,15.7222071,17.4301085,15.3633788,14.7402809,13.4765968,11.4651867,11.1360133,10.1404609,9.10576013,8.3168131,7.37231584,7.04233128,5.39410073
evaluation/nocturnal-animals_02/i24_vbr_5ms_320k/master.wav,evaluation/nocturnal-animals_02/i24_vbr_5ms_320k/rust.wav,4.43155054,0.997444382,0.99814968,0.995160332,0.990337606,0.997115817,0.9997508,0.999901869,0.999776612,0.9997187,0.999784934,0.999858361,0.999910623,0.99971952,0.999764999,0.999626722,0.999688648,0.999786028,0.999778912,0.999760191,0.999674635,0.999658084,0.999694232,0.999409628,0.999707651,0.999402776,0.998166685,0.997599055,0.996192758,0.993798005,0.987420057,0.566691602,0.466679721,0.978979135,0.988274267,0.984027741,0.943322708,0.990180262,0.999286062,0.999698349,0.999405105,0.999384724,0.999571831,0.999690243,0.999705295,0.999283869,0.999549869,0.998886519,0.999099264,0.99921766,0.999433472,0.999163985,0.99918386,0.998793896,0.999016405,0.997474133,0.998942712,0.998312994,0.995259994,0.990775388,0.977917117,0.975195258,0.96536972,-0.170901152,-0.233415756,0.0150657823,0.0102421723,0.0149255861,0.0330000524,0.010409847,0.00176356095,0,0,0,0,0,0.000684511966,0.00202196192,0,0,0,0,0,0.00124665264,0.00171928142,0.00209884188,0,0.00118652606,0.00175825772,0.00338303676,0.00605843012,0.00877923136,0.0162816534,0.0175825051,0.0309920146,0.431631732,0.488589863,22.5233197,21.2209987,19.791245,18.7154781,19.1882614,20.8246894,22.8532012,22.3264259,23.3555105,21.9298664,22.4548615,20.4239223,18.6009414,18.3041978,17.475853,17.5341209,16.4158875,16.7574304,18.1443957,15.1050777,16.8181343,14.7463205,14.1413203,12.8680975,10.8523539,10.526415,9.52912119,8.4992646,7.70674365,6.75637211,6.4175956,4.78930633
evaluation/nocturnal-animals_02/i24_vbr_5ms_320k/master.wav,evaluation/nocturnal-animals_02/i24_vbr_5ms_320k/c.wav,4.4254153,0.997344676,0.998074249,0.99433957,0.992661355,0.997791143,0.999784411,0.999892454,0.999768427,0.999724829,0.999828764,0.999882816,0.999921287,0.999792142,0.999794865,0.99954926,0.999515763,0.999780874,0.999776259,0.999753958,0.999696539,0.999667319,0.999696786,0.999408429,0.999702773,0.999281377,0.997474476,0.996419295,0.996173189,0.992792515,0.985402523,0.560077827,0.460964703,0.979461584,0.985235607,0.979423683,0.975725772,0.993573358,0.999519541,0.999664988,0.999483734,0.999376913,0.999631857,0.999763828,0.999773348,0.999447059,0.999624356,0.998785492,0.997815869,0.99945581,0.999260712,0.99900096,0.999016406,0.99900133,0.999430125,0.99794363,0.999321729,0.997324989,0.992827126,0.986856204,0.985370717,0.968254879,0.930595203,-0.155732265,-0.230700845,0.0152627778,0.012905471,0.0184654781,0.022139845,0.00771497773,0.00166933053,0,0,0,0,0,0.000727305488,0.00164077373,0,0,0,0,0,0.00155695564,0.00154980475,0.00165961867,0.000726495459,0,0.00161604255,0.00401966815,0.00768965372,0.0121702978,0.0143405397,0.0219565936,0.0429767624,0.432735125,0.502051711,23.1317541,21.8127468,20.380808,19.3329249,19.809603,21.414612,23.4253862,22.9244907,23.961399,22.5211676,23.0677675,21.0375616,19.2009847,18.9335661,18.0994953,18.160887,17.0294289,17.3480025,18.7552994,15.6886617,17.4322803,15.3684995,14.7320502,13.4643168,11.459618,11.1363862,10.1225021,9.10233891,8.30288155,7.35955317,7.02023729,5.38476444
evaluation/nocturnal-animals_03/i16_cbr_5ms_192k/master.wav,evaluation/nocturnal-animals_03/i16_cbr_5ms_192k/rust.wav,4.17147527,0.994464086,0.998921137,0.99956957,0.999936036,0.999878602,0.999426531,0.999507244,0.999750532,0.999710406,0.999601135,0.999533969,0.997936184,0.997633005,0.99797459,0.99600401,0.994724659,0.993537053,0.992427453,0.991945174,0.981009696,0.977395685,0.975721531,0.953094173,0.946828001,0.935430689,0.92946312,0.918554515,0.901013636,0.851567489,0.758949317,0.675490847,0.535178652,0.972493391,0.996109837,0.997738316,0.999682467,0.999627167,0.998863758,0.999045791,0.999276296,0.9991795,0.999205721,0.999044543,0.994509857,0.995236639,0.995623937,0.988349128,0.983091948,0.982865361,0.970305496,0.981673619,0.951092369,0.937981975,0.945387261,0.916228775,0.872548305,0.888134332,0.888702833,0.889158702,0.877887522,0.77490401,0.594438299,-0.212761451,-0.304308114,0.025595712,0,0.00294159627,0.000778174266,0,0,0,0,0.00127044195,0,0,0.00574422456,0.00394738944,0.00419904048,0.00792823255,0.015234008,0.0140624528,0.0171076524,0.0169387137,0.0293592273,0.0434707992,0.0351276494,0.0823698016,0.0803474834,0.0822976548,0.0816893979,0.0996065158,0.103513569,0.173595116,0.262820409,0.375524707,0.371847727,13.4471221,10.725404,17.1637263,22.4923537,19.1264144,19.8531336,18.4214555,19.7951426,16.414371,17.2118425,13.76708,13.292798,12.2921913,12.2043588,10.2231527,10.6518168,8.87815245,8.7301055,7.36415644,6.91236722,6.64697233,6.04153902,5.86973386,5.58046724,5.45714078,5.54578559,5.66767375,5.75585938,5.73644565,5.68349955,5.54113964,2.18677634
evaluation/nocturnal-animals_03/i16_cbr_5ms_192k/master.wav,evaluation/nocturnal-animals_03/i16_cbr_5ms_192k/c.wav,4.17272999,0.995143618,0.998796199,0.999410179,0.999897135,0.999845294,0.999368388,0.999475492,0.999756452,0.999553151,0.999532379,0.999459993,0.997800238,0.997956866,0.998206616,0.99631191,0.995012594,0.994461353,0.993419953,0.992723206,0.982833041,0.977638389,0.97382646,0.963548408,0.948013873,0.930120823,0.926715468,0.924402002,0.898408084,0.848948915,0.777200455,0.668733871,0.528143789,0.983264154,0.996608595,0.995629221,0.99928512,0.999620373,0.99901735,0.999026403,0.999412298,0.998359723,0.998784766,0.998945685,0.995868945,0.996395594,0.995465637,0.989105701,0.988192595,0.98778626,0.982839649,0.977980395,0.955484129,0.941457878,0.946041473,0.917417896,0.889557707,0.864218171,0.86417717,0.891829299,0.790889986,0.712952076,0.600758861,-0.320920138,-0.26178438,0.0149332477,0.00204031073,0.00379562941,0.0011727666,0,0,0,0.00114033283,0.00252059577,0,0,0.0058942354,0.00334002136,0.0043385097,0.00802739192,0.0098693694,0.0100462291,0.0128142256,0.0173154978,0.0261023314,0.0374638827,0.0466235191,0.0503469997,0.0655605419,0.105409495,0.0942744362,0.0866143568,0.131087096,0.182631783,0.221654518,0.391687743,0.340420676,13.2102738,10.5001658,16.9366911,22.2527274,18.8874349,19.6276518,18.1972843,19.5336921,16.1924017,16.990598,13.5265258,13.0551333,12.0965473,11.9690119,10.013921,10.4392946,8.66026612,8.50667271,7.13164673,6.66954957,6.42451228,5.82346448,5.62797966,5.34779348,5.22838743,5.33217972,5.45329587,5.51213289,5.51085807,5.47398205,5.32881563,1.95307816
evaluation/nocturnal-animals_03/i16_cbr_5ms_256k/master.wav,evaluation/nocturnal-animals_03/i16_cbr_5ms_256k/rust.wav,4.37179105,0.993596285,0.999043635,0.99956569,0.999947508,0.999902704,0.99959292,0.999654816,0.999856473,0.999763001,0.999711702,0.999703982,0.999399749,0.999295928,0.999444473,0.998727059,0.998300954,0.997192803,0.996762804,0.996843,0.994177231,0.993263271,0.990823152,0.984631118,0.979653227,0.975157201,0.971660107,0.967208775,0.953585744,0.941578591,0.906950806,0.685931961,0.534002139,0.974519379,0.997431208,0.99624143,0.999674607,0.999785841,0.999276606,0.999089142,0.999689869,0.999210506,0.999353118,0.99923363,0.998675106,0.998366161,0.998482819,0.997274671,0.99647213,0.994601363,0.989358954,0.992238479,0.985802884,0.983588659,0.976481463,0.970640833,0.96406095,0.9660263,0.947935376,0.950470453,0.895830856,0.913711248,0.870934308,-0.219907076,-0.302013824,0.0249130304,0.00128760945,0.00376410956,0.00080299827,0,0,0,0.000233856127,0.00126784194,0,0,0.0024554414,0.00196745073,0.00181445132,0.00385887793,0.00454435553,0.00796617406,0.00823098273,0.00798493233,0.0102386849,0.0127175528,0.0155944733,0.0232052136,0.0321858406,0.0327157519,0.0448974822,0.044656338,0.0720922937,0.0665034055,0.137200072,0.373421235,0.367932486,13.4730001,10.760229,17.2011829,22.533478,19.1669669,19.8888563,18.4551801,19.8280059,16.4475699,17.242824,13.7948548,13.322921,12.3333186,12.2359647,10.2663828,10.688474,8.92069428,8.77029819,7.37932726,6.9307684,6.6770593,6.0602501,5.89118377,5.61043649,5.48172472,5.58913133,5.69852544,5.76404842,5.773549,5.71799042,5.53992834,2.17310987
evaluation/nocturnal-animals_03/i16_cbr_5ms_256k/master.wav,evaluation/nocturnal-animals_03/i16_cbr_5ms_256k/c.wav,4.39072243,0.994862621,0.999122407,0.99959426,0.999944056,0.999894164,0.999549364,0.999656329,0.999846856,0.999754392,0.999717746,0.999734007,0.999286412,0.999405214,0.999406307,0.998748126,0.998319908,0.99766659,0.996825955,0.99586975,0.993911219,0.993311885,0.989691828,0.983856085,0.97791596,0.974311561,0.973657553,0.967410676,0.961095951,0.947637218,0.919375536,0.68274436,0.561521081,0.975374475,0.998034181,0.996864834,0.999661278,0.999740492,0.999129407,0.999473302,0.999718337,0.999106426,0.999418081,0.999573633,0.998399858,0.999035145,0.998851586,0.9965932,0.995334928,0.994895655,0.991344999,0.991391868,0.985939457,0.98478813,0.977786439,0.971690692,0.959290275,0.962235222,0.956787779,0.953211427,0.945081576,0.915159174,0.843640961,-0.243150975,-0.312585329,0.0320934884,0.00163133238,0.0029833124,0.000758757249,0,0,0,0.000311531056,0.00141911251,0,0,0.00231771291,0.00148538059,0.00127393527,0.00343516039,0.00476508083,0.00497000079,0.00854978844,0.0104190312,0.00880823247,0.0123054383,0.0197839061,0.0248847487,0.0361946652,0.035743907,0.0304919216,0.043285883,0.0538457265,0.070723544,0.105149424,0.376691496,0.384239232,13.9050107,11.1978653,17.6306218,22.9518819,19.5835658,20.3112742,18.8787134,20.253198,16.8734847,17.6671982,14.2186712,13.7484223,12.7592245,12.6654394,10.6876443,11.1221577,9.3531809,9.18675937,7.79855254,7.35358062,7.10120239,6.48915254,6.32533096,6.03371959,5.90667553,6.00810691,6.12524629,6.19943692,6.18873046,6.14172074,5.97727422,2.59735333
evaluation/nocturnal-animals_03/i16_cbr_5ms_320k/master.wav,evaluation/nocturnal-animals_03/i16_cbr_5ms_320k/rust.wav,4.45324404,0.995695052,0.999204954,0.999730261,0.999959996,0.999921195,0.999709584,0.999762084,0.999893885,0.999878278,0.999879767,0.999877946,0.999570493,0.999561424,0.999667488,0.999512375,0.999376823,0.999146172,0.998938912,0.998871725,0.997372533,0.996422616,0.99521113,0.991994044,0.991915116,0.989069788,0.987676869,0.98696272,0.984090828,0.978261294,0.959563228,0.683585171,0.542652744,0.983961193,0.996756361,0.99814009,0.999816812,0.999727264,0.999385668,0.999498711,0.999757503,0.999628512,0.999708412,0.999781632,0.998546599,0.998622687,0.999409344,0.999217097,0.998653823,0.998321273,0.996942729,0.99696428,0.995040841,0.992754279,0.98820577,0.984733264,0.98465483,0.979661099,0.979684437,0.981403871,0.972921688,0.965108028,0.932462501,-0.235904672,-0.304435255,0.0122060959,0.00284888708,0.00227711462,0.000669894755,0.000375127065,0,0,0,0.000427699523,0,0,0.00242301455,0.00198017897,0,0.000719764833,0.00164271112,0.00198268274,0.00353838112,0.00363786481,0.00357061325,0.00734482058,0.0104023741,0.0134443765,0.0102917543,0.0139265728,0.0147615872,0.0169564983,0.025988478,0.0250590202,0.0526187737,0.376922645,0.371444086,13.574794,10.8442667,17.288964,22.6122893,19.2496244,19.9760872,18.5449488,19.917644,16.536259,17.3390249,13.8876183,13.417642,12.4183504,12.3244836,10.3512662,10.7849044,9.00851353,8.8486287,7.45642878,7.01549906,6.76239507,6.15038147,5.97068589,5.69388394,5.56364457,5.67076331,5.78944179,5.86060859,5.84958477,5.79846348,5.63015853,2.26073447
evaluation/nocturnal-animals_03/i16_cbr_5ms_320k/master.wav,evaluation/nocturnal-animals_03/i16_cbr_5ms_320k/c.wav,4.45037225,0.99654619,0.999366466,0.999786849,0.999967074,0.999929122,0.999723235,0.999773579,0.999901592,0.999855274,0.999852557,0.999884659,0.999675826,0.999720924,0.999708343,0.999424018,0.999188389,0.998991606,0.999066125,0.998994775,0.997323335,0.997020411,0.995609215,0.993187987,0.991828235,0.98891348,0.986386844,0.984013508,0.983492562,0.975393176,0.962091863,0.682936486,0.542495766,0.992572828,0.998208614,0.998445103,0.99983639,0.999776917,0.999540012,0.999594562,0.9996981,0.999615439,0.99972193,0.999787804,0.999362276,0.999229271,0.999255274,0.998467946,0.997952277,0.997648468,0.998245989,0.998090667,0.995371146,0.994605991,0.989788038,0.98118049,0.983653169,0.981196195,0.978029585,0.970615439,0.965971288,0.956912992,0.926561055,-0.240127899,-0.302379299,0.00867666047,0,0.00181531609,0.000561256781,0.00056155979,0,0,0.000652262597,0.000795262901,0,0,0.00143124072,0.000963339777,0.000727754872,0.00186137301,0.00248496286,0.00128524789,0.00287531572,0.00347736009,0.00478630323,0.00610305267,0.0105289322,0.0123374232,0.0111935438,0.0125819849,0.0188378343,0.0268976581,0.0249271968,0.037345826,0.0472683141,0.378188433,0.371834109,13.5566535,10.8541088,17.283499,22.6060008,19.2415929,19.9711679,18.5347205,19.9117742,16.5250556,17.3249047,13.8745932,13.4049891,12.4100377,12.3231293,10.3430057,10.7723947,9.0008612,8.84366247,7.45813233,7.01024507,6.75123393,6.14216443,5.9674379,5.68309446,5.54880297,5.65882788,5.77907813,5.85168736,5.84309302,5.78650595,5.61756089,2.257823
evaluation/nocturnal-animals_03/i16_vbr_5ms_192k/master.wav,evaluation/nocturnal-animals_03/i16_vbr_5ms_192k/rust.wav,4.16468038,0.993997768,0.998775808,0.99951884,0.999937965,0.999836354,0.999200284,0.999452943,0.999763031,0.999610832,0.999609096,0.999429671,0.99824088,0.997924358,0.997870236,0.996295466,0.994767891,0.994612491,0.993634131,0.991872561,0.982079547,0.979235221,0.975384301,0.952760064,0.945916493,0.938666227,0.930444217,0.918322937,0.884193514,0.849267891,0.772095314,0.675625673,0.522042264,0.965404565,0.995308769,0.997173323,0.999743163,0.999455376,0.998147426,0.998811584,0.999382096,0.998547515,0.999061656,0.998609772,0.997025871,0.996164222,0.994523661,0.99290622,0.984008838,0.987616671,0.979971883,0.979924271,0.965918699,0.954914055,0.950134937,0.913447013,0.90260843,0.881250194,0.884736147,0.887391403,0.834303031,0.757007208,0.631829131,-0.206808074,-0.281168026,0.0291187209,0,0.00296789823,0.000803039762,0,0,0,0,0.00204109742,0,0,0.00300290849,0.000781733003,0.00567874697,0.00731598476,0.0140071956,0.00863767263,0.0125572229,0.0183828582,0.0269021613,0.0359237656,0.0369325613,0.0694725119,0.0752834672,0.0773769573,0.0848428385,0.0988054725,0.13938267,0.162012398,0.252698904,0.375352007,0.363093605,13.2867859,10.5666435,17.0110297,22.3388955,18.9715624,19.6994959,18.2702964,19.6478772,16.2627806,17.0595516,13.6178498,13.1431454,12.1520112,12.054075,10.0707399,10.5057548,8.73449197,8.58751253,7.21109116,6.7612508,6.5027015,5.89576437,5.72396289,5.43768174,5.3000946,5.3990838,5.51707889,5.59589081,5.58550486,5.5324729,5.40887675,2.03518556
evaluation/nocturnal-animals_03/i16_vbr_5ms_192k/master.wav,evaluation/nocturnal-animals_03/i16_vbr_5ms_192k/c.wav,4.18220643,0.995824664,0.998951226,0.999546647,0.999933284,0.999865119,0.999413627,0.999530291,0.999771492,0.999667162,0.999577443,0.99950001,0.9982881,0.998085256,0.998225326,0.996362194,0.995460602,0.994741432,0.992880873,0.992220465,0.984664921,0.980570589,0.977947167,0.962405957,0.953330922,0.933677339,0.928933245,0.923044705,0.894863909,0.858110732,0.77820513,0.673736471,0.536987465,0.990375679,0.997292282,0.996815447,0.999703207,0.99963844,0.998987447,0.999195131,0.999590521,0.998984082,0.998623826,0.99896507,0.995380978,0.996089446,0.995554715,0.992108462,0.988357569,0.98459181,0.981025597,0.977127634,0.965644691,0.946224799,0.958603746,0.924628168,0.901017345,0.902131953,0.852328205,0.886817217,0.777145581,0.772317294,0.624633751,-0.279089921,-0.306630873,0.0107619325,0.00234538996,0.00314974448,0.000773578543,0,0,0,0.000727745137,0.00126601014,0,0,0.00383450485,0.00454016724,0.00382329946,0.0067290087,0.0097499951,0.0123957765,0.0148852752,0.0167547905,0.0215122547,0.0364219808,0.0401541854,0.0567214145,0.0689938748,0.0922444343,0.0905961055,0.0850119977,0.133658885,0.162956593,0.203609584,0.387226008,0.369699092,13.4706546,10.7624902,17.1812771,22.5097472,19.1420511,19.8651245,18.4354517,19.8039526,16.4241459,17.220379,13.7750102,13.3068791,12.315737,12.2220749,10.2499293,10.6625735,8.90359134,8.75449039,7.37654522,6.91719842,6.66205946,6.06569324,5.8840161,5.59635499,5.46341067,5.56918494,5.69658702,5.75096101,5.74655277,5.72958408,5.56643837,2.19978835
evaluation/nocturnal-animals_03/i16_vbr_5ms_256k/master.wav,evaluation/nocturnal-animals_03/i16_vbr_5ms_256k/rust.wav,4.38049066,0.992574628,0.998836907,0.999647603,0.99995001,0.999908143,0.999545206,0.999682799,0.999847032,0.999742299,0.999764898,0.999731662,0.999362893,0.99929915,0.999497229,0.998844773,0.99830769,0.997940745,0.997566865,0.996908347,0.993946393,0.992284409,0.988356829,0.984391564,0.982185566,0.97821096,0.974016775,0.966172593,0.957784452,0.945955121,0.914992811,0.685843435,0.530384982,0.965342934,0.996678766,0.997510314,0.999668864,0.999817499,0.998928905,0.999487734,0.999626002,0.998985656,0.999447346,0.99933448,0.998651577,0.997841189,0.99910289,0.998168519,0.995849426,0.995761217,0.994634864,0.991219198,0.984214525,0.975878537,0.959065782,0.962824628,0.967270464,0.964423019,0.96042951,0.952603427,0.907684807,0.921482833,0.865201461,-0.226098636,-0.302759347,0.0298267431,0.00270898209,0.00259887856,0.000811442029,0,0,0,0.000413625454,0.00166844337,0,0,0.00222576603,0.00292126662,0.000710196228,0.00321759177,0.00451693956,0.00393856991,0.00483782421,0.00814926405,0.0118957078,0.0151491325,0.0261681887,0.02670623,0.0224837432,0.0248153549,0.036805253,0.0517064586,0.069577921,0.0636709831,0.115310798,0.374220677,0.368154267,13.4144414,10.6872931,17.1469236,22.4686284,19.100645,19.8278907,18.3971482,19.7696183,16.3840872,17.1885597,13.744046,13.2659495,12.2760161,12.1780972,10.1993816,10.6275708,8.86431632,8.71322605,7.32377709,6.87168176,6.61984932,6.00831767,5.83027955,5.55237381,5.4209271,5.52858262,5.63451387,5.70949459,5.71081674,5.66157121,5.488888,2.13074353
evaluation/nocturnal-animals_03/i16_vbr_5ms_256k/master.wav,evaluation/nocturnal-animals_03/i16_vbr_5ms_256k/c.wav,4.39269073,0.99412047,0.999104344,0.999595308,0.999946037,0.999901317,0.999536359,0.999599371,0.999801889,0.999765176,0.999711042,0.99972443,0.999162398,0.999405391,0.999368041,0.998487445,0.998006575,0.997365008,0.996937397,0.996436183,0.994058192,0.993761761,0.990721769,0.982303905,0.979538748,0.976164439,0.973368571,0.967769757,0.962333389,0.949896623,0.922964413,0.685056344,0.549282033,0.984861954,0.997678999,0.996835621,0.999706756,0.999782812,0.999185526,0.999261444,0.9994522,0.999236585,0.99929401,0.999383177,0.997579691,0.998657853,0.997891599,0.994203795,0.994928614,0.990520771,0.989031761,0.991357406,0.989478137,0.987426058,0.978157028,0.968276618,0.962020959,0.956830206,0.95621874,0.953630386,0.945077895,0.913767822,0.840631855,-0.229119666,-0.302736004,0.0228205913,0.00151644037,0.00298868576,0.000766751118,0,0,0,0,0.00118927769,0,0,0.00290846504,0.00141688079,0.00217365191,0.00483637751,0.0059171406,0.0075405038,0.00835408483,0.00817517891,0.00862031776,0.00953812665,0.0167766968,0.0290727318,0.0305624084,0.0396299101,0.0353782079,0.0405060638,0.051986249,0.0631670146,0.0883833402,0.374058048,0.376100434,13.6980344,10.9740918,17.4144209,22.7393517,19.3681861,20.0989051,18.6697649,20.0380259,16.6585438,17.4513624,14.0032427,13.5403286,12.5442731,12.449482,10.4711151,10.9097124,9.13672626,8.97142166,7.59022054,7.14483753,6.88867924,6.27729053,6.11290417,5.82294998,5.69187921,5.79738374,5.92112947,5.99129787,5.9788625,5.92233687,5.75784052,2.38283161
evaluation/nocturnal-animals_03/i16_vbr_5ms_320k/master.wav,evaluation/nocturnal-animals_03/i16_vbr_5ms_320k/rust.wav,4.45229147,0.995410017,0.999193592,0.999717318,0.999954791,0.99992647,0.999727852,0.99977029,0.999902317,0.999868006,0.99986293,0.999878583,0.999614982,0.99961227,0.999697805,0.999499275,0.999280578,0.999196517,0.998985043,0.998839089,0.997180688,0.996773066,0.995419915,0.993530117,0.993246907,0.990424101,0.987871065,0.986869583,0.983785951,0.977756137,0.961262995,0.684062155,0.534674053,0.98517032,0.997176763,0.99802689,0.99976481,0.999827641,0.999397268,0.999559102,0.999724628,0.99959913,0.999688721,0.999784854,0.998897607,0.998954199,0.999120059,0.998726623,0.998332572,0.998361751,0.997732502,0.997655277,0.993877203,0.993818067,0.990603231,0.986321738,0.988652288,0.982276981,0.976231159,0.975626399,0.968544323,0.963080351,0.931496155,-0.237371166,-0.295648397,0.0193384544,0.00235149246,0.00230931346,0.000776489052,0.000239916484,0,0,0,0.000822963968,0,0,0.00240973621,0.00182401332,0.00116384994,0.00163411391,0.00262833309,0.00205986041,0.00360306548,0.00343870696,0.00470897388,0.00602916292,0.0105003901,0.0113009821,0.00794321684,0.0133285987,0.0180188991,0.0192019365,0.0250969373,0.0282226048,0.0494726364,0.377320474,0.366581505,13.460209,10.7458049,17.1847125,22.5035422,19.1381685,19.8681469,18.4350221,19.8107115,16.4303261,17.2286614,13.7795182,13.309018,12.3102468,12.2169843,10.2410222,10.675687,8.89790006,8.74130138,7.35233733,6.90482294,6.64700942,6.04328661,5.86992601,5.58592508,5.45586173,5.55883608,5.68094697,5.75489343,5.74153657,5.68679353,5.52123786,2.15559744
evaluation/nocturnal-animals_03/i16_vbr_5ms_320k/master.wav,evaluation/nocturnal-animals_03/i16_vbr_5ms_320k/c.wav,4.45591994,0.995857898,0.99938886,0.999723713,0.999967308,0.999935368,0.999726023,0.999764852,0.999907674,0.99986639,0.999860413,0.999870401,0.999704381,0.999684177,0.999660953,0.999350334,0.999266854,0.999185521,0.999096897,0.998900175,0.99694661,0.99683638,0.996222771,0.994227961,0.992033679,0.989351009,0.987203342,0.987560799,0.985095884,0.977880993,0.960434216,0.683184379,0.550056148,0.987661958,0.998495886,0.998308074,0.999857437,0.999838088,0.999503951,0.999542892,0.999701492,0.999569166,0.999739362,0.999775941,0.99946427,0.999472653,0.998750119,0.99756695,0.998503109,0.997891726,0.99771483,0.997229398,0.992536691,0.992101647,0.991489862,0.987782389,0.98803694,0.980819346,0.978670667,0.981694491,0.971639953,0.964402814,0.893268139,-0.234673183,-0.302251071,0.0153844841,0.00117326057,0.00242003734,0.000562399625,0.000271615348,0,0.000122320397,0.000651072107,0.00103646387,0,0,0.000950847985,0,0.00139118699,0.00267425059,0.00252712807,0,0.00317172215,0.00407535733,0.00637550079,0.00718188887,0.00730383641,0.00910617623,0.0100109651,0.0129302996,0.0203958493,0.0180785948,0.0224526134,0.0324160205,0.0603303116,0.376509392,0.374522857,13.662671,10.9540412,17.3909668,22.7119916,19.3450745,20.0715092,18.6355133,20.015876,16.6324206,17.4330252,13.9800477,13.5122269,12.5144787,12.427998,10.4478589,10.8777607,9.10290022,8.94268131,7.55775497,7.11635773,6.85399312,6.24395729,6.07108912,5.78704741,5.65379571,5.76654875,5.88270753,5.95725089,5.94620793,5.89045358,5.71785306,2.35834251
evaluation/nocturnal-animals_03/i24_cbr_5ms_192k/master.wav,evaluation/nocturnal-animals_03/i24_cbr_5ms_192k/rust.wav,4.17043392,0.99291338,0.998839353,0.999563272,0.999919146,0.999836423,0.999336441,0.99947995,0.99971543,0.999683285,0.999628701,0.999481157,0.997910918,0.997930882,0.998198484,0.996252708,0.994849386,0.994332259,0.99212669,0.9912149,0.981099856,0.977014965,0.975166845,0.950101618,0.945622771,0.934387924,0.929387745,0.921067192,0.902070176,0.856751612,0.75672631,0.674189138,0.520708374,0.961674964,0.996041296,0.997420459,0.999573183,0.999451504,0.998868557,0.999205988,0.998855075,0.999209953,0.999318279,0.998814494,0.993806553,0.996043244,0.995787169,0.988503271,0.981567839,0.98566005,0.970812674,0.979593023,0.949468803,0.938652021,0.95337027,0.919396817,0.896252259,0.899382973,0.881136203,0.868709284,0.88058801,0.796195941,0.575228887,-0.205427202,-0.285262601,0.0320753812,0,0.00277576317,0.000824477873,0,0.000819262154,0,0,0.00164861848,0,0,0.00527278049,0.00333289439,0.00319611921,0.00793949653,0.0154793649,0.0104688465,0.0160409889,0.0172133926,0.0306248871,0.0443245284,0.0364491314,0.0865040398,0.0740607598,0.0760645977,0.086064143,0.0955349943,0.105493063,0.160081258,0.269299791,0.377698337,0.361772995,13.2507271,10.5213226,16.9711372,22.3016404,18.9334767,19.658763,18.227882,19.6020221,16.2179444,17.0163749,13.5778356,13.1002064,12.1100213,12.0176087,10.0367058,10.4588317,8.68534715,8.54209666,7.17142712,6.71267942,6.45712959,5.85418568,5.68827336,5.39452952,5.26096008,5.35319927,5.48079563,5.56351976,5.55385924,5.47917666,5.35837087,2.00650956
evaluation/nocturnal-animals_03/i24_cbr_5ms_192k/master.wav,evaluation/nocturnal-animals_03/i24_cbr_5ms_192k/c.wav,4.17171623,0.994512257,0.999038439,0.999560744,0.999910231,0.999863511,0.999385347,0.999457537,0.99975683,0.999611783,0.999641555,0.999541642,0.997725404,0.998025358,0.998242373,0.996398972,0.995261666,0.994624493,0.993280036,0.991505112,0.980725795,0.977125677,0.973751089,0.961455785,0.941645898,0.923622275,0.920000779,0.914229896,0.893046689,0.857761343,0.783971216,0.675443196,0.533594387,0.984900701,0.997137459,0.996730344,0.999438546,0.999645275,0.998560723,0.998876078,0.99944198,0.998022899,0.999340839,0.999030157,0.991718103,0.99512322,0.995723013,0.992218268,0.991332984,0.991464657,0.980786868,0.969424002,0.945999056,0.948466775,0.94586798,0.915898756,0.866319047,0.870136279,0.832141835,0.879780216,0.7955939,0.793622022,0.676970479,-0.253512037,-0.299362175,0.0184211761,0,0.0029241045,0.000949659752,0,0,0,0.000913347555,0.00223686754,0,0,0.00660529819,0.00449955031,0.0038214756,0.00642283506,0.00892507308,0.00989238244,0.0130345302,0.0210873406,0.027581015,0.0385845442,0.0452532273,0.0528936815,0.0812601176,0.112572977,0.100747306,0.104533728,0.1378955,0.167830119,0.20867564,0.382480245,0.368948967,13.4545683,10.7405829,17.1770426,22.5027953,19.1323408,19.8589756,18.4323599,19.7994003,16.4247714,17.2127913,13.7647291,13.2916121,12.2976827,12.2047359,10.2556461,10.6748133,8.89804006,8.74645942,7.36479675,6.90125775,6.65532135,6.05660423,5.8676263,5.58536841,5.45226672,5.56873347,5.69216798,5.7394913,5.73914851,5.70471093,5.56059382,2.17771613
evaluation/nocturnal-animals_03/i24_cbr_5ms_256k/master.wav,evaluation/nocturnal-animals_03/i24_cbr_5ms_256k/rust.wav,4.37147185,0.993649484,0.999089188,0.999570929,0.999944692,0.999910732,0.999530761,0.999624887,0.99984342,0.99974079,0.999689143,0.99968297,0.999272253,0.99929951,0.999531207,0.998981429,0.998372802,0.9972526,0.996596968,0.996518977,0.993968355,0.993084496,0.991255477,0.984130199,0.980339384,0.975723295,0.971705568,0.965313584,0.952182893,0.944038446,0.910279386,0.686133446,0.526769955,0.97162319,0.997784521,0.997655827,0.999644912,0.999773585,0.999121556,0.998933891,0.999652096,0.999301337,0.999260217,0.999115392,0.998349974,0.998603619,0.999042647,0.998056817,0.996441932,0.994344122,0.989754215,0.991829882,0.984722536,0.98362815,0.980222324,0.963206859,0.970149723,0.962471279,0.955733008,0.951689042,0.897495136,0.9123463,0.873797119,-0.218154138,-0.300081605,0.0234854536,0.00161879177,0.00356657164,0.000836886611,0,0,0,0.000585705239,0.00121799993,0,0,0.00314972919,0.00189787284,0,0.0023981941,0.00388599662,0.00703668407,0.00831653278,0.00903401661,0.0103924333,0.0133438487,0.0146337848,0.0234246467,0.0263279457,0.031494256,0.0412809097,0.0505104098,0.0791976533,0.0648884609,0.126888999,0.372978027,0.36317885,13.3690651,10.6591807,17.1012862,22.4248604,19.0605266,19.7870943,18.3532813,19.7263531,16.3452375,17.1400549,13.6950115,13.221494,12.2306103,12.1313577,10.1609016,10.5884127,8.8172984,8.66269115,7.27167097,6.82209554,6.5692238,5.95543925,5.78969114,5.50197356,5.37773962,5.48041236,5.59479323,5.66137876,5.66558459,5.6141816,5.44126516,2.07345252
evaluation/nocturnal-animals_03/i24_cbr_5ms_256k/master.wav,evaluation/nocturnal-animals_03/i24_cbr_5ms_256k/c.wav,4.39079203,0.995059306,0.999141637,0.999602302,0.999946125,0.999896062,0.999568026,0.999642804,0.999819756,0.999781922,0.999736973,0.999737254,0.999181134,0.999353963,0.999341076,0.998563671,0.998339964,0.997716244,0.996824186,0.996849724,0.994614116,0.99260895,0.989623729,0.983620752,0.979016328,0.973613025,0.9735619,0.969387236,0.962352253,0.947430962,0.918811641,0.68390595,0.555693565,0.974640267,0.998022826,0.996872536,0.999657071,0.99974522,0.999349422,0.999480138,0.99929223,0.99935397,0.999493764,0.999559278,0.997837327,0.999026312,0.99777261,0.994513743,0.995804068,0.993122499,0.989677786,0.993389771,0.992098419,0.984856496,0.975182709,0.968469276,0.965825586,0.949809779,0.944218076,0.95344606,0.932998617,0.915022241,0.828664574,-0.243801911,-0.303744159,0.0329139761,0.00137305751,0.00301514394,0.000699518458,0,0,0,0.000791977026,0.000912485253,0,0,0.00282504072,0.00184626392,0.00228678231,0.0044409149,0.00455054438,0.0055637617,0.00805330497,0.00739055127,0.00759246715,0.0124598464,0.0205356401,0.0252954315,0.0332856502,0.0437410551,0.0352935334,0.0362549386,0.0486942727,0.0734210736,0.106260757,0.376444376,0.379558366,13.8062629,11.0778322,17.5159993,22.8390617,19.4692611,20.1979187,18.7672673,20.1423709,16.7603793,17.554225,14.1046907,13.6404593,12.6467797,12.550078,10.5786159,11.0067314,9.23792212,9.07606945,7.688078,7.24377941,6.98725349,6.37641859,6.20576766,5.91715271,5.78858454,5.89392305,6.01810306,6.08683303,6.0747175,6.03153868,5.86075684,2.48944414
evaluation/nocturnal-animals_03/i24_cbr_5ms_320k/master.wav,evaluation/nocturnal-animals_03/i24_cbr_5ms_320k/rust.wav,4.45448075,0.996487915,0.999239908,0.999781966,0.999962542,0.999923002,0.999710748,0.999776487,0.999899723,0.999883143,0.999875097,0.999881903,0.999594839,0.999494467,0.999674928,0.999427025,0.999302049,0.999197804,0.999026623,0.998821296,0.997011011,0.996811496,0.995936852,0.992341583,0.991504843,0.9895076,0.987454331,0.987818222,0.986041552,0.979362651,0.960732294,0.682645807,0.538404513,0.993257156,0.997085142,0.998659335,0.999826555,0.999774653,0.999216775,0.999494931,0.999717888,0.999697209,0.99967395,0.999696624,0.998715598,0.997964195,0.999401068,0.999043848,0.998680644,0.998698193,0.997494097,0.997312816,0.994966751,0.993330565,0.994228306,0.983787789,0.985471411,0.980663896,0.978886263,0.97978796,0.977501265,0.964587249,0.923651019,-0.239418442,-0.302735448,0.00758858295,0.002614577,0.00188531507,0.00063836366,0,0,0,0,0,0,0,0.0022982322,0.00335100595,0,0.00111412785,0.00164902534,0.00167896958,0.00343785973,0.00342782129,0.0046907132,0.0063589078,0.00810941947,0.012690145,0.0105755398,0.0147920407,0.019546475,0.0152070104,0.0206220557,0.0230998411,0.0533156136,0.377783913,0.368927236,13.5079973,10.7752198,17.2180964,22.5412879,19.1781256,19.9055023,18.473265,19.8458338,16.4644657,17.2680801,13.8176045,13.3479526,12.3488552,12.2525463,10.2796083,10.7150768,8.93836929,8.78035804,7.38772436,6.95205258,6.69094762,6.08016746,5.90446118,5.62372851,5.48977032,5.59822237,5.71685486,5.7909133,5.78084365,5.72791124,5.56219739,2.19680898
evaluation/nocturnal-animals_03/i24_cbr_5ms_320k/master.wav,evaluation/nocturnal-animals_03/i24_cbr_5ms_320k/c.wav,4.45385378,0.996727758,0.999362879,0.999778599,0.999967018,0.999930481,0.999729471,0.99978568,0.999896564,0.999832497,0.999850964,0.999876621,0.99968692,0.999725294,0.999704779,0.999388736,0.999147155,0.998991215,0.998856606,0.998858372,0.997316048,0.99723503,0.996186153,0.993326283,0.991451945,0.990030913,0.988005775,0.98540929,0.983448913,0.977341167,0.961063079,0.683331473,0.547267048,0.992588573,0.998453819,0.998367036,0.999828429,0.999785562,0.999499633,0.99952906,0.999680061,0.999445917,0.999679518,0.99969583,0.999416337,0.999402781,0.999471857,0.998480195,0.997782958,0.997193571,0.996331305,0.997748943,0.995542886,0.994838157,0.993330864,0.983679178,0.985257385,0.981928663,0.98280222,0.970823324,0.964728057,0.956279201,0.909545702,-0.24083302,-0.302009813,0.00943049851,0.00179021731,0.00204696474,0.000596200327,0.000656404033,0,0,0.000946776126,0.00120394668,0,0.00013119907,0.00152640572,0.000760102943,0.000927281821,0.00215727266,0.00310460795,0.00120763895,0.00383779987,0.00385238236,0.00452016675,0.00551452456,0.00704667429,0.0135898191,0.0129553446,0.0119104047,0.0164133327,0.0213140586,0.0278746924,0.0348262056,0.060345247,0.378523819,0.373469492,13.5987093,10.8916132,17.3242822,22.6460828,19.2813611,20.0094135,18.574611,19.9516167,16.5650171,17.3642737,13.9148391,13.4440062,12.4503933,12.3605353,10.38031,10.8086244,9.03890211,8.88007826,7.49818075,7.04682064,6.78658552,6.17536928,6.00690883,5.72041934,5.58738274,5.69831293,5.81591431,5.89512631,5.88238521,5.83584242,5.66291718,2.30242602
evaluation/nocturnal-animals_03/i24_vbr_5ms_192k/master.wav,evaluation/nocturnal-animals_03/i24_vbr_5ms_192k/rust.wav,4.16365186,0.992401404,0.998823171,0.999654048,0.99994401,0.999847021,0.999241062,0.999459885,0.99975651,0.999694888,0.999633363,0.9994716,0.998001173,0.997962041,0.997955973,0.996473107,0.995204417,0.994424076,0.993038671,0.990978573,0.981903073,0.979186369,0.975017097,0.951562404,0.94604241,0.940178995,0.931953916,0.919020689,0.887362572,0.848667377,0.759813505,0.674430661,0.530689517,0.959260516,0.995457302,0.997859958,0.999788163,0.999659703,0.998550944,0.998929442,0.999426505,0.999419951,0.999119387,0.998767667,0.995601338,0.995957419,0.995596212,0.994502593,0.985035345,0.984723236,0.975892082,0.975408529,0.959922003,0.950238227,0.959741894,0.881212836,0.911315592,0.901089311,0.884608281,0.892550443,0.831904696,0.741569553,0.599691589,-0.220834076,-0.300175355,0.0342668051,0,0.00223065984,0.000720135018,0,0.00155500764,0,0,0.000519629768,0,0,0.00510521462,0.00246717595,0.00377924675,0.00585498148,0.0112366443,0.0120461035,0.0137726959,0.0188239453,0.0272877789,0.0365228983,0.0407898178,0.077358074,0.0716685018,0.0753937565,0.0791642027,0.0941549264,0.132375832,0.176241424,0.266253334,0.380900562,0.372709085,13.4780412,10.7565552,17.1855346,22.5144025,19.1539185,19.8811207,18.4488884,19.8199114,16.4336864,17.2285602,13.7853359,13.3111216,12.3244809,12.2397319,10.266275,10.6822796,8.90480798,8.75249892,7.37818361,6.9294371,6.67200671,6.06385954,5.90209612,5.60759902,5.46496707,5.57392564,5.69567257,5.7765913,5.76205051,5.70035886,5.57806835,2.19067475
evaluation/nocturnal-animals_03/i24_vbr_5ms_192k/master.wav,evaluation/nocturnal-animals_03/i24_vbr_5ms_192k/c.wav,4.18000384,0.994052301,0.998855483,0.999493254,0.999933229,0.999862702,0.999404565,0.999544231,0.999766092,0.999649258,0.999578667,0.999502609,0.998099518,0.998098163,0.998361562,0.996317163,0.995927828,0.995043077,0.993462114,0.992408647,0.982643412,0.977898363,0.974354333,0.962344276,0.949637994,0.925462771,0.924938579,0.919957875,0.8946346,0.860294252,0.781367476,0.67356416,0.541973475,0.969575755,0.996972569,0.9964349,0.999674532,0.999675528,0.999069974,0.999263111,0.99952096,0.999236501,0.998413135,0.998937722,0.994732284,0.996406716,0.996287844,0.990649667,0.991953027,0.990615618,0.979708191,0.976054669,0.959511898,0.945294899,0.949216483,0.918523969,0.913322519,0.878133063,0.863226011,0.864517733,0.813944565,0.762959507,0.604785295,-0.27304095,-0.300986749,0.0252829064,0.00227893482,0.0034241957,0.00071686133,0,0,0,0.00100966065,0.00136650949,0,0,0.00513353148,0.00429235867,0.00196042674,0.0067092466,0.00699784266,0.00922953402,0.0126457818,0.0156831671,0.0258225386,0.0390271707,0.0482355561,0.066187039,0.0780621802,0.113572007,0.0986137447,0.0995535182,0.133755746,0.162268804,0.215440094,0.386395002,0.372034546,13.5364507,10.8275071,17.2591798,22.5790519,19.2110601,19.9359634,18.5057841,19.8697089,16.491994,17.2919578,13.8372005,13.3670933,12.3863318,12.2829253,10.315119,10.7387839,8.97729367,8.82371809,7.44246324,6.9795345,6.72737101,6.12945966,5.94532243,5.67259529,5.5378106,5.64306395,5.76492589,5.81590238,5.80937234,5.78538675,5.62990091,2.26700882
evaluation/nocturnal-animals_03/i24_vbr_5ms_256k/master.wav,evaluation/nocturnal-animals_03/i24_vbr_5ms_256k/rust.wav,4.38429378,0.99194953,0.998826668,0.999616832,0.999955242,0.999905596,0.999627291,0.99968768,0.999825636,0.999689784,0.999744298,0.999712062,0.999277631,0.99929649,0.999241075,0.998688346,0.998292512,0.997943578,0.996908401,0.996312711,0.994161315,0.993279361,0.988631304,0.983916837,0.98135915,0.980269679,0.975169469,0.965684934,0.95654591,0.949118709,0.920164344,0.68553856,0.530097584,0.964548381,0.996109713,0.997739401,0.999746381,0.999762046,0.999458812,0.999548176,0.999388999,0.998757486,0.999387029,0.999302453,0.998480881,0.998602499,0.996975097,0.996791243,0.995714936,0.995788658,0.989340558,0.990252051,0.988162298,0.986248378,0.964467896,0.962723066,0.968121571,0.972256127,0.959360578,0.944777171,0.911897234,0.917528139,0.865576973,-0.217814212,-0.300901298,0.0302527873,0.00326095393,0.00295483289,0.000762709088,0.000497787405,0,0,0.000634299005,0.00214615956,0,0,0.00305981401,0.00210609513,0.00299745021,0.00410787148,0.00422347798,0.00384299307,0.00772897225,0.00940385567,0.0100179738,0.0120718463,0.0255818168,0.0252304922,0.0292966328,0.0217488279,0.0339185246,0.0548365425,0.0773435955,0.0578819379,0.107102826,0.373020431,0.36752069,13.3791015,10.668025,17.1128172,22.4348293,19.0692503,19.7970891,18.3635783,19.7384828,16.3553618,17.1535868,13.7064346,13.2329798,12.2420701,12.1415989,10.1702962,10.5962343,8.82709224,8.68054689,7.28707502,6.83115839,6.57705927,5.97192995,5.79302568,5.51579915,5.38310375,5.49434502,5.60153702,5.67795855,5.68086045,5.62812094,5.45982266,2.10973497
evaluation/nocturnal-animals_03/i24_vbr_5ms_256k/master.wav,evaluation/nocturnal-animals_03/i24_vbr_5ms_256k/c.wav,4.38877959,0.995183654,0.999087622,0.999601802,0.99994007,0.999886579,0.999556922,0.999649058,0.999853224,0.999768854,0.999735556,0.999754045,0.999265961,0.999416016,0.999396456,0.99862192,0.998135941,0.997430229,0.996803616,0.996501352,0.993978386,0.992979764,0.991183445,0.983765041,0.981218954,0.976202948,0.974215354,0.967709507,0.95870633,0.948058269,0.920111578,0.68610899,0.54680268,0.984997438,0.997466109,0.997308376,0.999762553,0.99970685,0.999189312,0.999259471,0.999701986,0.999403372,0.999419037,0.999520526,0.998503824,0.998843977,0.998181346,0.99637562,0.994054875,0.990398549,0.99014188,0.992703984,0.988902474,0.985431188,0.985560212,0.967950424,0.961903613,0.956407702,0.955112407,0.949172488,0.940385781,0.919028433,0.825881821,-0.232151993,-0.300905273,0.019088401,0.00172612073,0.00294402681,0.000798614579,0,0,0,0.000150929203,0.00105807481,0,0,0.00255472506,0.0010603793,0.00177722844,0.00399155631,0.00509752608,0.00665211011,0.00812289709,0.00774680894,0.00851123672,0.0113855712,0.0135232427,0.0290022428,0.0313733157,0.0333489074,0.0351335853,0.0442813083,0.0594576571,0.0645637322,0.100582575,0.373504141,0.374867056,13.6643385,10.935509,17.3880476,22.7104703,19.3440075,20.0729605,18.6416922,20.0087278,16.6299507,17.425245,13.9714302,13.5104298,12.5158287,12.4216182,10.4436341,10.8794265,9.10764825,8.94298977,7.55738666,7.11215101,6.85883172,6.244922,6.07751841,5.7930152,5.65464636,5.76895233,5.89249932,5.9558361,5.952174,5.89585842,5.72393067,2.35585789
evaluation/nocturnal-animals_03/i24_vbr_5ms_320k/master.wav,evaluation/nocturnal-animals_03/i24_vbr_5ms_320k/rust.wav,4.44866537,0.99512616,0.999216362,0.999767348,0.999957837,0.999928129,0.999755169,0.999740177,0.999898029,0.999874275,0.999872392,0.99988718,0.999629772,0.99964965,0.99969209,0.999448379,0.999314563,0.999256644,0.998835912,0.998765163,0.997141362,0.996852443,0.995428223,0.992616606,0.991353048,0.990332148,0.988828248,0.986870703,0.982900752,0.976627612,0.9588956,0.683406824,0.529079246,0.984101353,0.997188802,0.998599912,0.999805304,0.999804814,0.999329527,0.999095796,0.999717635,0.99959001,0.999692016,0.999760263,0.998843303,0.999244788,0.999198919,0.998742194,0.998628802,0.998735914,0.996641639,0.997292642,0.994509456,0.992058151,0.991375298,0.986865295,0.984844853,0.983636275,0.980598056,0.976072241,0.955209429,0.956353529,0.923404416,-0.237005758,-0.292756602,0.0207618238,0.00249113396,0.00198201979,0.000683186525,0.000297830969,0.000473458753,0.000805154594,0,0.000664347052,0,0,0.00214808297,0,0.00109992313,0.00210687619,0.00246575071,0.00250057755,0.00448258063,0.00356267232,0.00531278138,0.0062961611,0.0103897231,0.0132110024,0.0133398668,0.0144426242,0.0161824646,0.0185317428,0.0282732438,0.0312786579,0.0532224573,0.377622341,0.362931298,13.3703758,10.6490478,17.0925799,22.413301,19.0505615,19.7780489,18.3441338,19.7185193,16.3378021,17.1377779,13.6890832,13.2159654,12.2201062,12.125386,10.1530959,10.5845982,8.80958527,8.65116009,7.26001806,6.81929623,6.55663275,5.95054485,5.77867577,5.49579003,5.36440721,5.46732847,5.59230137,5.66871631,5.65193184,5.60159717,5.43196854,2.07342377
evaluation/nocturnal-animals_03/i24_vbr_5ms_320k/master.wav,evaluation/nocturnal-animals_03/i24_vbr_5ms_320k/c.wav,4.45584716,0.996314172,0.999407511,0.999803693,0.999969949,0.999930666,0.999742217,0.999756944,0.999902269,0.999857511,0.999866111,0.999868394,0.999682385,0.999687315,0.999638856,0.999325278,0.999242975,0.999092089,0.998991077,0.998993234,0.99715276,0.997134333,0.996504453,0.994372206,0.991695668,0.990284035,0.987829535,0.986789168,0.984606291,0.978772607,0.959786219,0.683279681,0.549194183,0.989174771,0.998675313,0.998604712,0.999866229,0.999805374,0.999515397,0.99945891,0.999669339,0.999532727,0.999708041,0.999727056,0.999365637,0.999476068,0.998810623,0.997455945,0.998104038,0.997227738,0.997364073,0.997712536,0.994019096,0.994892794,0.993641064,0.989066554,0.986218346,0.984778567,0.978539241,0.981103611,0.976769559,0.96166547,0.883520647,-0.233151765,-0.300621741,0.0118199384,0.00138683715,0.00186625801,0.000532369388,0.000415023928,0,0.000874546535,0.000621481383,0.00115968539,0,0,0.00105061073,0,0.00134873996,0.00276659213,0.00263288196,0.00254355367,0.00375654812,0.00362525512,0.00552951512,0.00591530324,0.00617280224,0.0091421396,0.0130375006,0.0111932726,0.0188230544,0.0178490867,0.0249331256,0.0295535717,0.0718085218,0.375628182,0.373405996,13.6405332,10.9284697,17.3720181,22.6951128,19.328853,20.0562446,18.6215712,20.0006078,16.616272,17.4151621,13.9641067,13.4954033,12.4987554,12.4078321,10.4270113,10.8617118,9.08590358,8.92694161,7.54395484,7.10179654,6.83754222,6.22256906,6.05413544,5.77062014,5.6397143,5.74879494,5.86423702,5.94324977,5.93058742,5.88007893,5.70528704,2.34248889
evaluation/nocturnal-animals_04/i16_cbr_5ms_192k/master.wav,evaluation/nocturnal-animals_04/i16_cbr_5ms_192k/rust.wav,4.01886807,0.996308783,0.999073106,0.999678168,0.999867561,0.999848005,0.999868887,0.999792116,0.999120378,0.99913293,0.999445982,0.99963511,0.999439094,0.998504284,0.998067458,0.997340415,0.998100632,0.997442247,0.995742357,0.997402604,0.995706063,0.996233845,0.994885978,0.989067925,0.974209543,0.936415076,0.934642142,0.92101369,0.890313099,0.847305259,0.771251684,0.409907896,0.29892562,0.982962816,0.996994056,0.999027789,0.999666374,0.999691482,0.999640921,0.999463102,0.997330002,0.997619896,0.999148606,0.999292765,0.998145804,0.996192285,0.995344135,0.994884655,0.995408142,0.991103521,0.992253704,0.996307415,0.990601459,0.994363697,0.991841031,0.973604203,0.93625296,0.872794842,0.873171028,0.894990173,0.840074911,0.773395958,0.632358258,-0.311289328,-0.163914308,0.0206096431,0.00353404131,0.00213591711,0,0,0.000719219431,0.000194051829,0,0,0,0.000854621923,0,0,0.00433181373,0.00441190753,0,0,0.00292121621,0.00332177416,0.00733218862,0.00652151646,0.00823047282,0.0223443109,0.0473721939,0.091117483,0.0854707398,0.0873662427,0.114546973,0.169394442,0.226588239,0.452030436,0.364781043,14.0532031,12.0835399,17.5345264,19.763039,20.3522972,20.4474044,16.9348225,17.0286461,15.8790683,15.3439587,15.715302,14.5510454,13.4037546,13.3200393,12.3736086,12.8006131,10.7773764,10.4620089,9.31456754,7.78968923,7.65733346,6.0077591,5.40355858,4.39352774,4.21021262,4.14045072,4.22203767,4.30656198,4.39384863,4.55543098,4.59641748,1.3661614
evaluation/nocturnal-animals_04/i16_cbr_5ms_192k/master.wav,evaluation/nocturnal-animals_04/i16_cbr_5ms_192k/c.wav,4.02083906,0.996131417,0.998966694,0.999553968,0.999856034,0.999813306,0.999878869,0.999711415,0.999210927,0.999155367,0.999446283,0.999576284,0.999490097,0.998152911,0.998020767,0.997123281,0.998008425,0.997001634,0.995420942,0.997375085,0.994788228,0.99578391,0.99460833,0.987627362,0.977694344,0.941030592,0.925723053,0.908593721,0.904905726,0.855798152,0.768917434,0.414277957,0.283071162,0.991810568,0.997276159,0.997842613,0.999522978,0.999604302,0.999726017,0.999328802,0.998385548,0.998092998,0.998967114,0.998995828,0.998793735,0.992677474,0.996631668,0.995252365,0.996505008,0.994670957,0.992464486,0.99592542,0.98680337,0.994365956,0.98930223,0.981647406,0.933405916,0.883461989,0.886200818,0.862705821,0.856749861,0.77263743,0.626315499,-0.248303835,-0.175471969,0.0117873174,0.0035444213,0.00276298531,0,0,0.000727725049,0.00101222344,0,0,0,0.00140974695,0,0.00121167199,0.00240353318,0.00526515605,0.00131667555,0,0.00872687709,0.00455422051,0.00894863628,0.00603415161,0.00839584897,0.0254192935,0.0502876508,0.0737826119,0.0904110766,0.149402165,0.113370738,0.170126919,0.220740849,0.442127366,0.352332555,13.8631395,11.8993964,17.2832756,19.5544951,20.2565458,20.327685,16.8201017,16.9063753,15.6640941,15.129748,15.6073395,14.4727394,13.2591979,13.1870579,12.2248104,12.6820023,10.6314229,10.3228505,9.17378135,7.66107198,7.52713636,5.88386184,5.23926325,4.23568343,4.05871449,3.99796432,4.08115416,4.15198874,4.26383184,4.40750129,4.44397411,1.23521737
evaluation/nocturnal-animals_04/i16_cbr_5ms_256k/master.wav,evaluation/nocturnal-animals_04/i16_cbr_5ms_256k/rust.wav,4.21939749,0.996804779,0.999157488,0.999694596,0.999912128,0.9998519,0.999909539,0.999806082,0.999532639,0.999517647,0.999636262,0.999788279,0.999770287,0.999431292,0.999243022,0.998917172,0.998985359,0.998863303,0.998035912,0.99867358,0.998296379,0.998581084,0.998255321,0.996517014,0.992480819,0.978386817,0.975594025,0.970548141,0.958200001,0.935600992,0.912580208,0.415875372,0.292580111,0.989400558,0.997535355,0.99843671,0.999828974,0.999560172,0.999714366,0.999467831,0.99904967,0.998154619,0.998936147,0.999612436,0.999404235,0.998036975,0.997885174,0.99754689,0.997796747,0.997477277,0.997041046,0.996346737,0.996446807,0.99712076,0.995533681,0.994365387,0.98237512,0.964429073,0.963635159,0.956045652,0.927881708,0.865838705,0.849562541,-0.237142946,-0.194951988,0.0112492451,0.00365209569,0.00235209537,0,0.00071065558,0.000711295232,0.000699045918,0,0,0,0.000665915465,0,0,0.00252332868,0.00222665189,0,0,0.00406686345,0.00421271985,0.00259139486,0.00170817741,0.00343973843,0.00625297534,0.013287947,0.0295216241,0.0314864409,0.0323116076,0.0538330809,0.0862849425,0.104683554,0.4477073,0.363870645,13.9977496,12.0369558,17.4315326,19.6782537,20.3735525,20.439849,16.9526956,17.0543912,15.8317059,15.283232,15.7207,14.5927698,13.3887223,13.328541,12.3718313,12.8151842,10.7713642,10.4637821,9.30534706,7.7888389,7.65390625,5.98563139,5.35818237,4.33934553,4.15200657,4.09271487,4.19698772,4.28016077,4.37969755,4.52957311,4.54257031,1.33862484
evaluation/nocturnal-animals_04/i16_cbr_5ms_256k/master.wav,evaluation/nocturnal-animals_04/i16_cbr_5ms_256k/c.wav,4.22025673,0.995974698,0.999059681,0.999693065,0.999914551,0.999882752,0.999912099,0.999834564,0.999558927,0.999532554,0.999630995,0.999754133,0.999798551,0.99957315,0.999370139,0.998960397,0.999125137,0.998597937,0.997384832,0.998657038,0.998144588,0.99864447,0.998345965,0.995939906,0.992746502,0.981938378,0.977442758,0.969245315,0.962141575,0.943666093,0.90949976,0.417446984,0.268281452,0.991794079,0.997651751,0.998701056,0.999848907,0.999683136,0.999785923,0.999543265,0.999090049,0.999070076,0.999311269,0.999505173,0.999662004,0.998834568,0.998585267,0.998299916,0.998201363,0.996782749,0.99517895,0.996801156,0.995424062,0.997028556,0.995671511,0.992325143,0.98446155,0.971402189,0.967183494,0.943571442,0.938802141,0.904437217,0.863959523,-0.231749487,-0.166568607,0.0130818503,0.00360925541,0.00218814102,0,0,0.000805006117,0.000851116247,0,0,0,0,0,0,0.00123237744,0,0,0,0.00407649085,0.00164085982,0.00132035838,0.00305311426,0.00365161023,0.00959976438,0.0128073122,0.0232874959,0.0254262168,0.0390342328,0.0523946318,0.071312298,0.103090256,0.442216932,0.329693632,13.6770177,11.722798,17.1069873,19.3891218,20.0910051,20.1608673,16.6480482,16.7403153,15.513064,14.9650472,15.4392086,14.3008703,13.078187,13.0173148,12.0635696,12.5181639,10.4586939,10.1614994,8.99237293,7.48238247,7.3561599,5.68498572,5.06621125,4.05190992,3.86575267,3.79990252,3.90667085,3.97995245,4.08147489,4.22642038,4.24759362,1.03959959
evaluation/nocturnal-animals_04/i16_cbr_5ms_320k/master.wav,evaluation/nocturnal-animals_04/i16_cbr_5ms_320k/rust.wav,4.28459263,0.997574767,0.999408349,0.999839459,0.999941077,0.999927288,0.999939508,0.999869897,0.999673799,0.999758015,0.999837954,0.999907344,0.99992126,0.999734637,0.999590036,0.999434387,0.999613479,0.999607372,0.99928153,0.999593363,0.999105893,0.999337249,0.999173924,0.99818493,0.996753324,0.990887801,0.989628882,0.9878649,0.982609909,0.974653506,0.958721133,0.413575388,0.268165366,0.995819823,0.998585951,0.99943553,0.999880913,0.999858422,0.999827853,0.999663361,0.999032274,0.999539204,0.999671971,0.999735729,0.999790291,0.999095018,0.99912945,0.999145018,0.999236174,0.999252563,0.998671945,0.999372374,0.998084959,0.99884384,0.998318907,0.996173597,0.992547798,0.987651835,0.987172738,0.982876484,0.972704395,0.962337164,0.937953653,-0.253251844,-0.163720496,0.00599157856,0.00265949628,0.00136255078,0,0,0.000175676902,0.000685143393,0.000759637839,0,0,9.19020826e-05,0,0,0.00125354807,0.000783142149,0,0,0,0.00113911504,0.00209521966,0.00110530297,0,0.000615721301,0.0049886505,0.0118602624,0.0126482384,0.0151903425,0.0201512578,0.0317025422,0.0538200846,0.447926096,0.332104398,13.741813,11.7636314,17.1774255,19.4419099,20.0857738,20.161511,16.645684,16.7343725,15.5220555,14.997694,15.4191859,14.2838408,13.0887354,13.0330834,12.0821764,12.5086805,10.4835981,10.1894211,9.03558237,7.50860425,7.39187187,5.72129983,5.10377124,4.07872621,3.88792738,3.83365748,3.93323712,4.0025006,4.11244055,4.23987972,4.26189289,1.05844489
evaluation/nocturnal-animals_04/i16_cbr_5ms_320k/master.wav,evaluation/nocturnal-animals_04/i16_cbr_5ms_320k/c.wav,4.28294682,0.997186073,0.999287678,0.999838677,0.999940696,0.999923364,0.999932792,0.999885462,0.999750562,0.999750978,0.999833595,0.999915137,0.999929272,0.99975713,0.999651417,0.999433276,0.999648694,0.999520009,0.99919458,0.999466293,0.999058521,0.99917751,0.999155831,0.997812034,0.997046487,0.989678581,0.98768451,0.986459088,0.980864439,0.973262401,0.9592982,0.419895275,0.265045371,0.992455442,0.997463771,0.999461573,0.999781725,0.999833688,0.999747388,0.999725158,0.999361387,0.999334131,0.999711787,0.999801094,0.999761665,0.999438308,0.999377934,0.998928445,0.999259782,0.998829834,0.99871624,0.99823808,0.99802772,0.998638153,0.998311819,0.993857664,0.994882444,0.978360565,0.980264973,0.981119397,0.950032747,0.95386603,0.9338857,-0.250324037,-0.157758813,0.0096809035,0.00326452873,0.00143874156,0,0,0.000658428682,0.000849194931,0,0,0,0.000523624311,0,0,0.00096909408,0.00200918179,0,0,0.00180739491,0.00210174454,0,0.0012009119,0.000455447251,0.0079485332,0.00512415909,0.0162003077,0.0183089717,0.0190530311,0.0468810781,0.0417334752,0.0549680466,0.444518116,0.327065909,13.6678457,11.7012085,17.1055522,19.3955988,20.0478433,20.1280895,16.5870174,16.6539352,15.4399,14.9319789,15.3842836,14.2294486,13.0301885,12.9743788,12.0098465,12.451832,10.423469,10.1252879,8.97132392,7.45050072,7.33604716,5.66747574,5.04175281,4.02311099,3.85634738,3.79116043,3.88414214,3.96048665,4.06329266,4.20219045,4.22118137,1.01436555
evaluation/nocturnal-animals_04/i16_vbr_5ms_192k/master.wav,evaluation/nocturnal-animals_04/i16_vbr_5ms_192k/rust.wav,4.00910763,0.996983769,0.999114422,0.99967491,0.999853354,0.999780847,0.999829273,0.999718373,0.999008567,0.999082782,0.999457238,0.999621194,0.999517693,0.998339063,0.997925418,0.997115284,0.997700014,0.996911514,0.995024793,0.996999859,0.994717023,0.99585974,0.995311793,0.988692422,0.979172579,0.942310798,0.937121611,0.908192737,0.894274491,0.845308333,0.755181701,0.41237703,0.291149214,0.992204706,0.997524484,0.998806449,0.999679941,0.999227119,0.999511038,0.999187369,0.997623675,0.997032088,0.998732097,0.999253318,0.998705019,0.99494058,0.995613836,0.994303567,0.994084973,0.989756074,0.988506167,0.992742386,0.989987749,0.992934697,0.991168637,0.974771495,0.962319921,0.908680742,0.88269839,0.860151206,0.845059018,0.761655037,0.619770486,-0.244241406,-0.182689455,0.00817644497,0.00320212281,0.00198105477,0,0.000808841775,0.000680915661,0.00137816527,0.00234429361,0.00114426789,0,0.000809712,0,0,0.00270283216,0.00244140227,0.00310772059,0.00470244238,0.00808719428,0.00620892621,0.00885939457,0.00682140406,0.00661084992,0.0223515794,0.0328285283,0.0779015465,0.0886377203,0.132003417,0.111050837,0.176716496,0.240342842,0.448932225,0.359789832,13.9675987,11.9926193,17.3952317,19.664856,20.3096896,20.3830953,16.8675758,16.959021,15.7408537,15.2210088,15.6430757,14.511219,13.3109624,13.2595371,12.3124112,12.7416068,10.7081839,10.414154,9.27007432,7.74696211,7.62453597,5.9477089,5.3281457,4.33661689,4.15294244,4.0700028,4.16486722,4.24706362,4.33281129,4.49068158,4.51706092,1.3030422
evaluation/nocturnal-animals_04/i16_vbr_5ms_192k/master.wav,evaluation/nocturnal-animals_04/i16_vbr_5ms_192k/c.wav,4.00821138,0.995648049,0.999083078,0.999722176,0.999868344,0.99979206,0.999869741,0.999736986,0.999175231,0.999216003,0.999444931,0.999610393,0.999566487,0.998510732,0.998265693,0.997603095,0.99814015,0.997132768,0.996034442,0.997513553,0.99580916,0.996006638,0.994691549,0.989087677,0.977197696,0.946230839,0.928263014,0.904489695,0.885374809,0.841340896,0.778503806,0.419816421,0.280023161,0.985534115,0.997535403,0.998988126,0.999725632,0.999311565,0.99963238,0.999304577,0.998398315,0.998434562,0.999078887,0.999145678,0.99911526,0.9948458,0.996359965,0.994364185,0.996930148,0.992852769,0.993310523,0.993985302,0.990737758,0.993608688,0.989561759,0.980778312,0.926844944,0.901772679,0.85408749,0.860002803,0.837899994,0.749177822,0.702136609,-0.237004522,-0.159724682,0.0170658239,0.00299460055,0.00187866665,0,0.00117852935,0.000917662285,0.000402599914,0,0,0.000707195584,0.00111213286,0,0,0.00183419065,0.00321820616,0.00266142374,0.00345890255,0.00627648796,0.00460797016,0.00512670951,0.00421857451,0.00832207058,0.0191011034,0.0497856133,0.0715087667,0.0978219062,0.144633175,0.12207877,0.185346815,0.210877783,0.445297555,0.342667417,13.7528611,11.8078279,17.1882967,19.4605163,20.1631695,20.2381895,16.7270879,16.813347,15.5664031,15.034666,15.5096945,14.3726637,13.1553221,13.0907688,12.1339496,12.5860727,10.5363909,10.2370334,9.08512885,7.55988581,7.42605197,5.78348887,5.15838836,4.14564781,3.94986652,3.88638586,3.9870358,4.04730833,4.17071476,4.31182835,4.34545025,1.14479116
evaluation/nocturnal-animals_04/i16_vbr_5ms_256k/master.wav,evaluation/nocturnal-animals_04/i16_vbr_5ms_256k/rust.wav,4.22494969,0.996410671,0.999248685,0.999743239,0.999911828,0.999885672,0.999915708,0.999836116,0.999492423,0.999552473,0.999598083,0.999762258,0.999789971,0.999529766,0.999323746,0.998906918,0.999053346,0.998882438,0.997942812,0.998870231,0.998517817,0.998595762,0.998403012,0.996675392,0.992468043,0.978803739,0.978584261,0.971877394,0.958272693,0.938637931,0.919267696,0.425218935,0.275359336,0.988779781,0.998349585,0.998631465,0.999804469,0.999717882,0.999788883,0.999621857,0.998987495,0.998721143,0.999111131,0.999503644,0.999506236,0.998727497,0.998638045,0.997358787,0.998022576,0.997883558,0.994292743,0.99664913,0.997510389,0.997804252,0.996430641,0.994817862,0.986459227,0.964462692,0.965254317,0.949110355,0.924295981,0.880892352,0.898701189,-0.244244731,-0.183109714,0.012198977,0.00255564742,0.00194098022,0,0,0.000844796575,0.00127093878,0,0,0,0.000585067474,0,0,0.00136434116,0.0023591272,0,0,0.00669105814,0.00279038265,0.00240460275,0.000463305458,0,0.00567028115,0.0135038606,0.0309821156,0.0294327784,0.0319567751,0.0512255119,0.0831085452,0.0805537476,0.443068703,0.340726337,13.7834986,11.8001846,17.2074734,19.500555,20.1564999,20.2326219,16.6955397,16.7688537,15.5439904,15.045759,15.4912097,14.3328794,13.1395771,13.0748386,12.1109001,12.5596759,10.5347812,10.2321476,9.08186811,7.56966801,7.44496728,5.77660091,5.14576258,4.13634074,3.96210124,3.89074607,3.99462275,4.06743772,4.1713234,4.3166324,4.33115849,1.1307788
evaluation/nocturnal-animals_04/i16_vbr_5ms_256k/master.wav,evaluation/nocturnal-animals_04/i16_vbr_5ms_256k/c.wav,4.21934347,0.996435844,0.999138693,0.999670935,0.999900433,0.999878832,0.999928415,0.999838589,0.999528684,0.999553502,0.999672009,0.99976842,0.999792316,0.999584264,0.999397657,0.998920899,0.998897196,0.99844306,0.997265222,0.998564823,0.998259595,0.998688439,0.998436521,0.995823112,0.992947928,0.978280761,0.973683738,0.966195315,0.960499885,0.943301282,0.913326177,0.420565377,0.273119339,0.992202257,0.997514373,0.998856191,0.999816393,0.999700399,0.999832248,0.999632774,0.999122893,0.999115886,0.999315572,0.999490711,0.999501499,0.998936309,0.998819684,0.997589977,0.997601706,0.9958284,0.993448307,0.995767885,0.995589354,0.997629378,0.997007975,0.98799432,0.984965983,0.955282943,0.965203167,0.949709591,0.943156173,0.897696473,0.879699938,-0.248487092,-0.164582405,0.0125673379,0.00355913838,0.0022972183,0,0,0.000320452283,0.000845319614,0,0,0,0,0.000426897348,0,0.00130779832,0.00254453481,0.000784174911,0,0.0067366217,0.00261267505,0.00171686196,0.00261814463,0.00333213179,0.0154817911,0.0131643648,0.037673263,0.0340685769,0.0433349422,0.0472460969,0.0872205788,0.10610823,0.443166467,0.330864756,13.7179476,11.7737523,17.1761413,19.4580791,20.1133608,20.1921547,16.6542335,16.7298973,15.5076225,14.9946878,15.452676,14.3014444,13.0951551,13.0375887,12.0722639,12.524006,10.4889259,10.1899463,9.03537827,7.51902966,7.40223793,5.73662647,5.11176743,4.09233459,3.92074879,3.84838786,3.95668624,4.03183116,4.13970927,4.26983656,4.28102247,1.07949253
evaluation/nocturnal-animals_04/i16_vbr_5ms_320k/master.wav,evaluation/nocturnal-animals_04/i16_vbr_5ms_320k/rust.wav,4.27855221,0.997723745,0.999322811,0.99980329,0.999947675,0.999925199,0.999936599,0.999876648,0.999710669,0.999789392,0.999861124,0.999904375,0.999913705,0.999761298,0.999650916,0.999404776,0.999620711,0.999571593,0.999281084,0.999526225,0.99922978,0.999406282,0.999154513,0.998206433,0.996899363,0.991124922,0.990015741,0.98623013,0.981110119,0.970457349,0.955885063,0.413664161,0.263356553,0.996034766,0.998061609,0.99926977,0.999851741,0.99982986,0.999782095,0.999684191,0.999274356,0.999503319,0.999686048,0.999675112,0.999780079,0.999201583,0.999320028,0.998511979,0.999300971,0.999034913,0.998582928,0.999254513,0.998390182,0.999147484,0.998403931,0.996514302,0.992472021,0.989047466,0.986853048,0.980451552,0.962448199,0.93442663,0.913360942,-0.24958161,-0.149512133,0.00576286645,0.00328837352,0.00175777706,0,0,0,0.000860899406,0,0,0,0.000404098544,0,0,0.000804639051,0.00161819014,0,0,0.000896238849,0.00170224197,0.00215644978,0.0004501807,0,0,0.00499007571,0.0115360974,0.0134925065,0.0215934293,0.0195981778,0.0394175251,0.0587450988,0.448575912,0.324820229,13.6881066,11.704645,17.1259992,19.3875031,20.0308913,20.1071161,16.5919491,16.6796165,15.4690532,14.9436207,15.3664359,14.2323755,13.0387549,12.9821966,12.0285454,12.4588119,10.4314751,10.1387984,8.98497852,7.45579157,7.34319719,5.67386213,5.05314736,4.02323336,3.84287959,3.78507281,3.88777805,3.95338949,4.06088401,4.18665159,4.20615501,1.00362402
evaluation/nocturnal-animals_04/i16_vbr_5ms_320k/master.wav,evaluation/nocturnal-animals_04/i16_vbr_5ms_320k/c.wav,4.28279342,0.997109332,0.999275222,0.999843357,0.999930628,0.999918641,0.999930254,0.999899749,0.999779854,0.999759967,0.999828519,0.999908252,0.999906981,0.999767398,0.999653935,0.999435469,0.999630543,0.999522111,0.999182826,0.99953518,0.999140403,0.999313829,0.999289452,0.997752551,0.996685905,0.990338186,0.988540528,0.987258526,0.980717364,0.97276942,0.961275926,0.419987749,0.258949079,0.994179285,0.997711621,0.999446269,0.99982286,0.999823384,0.999732313,0.999715492,0.999496015,0.999488486,0.9997112,0.9997985,0.999755559,0.999255768,0.999179852,0.998988458,0.999207809,0.998645565,0.998565491,0.998818748,0.996831792,0.99885517,0.998818432,0.994288822,0.994948274,0.976245847,0.981787665,0.982285919,0.965265592,0.959403082,0.933086923,-0.242929878,-0.153655842,0.00953421592,0.00324006286,0.00138488142,0,0,0.000733976136,0.000657881296,0,0,0,0.000176483812,0,0,0.00117388718,0.00156998598,0,0,0.00197975445,0.00151563328,0,0.000931032317,0.000489618734,0.00767249873,0.00614716074,0.0208366332,0.0176494883,0.0165686891,0.032756674,0.0361623962,0.053357834,0.443432908,0.319475097,13.6151145,11.6479966,17.0529009,19.3408507,19.993013,20.0722453,16.5303889,16.598464,15.384056,14.8791864,15.3280634,14.1770773,12.9763159,12.9137628,11.9513716,12.4018537,10.3691526,10.0667346,8.91628628,7.39734443,7.28399367,5.61415487,4.99044008,3.96941003,3.79528404,3.73219898,3.83153441,3.90424527,4.00365048,4.14184785,4.15649132,0.952275383
evaluation/nocturnal-animals_04/i24_cbr_5ms_192k/master.wav,evaluation/nocturnal-animals_04/i24_cbr_5ms_192k/rust.wav,4.01361213,0.996648319,0.999130713,0.99973083,0.999866724,0.999831606,0.999877889,0.99979235,0.999227587,0.999204531,0.999419963,0.999650985,0.999501873,0.99845826,0.998119948,0.997333011,0.997940541,0.997073269,0.994744049,0.996964179,0.995287094,0.996587703,0.994631749,0.988642213,0.97636676,0.937357072,0.930604618,0.921475013,0.894662001,0.841327118,0.75987869,0.415104531,0.297135754,0.990718648,0.997683807,0.998996296,0.999700165,0.999533397,0.999493127,0.999579178,0.997059189,0.99790694,0.998825716,0.999530911,0.998731376,0.995144175,0.994586132,0.994528406,0.995310947,0.989871368,0.98903158,0.993473235,0.989211309,0.993789056,0.98891765,0.97417251,0.953276969,0.906309397,0.890280595,0.88515103,0.83618821,0.759759031,0.597700463,-0.237516089,-0.189760402,0.0122289887,0.00329769375,0.00190319764,0,0,0,0.00112766697,0.00176527859,0,0,0.00121364582,0,0,0.0032935693,0.0041555975,0.00133882004,0.00482806972,0.00897084097,0.0057496847,0.00808081973,0.00337451027,0.00981439206,0.0216493957,0.045434839,0.0859864948,0.0964765799,0.0846516005,0.113691047,0.177258845,0.236587508,0.444325956,0.372049315,14.0866111,12.1160193,17.5505278,19.7821887,20.4209999,20.5040361,17.0403493,17.1380836,15.939942,15.3836758,15.8193117,14.6588765,13.4659225,13.3906512,12.4451323,12.8876311,10.8228478,10.5217169,9.36114523,7.84923596,7.70322353,6.04976859,5.44494359,4.43031899,4.24494856,4.18004016,4.26416557,4.35283098,4.44397903,4.60193844,4.64238899,1.41399427
evaluation/nocturnal-animals_04/i24_cbr_5ms_192k/master.wav,evaluation/nocturnal-animals_04/i24_cbr_5ms_192k/c.wav,4.02745939,0.997050559,0.999099852,0.999589015,0.999845945,0.999826474,0.999877783,0.999742865,0.999362364,0.99923591,0.999410312,0.999553551,0.999471179,0.998334785,0.997667254,0.996995155,0.998186408,0.997514124,0.995870278,0.99732594,0.995297693,0.995832721,0.994758729,0.988435683,0.978713519,0.940077786,0.925463423,0.910992354,0.904956051,0.860005535,0.772727512,0.417683562,0.284833461,0.9933303,0.997534709,0.998450855,0.999393892,0.99954272,0.999685768,0.999342178,0.998909083,0.998285458,0.998998938,0.998901878,0.99828182,0.994061263,0.992713079,0.993995626,0.996973544,0.995791786,0.993810172,0.995109407,0.990639552,0.994485484,0.990636917,0.981706441,0.940284921,0.882121794,0.864296529,0.858706423,0.856940127,0.801247484,0.586926373,-0.259444216,-0.166020865,0.00853650116,0.00357374907,0.00228953495,0,0.000502623746,0.000980210358,0.00113323619,0,0,0,0.00147344128,0,0,0.0049851209,0.00475641449,0,0,0.00635289487,0.00420498579,0.00777041474,0.00542657128,0.00721219333,0.019542817,0.0416156379,0.0836161927,0.112901772,0.154520465,0.111538683,0.162842745,0.230707933,0.443973806,0.348545958,13.845691,11.871262,17.2692367,19.5408237,20.2428069,20.3095988,16.7989773,16.8909017,15.6554308,15.1145268,15.5922855,14.4539163,13.2387606,13.1815815,12.2101683,12.6719187,10.6196035,10.3089491,9.15871633,7.63919407,7.50859898,5.87005523,5.22403833,4.22528121,4.04227703,3.98394254,4.07255087,4.13948304,4.2556764,4.3924008,4.42942582,1.2125861
evaluation/nocturnal-animals_04/i24_cbr_5ms_256k/master.wav,evaluation/nocturnal-animals_04/i24_cbr_5ms_256k/rust.wav,4.21766944,0.996505022,0.999088377,0.999672011,0.999902779,0.99986741,0.999896902,0.999805175,0.999523595,0.999499571,0.999611824,0.999779645,0.999814441,0.999489226,0.999293864,0.998880204,0.998998586,0.998816,0.997780876,0.998598988,0.998329553,0.998641012,0.998282885,0.996223107,0.992074711,0.97771613,0.973843872,0.967188279,0.96026669,0.941050753,0.910476712,0.417081913,0.280803527,0.990030702,0.997977864,0.998246031,0.999758336,0.999709656,0.999697514,0.999477379,0.998832402,0.998181477,0.998589696,0.999579999,0.999616412,0.997811769,0.997926972,0.998192359,0.997922945,0.997187739,0.995909963,0.994611861,0.997286241,0.997362775,0.996243554,0.993900485,0.982644815,0.964239154,0.933953281,0.936510533,0.925835724,0.856059355,0.855809482,-0.240813144,-0.188021104,0.0116197352,0.00324329799,0.0023579309,0,0,0.000274643234,0.000761123314,0,0,0.000778163814,0.000717313934,0,0,0.00230571393,0.00225668398,0,0,0.00353464341,0.00489992186,0.00319541758,0.00260732874,0.00308416206,0.00650841185,0.0154840311,0.0298157717,0.0497373071,0.0463370597,0.0485000938,0.0826799848,0.107443571,0.448211621,0.348592244,13.8412285,11.89208,17.2759208,19.5175641,20.2484734,20.2781948,16.7745939,16.8966874,15.6671841,15.1115599,15.5524942,14.4303632,13.2361037,13.1519904,12.2048914,12.6509043,10.6294473,10.3209709,9.16905463,7.64866476,7.51358637,5.84491144,5.20474519,4.18884662,4.00021414,3.94538323,4.041678,4.12262999,4.22251565,4.37324979,4.3874988,1.18509225
evaluation/nocturnal-animals_04/i24_cbr_5ms_256k/master.wav,evaluation/nocturnal-animals_04/i24_cbr_5ms_256k/c.wav,4.21999524,0.995805247,0.999131519,0.999687913,0.999910426,0.999840941,0.99989823,0.999813106,0.999522902,0.999500328,0.999646309,0.999772644,0.999784737,0.999530053,0.999346715,0.999077191,0.999166684,0.998617914,0.997733106,0.99863659,0.998104009,0.998456634,0.998453631,0.996130108,0.991940243,0.981150058,0.978122306,0.970103612,0.959288233,0.939187409,0.913878614,0.420405567,0.270051973,0.989537014,0.997545031,0.998784712,0.999758249,0.999406459,0.999720134,0.999410961,0.999090504,0.998996652,0.999386834,0.999536919,0.999587423,0.998835054,0.998509545,0.998120407,0.998652138,0.99678501,0.995953607,0.996317948,0.99659818,0.995780813,0.996337797,0.993552383,0.978497391,0.973552415,0.971658363,0.955134991,0.94059984,0.911569904,0.862347236,-0.238528256,-0.173504184,0.0148017568,0.00333979122,0.00227660095,0,0.00126588044,0.000782225805,0.00101751755,0,0,0,0,0,0,0.00121058557,0.001712371,0,0,0.00232638974,0.00304246301,0.00314459942,0.00457026574,0.00321117013,0.00855069632,0.0151093634,0.0225862725,0.0247850382,0.0329725824,0.0524964716,0.0849878126,0.0998841899,0.441879204,0.328189288,13.6858771,11.7237557,17.1309989,19.4178857,20.0728496,20.1523847,16.6125678,16.6831577,15.4679687,14.9534045,15.4093942,14.2568024,13.0515989,12.9950648,12.0414257,12.4870121,10.4502251,10.1601014,8.99804167,7.4756045,7.36348281,5.69233213,5.07414333,4.05714024,3.87836302,3.81277465,3.91995235,3.99081713,4.08747889,4.23171825,4.24706354,1.04153475
evaluation/nocturnal-animals_04/i24_cbr_5ms_320k/master.wav,evaluation/nocturnal-animals_04/i24_cbr_5ms_320k/rust.wav,4.28286943,0.997667001,0.999398264,0.999818767,0.999941252,0.999917159,0.999942158,0.999878886,0.999674933,0.999756606,0.999833368,0.999915584,0.999925229,0.999791839,0.999611972,0.999410562,0.999593751,0.999550281,0.999207241,0.999608442,0.999041948,0.999313266,0.999248721,0.998233668,0.996870602,0.991583649,0.989228504,0.988295838,0.981516285,0.973443998,0.956811191,0.415116362,0.266250829,0.995654044,0.998201698,0.999297286,0.999900117,0.999753647,0.999839395,0.999690581,0.998994285,0.999586602,0.999664844,0.999760848,0.99984141,0.999422192,0.999137025,0.998753806,0.999037088,0.999088598,0.998834537,0.999459036,0.997611206,0.999015637,0.998753476,0.996361701,0.993196676,0.988067677,0.983211371,0.983608349,0.969665801,0.952791326,0.913645128,-0.25548664,-0.158267854,0.00588782633,0.00282047265,0.00160519986,0,0.000387388523,0.00025564242,0.000539846586,0.000749584675,0,0,0.000163774395,0,0,0.000988932248,0,0,0,0,0.000498808327,0.00143895139,0.00120092948,0,0.00272265524,0.00453029936,0.00901579958,0.0181209014,0.0139401323,0.0257978775,0.0317436823,0.0600716088,0.448548167,0.327068713,13.7086394,11.7227326,17.1422558,19.4074594,20.053001,20.1278143,16.6121942,16.7016755,15.4883802,14.9643076,15.3862396,14.2514371,13.0561892,12.9990804,12.0494267,12.4787794,10.4507117,10.1566976,9.00230271,7.47285709,7.3590261,5.68588075,5.06740694,4.03984184,3.85875304,3.80151527,3.89451197,3.96762305,4.07531403,4.20504817,4.22823397,1.02423833
evaluation/nocturnal-animals_04/i24_cbr_5ms_320k/master.wav,evaluation/nocturnal-animals_04/i24_cbr_5ms_320k/c.wav,4.28364975,0.997068896,0.999315939,0.999824786,0.999938544,0.999922166,0.999933925,0.999891909,0.999763663,0.999764638,0.999833551,0.999917207,0.99993131,0.999774288,0.999655124,0.999427939,0.999679358,0.99954657,0.999220527,0.9994623,0.999033525,0.999168875,0.999259497,0.997990411,0.996797155,0.990753898,0.988426427,0.986269842,0.983919429,0.975060254,0.958539675,0.419927016,0.256607899,0.991298578,0.997554529,0.999326838,0.999799672,0.999838566,0.999761315,0.999764226,0.999494501,0.999388666,0.999673724,0.999811143,0.999782531,0.999304959,0.999324303,0.998889255,0.99939242,0.998900514,0.998711428,0.998546733,0.998330495,0.998678622,0.998780344,0.99519361,0.99323608,0.980635675,0.981357398,0.977656262,0.97212008,0.960522711,0.924235514,-0.249594245,-0.150147253,0.0107339259,0.00332204261,0.00159416098,0,0,0.000625067172,0.000869729601,0,0,0,0.000451407298,0,0,0.000983320793,0.00172739837,0,0,0.00125574645,0.00184278055,0.00074803417,0.000386894627,0,0.00607187122,0.00588222243,0.0174293809,0.0168735718,0.0171622639,0.0260700347,0.0358871258,0.0515423015,0.444212077,0.31654384,13.5970676,11.6250095,17.0317141,19.3216467,19.9733779,20.052091,16.5108527,16.580646,15.3676327,14.8593513,15.3115687,14.1564526,12.9558643,12.8984225,11.9364985,12.3797374,10.3470942,10.049534,8.89733653,7.38068521,7.26401799,5.5955027,4.96654792,3.94486093,3.7828377,3.71568815,3.81475062,3.88921568,3.98954306,4.12739123,4.14045962,0.933424519
evaluation/nocturnal-animals_04/i24_vbr_5ms_192k/master.wav,evaluation/nocturnal-animals_04/i24_vbr_5ms_192k/rust.wav,4.01954897,0.997070671,0.998966951,0.999664865,0.999856835,0.999776555,0.999847999,0.999754155,0.999214743,0.999317324,0.999470545,0.999649641,0.999528066,0.998189774,0.998062814,0.996973914,0.997554329,0.996842609,0.994744344,0.996769811,0.994751074,0.995887013,0.995164787,0.989109949,0.978211079,0.937182887,0.930361363,0.908945443,0.900841794,0.852720675,0.769343488,0.425306534,0.273438452,0.993811225,0.996410118,0.998295434,0.999681282,0.999438284,0.999433401,0.999459694,0.997671002,0.997994768,0.998756526,0.999418812,0.998890212,0.994636817,0.995660382,0.995117827,0.993780556,0.989828685,0.989321787,0.991153714,0.990069704,0.992763842,0.990670491,0.980015792,0.956968701,0.893424406,0.86054749,0.870142161,0.873379743,0.777142474,0.644795972,-0.227425787,-0.162025348,0.00827220024,0.00392217713,0.00212037419,0,0,0.00114559904,0.00165559977,0.00185024142,0,0,0.000742039262,0,0,0.00220314334,0.00390587301,0.00432430988,0.00472287103,0.00880526132,0.00713123837,0.00872238461,0.00589880333,0.00699977309,0.0172608724,0.0344656,0.0869772338,0.107818195,0.132292937,0.104897846,0.165015107,0.231073092,0.443179181,0.333686946,13.7068455,11.7507287,17.1446096,19.4351731,20.0891276,20.1656814,16.6284259,16.6985265,15.4715853,14.9765174,15.428226,14.2745492,13.0643167,13.0046649,12.0631345,12.5025599,10.467214,10.1717871,9.02508306,7.509417,7.37479062,5.71128122,5.09046887,4.09729585,3.91335948,3.83564106,3.93028576,4.01265407,4.09638085,4.26087614,4.29081619,1.07461775
evaluation/nocturnal-animals_04/i24_vbr_5ms_192k/master.wav,evaluation/nocturnal-animals_04/i24_vbr_5ms_192k/c.wav,4.01100295,0.996233114,0.999000025,0.999627549,0.999867405,0.999782891,0.999865118,0.999726172,0.999269411,0.999290627,0.999389547,0.999557912,0.999527987,0.998443315,0.99785556,0.997397477,0.998072182,0.99704779,0.995894759,0.997430033,0.995392064,0.995679348,0.994715609,0.989399803,0.977951937,0.946244743,0.926985111,0.903132057,0.888728968,0.848440894,0.784974488,0.419362424,0.261538893,0.985953682,0.997294695,0.998335958,0.99977661,0.999441975,0.999578028,0.999297876,0.998661033,0.99833467,0.998775463,0.999037494,0.998725463,0.995767066,0.99346731,0.994318733,0.99688545,0.992684783,0.993858785,0.995559326,0.985508895,0.99147551,0.986404372,0.981592123,0.935718847,0.908812478,0.868680442,0.85641552,0.846278522,0.775665368,0.689781184,-0.226463595,-0.147202602,0.0162289403,0.00343936848,0.00241867065,0,0,0,0.000916103758,0,0,0,0.000996185055,0,0,0.00537439808,0.00481625231,0.00135191984,0,0.00437511748,0.00436309267,0.00706787694,0.00700354998,0.0107615471,0.0177124625,0.0440343175,0.062401031,0.0938346106,0.144268534,0.119917067,0.183564364,0.208921661,0.441160822,0.321635182,13.5901877,11.6359188,17.0234444,19.30123,20.0047,20.076611,16.567419,16.6531843,15.416872,14.8752191,15.3519476,14.2103218,12.999468,12.9344715,11.9748739,12.4277455,10.383216,10.0726073,8.92495796,7.39380206,7.26304492,5.62065628,4.98975961,3.97930723,3.79366263,3.73771231,3.82994078,3.89223988,4.01052417,4.14734982,4.17806036,0.979426581
evaluation/nocturnal-animals_04/i24_vbr_5ms_256k/master.wav,evaluation/nocturnal-animals_04/i24_vbr_5ms_256k/rust.wav,4.22719139,0.996506783,0.999242781,0.999693407,0.999896374,0.999871589,0.999923539,0.999841619,0.999494596,0.999599172,0.99965162,0.999774971,0.999782689,0.999533585,0.999283504,0.998758038,0.999021791,0.998858228,0.998243453,0.998858072,0.998538529,0.998385413,0.998221393,0.996355971,0.993039091,0.978386833,0.977109961,0.968772543,0.956598711,0.944970092,0.924394167,0.426503165,0.271370088,0.991393877,0.998080327,0.998280809,0.999729249,0.9997331,0.999831272,0.999439552,0.998879255,0.999201889,0.999079308,0.999536828,0.999241606,0.998933357,0.998316508,0.997452093,0.997975565,0.998017096,0.997557744,0.996921099,0.997497605,0.99490407,0.996570248,0.994256312,0.986874826,0.963752409,0.960898897,0.948656656,0.907287174,0.899014824,0.881545875,-0.242215761,-0.185363179,0.0101734094,0.00274862005,0.00222241137,0,0,0.000726089483,0.000996448544,0,0,0.000985450637,0.000774692501,0,0,0.00150987214,0.00230101724,0,0,0.00210777186,0.00318488304,0.0027491592,0.00338598641,0.00108777847,0.00714024476,0.0123733879,0.0308889508,0.0328889583,0.0402127526,0.0578204446,0.0724490973,0.0818810901,0.442699127,0.336819165,13.7109918,11.7603765,17.137377,19.4100784,20.1521078,20.1851681,16.6551876,16.7646914,15.5170266,14.9881266,15.4551358,14.3124442,13.1124061,13.0210013,12.0748336,12.5324921,10.5034824,10.1975398,9.04297703,7.53389972,7.40170605,5.73436463,5.08515939,4.07552313,3.90152588,3.83139294,3.93398828,4.01059516,4.1112141,4.26257787,4.27963885,1.0774577
evaluation/nocturnal-animals_04/i24_vbr_5ms_256k/master.wav,evaluation/nocturnal-animals_04/i24_vbr_5ms_256k/c.wav,4.21662001,0.996100513,0.999102978,0.999640088,0.999880442,0.999841948,0.999898443,0.999817074,0.999596168,0.999616654,0.999727238,0.999744749,0.999785989,0.999508615,0.999444204,0.998921568,0.999107932,0.99857028,0.997782052,0.998421894,0.998169635,0.99867655,0.998492139,0.996079859,0.992468518,0.976393991,0.972661695,0.966989288,0.960195704,0.942232559,0.912629238,0.420008714,0.269787635,0.990951386,0.996987758,0.998201005,0.999775824,0.999569942,0.999680773,0.999529564,0.999223678,0.99932222,0.999538407,0.999268259,0.999449802,0.998663322,0.998880265,0.997756276,0.997943612,0.995495385,0.994739917,0.994647364,0.995787706,0.997104741,0.99729751,0.990488294,0.982514364,0.955991129,0.960926928,0.952637924,0.942411275,0.897012536,0.848743992,-0.243558014,-0.162249665,0.0143394058,0.00354233053,0.00245302835,0.000359454545,0.00068801583,0,0.00122597153,0,0,0.000197647001,0.00107490274,0,0,0.000303509657,0.00260078095,0.00178962948,0,0.00166547389,0.00393733434,0.00279791312,0.00291758401,0.00179338648,0.0118675086,0.0138352371,0.0349400805,0.0363183623,0.0387187336,0.0415911153,0.0757205689,0.110424064,0.443315971,0.328559127,13.6507782,11.702244,17.0969895,19.3687238,20.075784,20.1435898,16.6267287,16.7210057,15.4920801,14.9501498,15.4235158,14.2834803,13.0589828,12.9997005,12.0391635,12.4947146,10.4309771,10.1305815,8.97085817,7.4670842,7.33937844,5.67756089,5.04989927,4.02732358,3.85595578,3.77905795,3.88877918,3.96622216,4.07107197,4.20595053,4.22862047,1.03662906
evaluation/nocturnal-animals_04/i24_vbr_5ms_320k/master.wav,evaluation/nocturnal-animals_04/i24_vbr_5ms_320k/rust.wav,4.27521878,0.997757039,0.999320321,0.999803115,0.999945984,0.999925213,0.999936041,0.99986644,0.999729969,0.999770709,0.999852836,0.999914445,0.999911438,0.999760497,0.999637622,0.999427787,0.999617875,0.999588638,0.999240931,0.999542443,0.999122417,0.999424755,0.999228572,0.998247711,0.996972802,0.990915885,0.988473988,0.98613047,0.97972817,0.968228798,0.955396929,0.420767494,0.251042855,0.995265896,0.998083235,0.999362496,0.999852259,0.99980933,0.999773668,0.999636734,0.999460574,0.999480183,0.999681294,0.999798671,0.999738319,0.999302179,0.998988902,0.998603477,0.999068085,0.999250897,0.998918096,0.999313709,0.998209093,0.999110903,0.998727871,0.996904363,0.993297565,0.986944828,0.978452675,0.973139797,0.963950143,0.919553261,0.900280915,-0.251076784,-0.137318238,0.00595122485,0.0032913176,0.00177653658,0,0,0,0.000699890061,0,0,0,0,0,0,0.000779517553,0.00166675562,0,0,0.00107693937,0.00151790493,0.00221180295,0.000715400247,0,0.00121087094,0.00434372469,0.0100889371,0.0207001371,0.0203986403,0.0279157342,0.0490407618,0.0585660381,0.44489693,0.307859392,13.5390752,11.5705573,16.9783385,19.2677452,19.9259132,20.0015642,16.4630463,16.532803,15.3106714,14.8068564,15.254552,14.1051693,12.9064754,12.8439047,11.8845744,12.3270592,10.2931129,9.99745067,8.84792376,7.32537204,7.20856315,5.54360464,4.91377316,3.89473102,3.72803963,3.66257815,3.76375005,3.8285303,3.93959285,4.06035647,4.08253047,0.880187398
evaluation/nocturnal-animals_04/i24_vbr_5ms_320k/master.wav,evaluation/nocturnal-animals_04/i24_vbr_5ms_320k/c.wav,4.28434577,0.997292656,0.999283616,0.999787956,0.999930873,0.999902546,0.999925125,0.999909236,0.999768352,0.999737983,0.999824756,0.999909355,0.999911609,0.999752962,0.999647472,0.999456473,0.999621543,0.999544597,0.999236786,0.999526624,0.999062528,0.999254229,0.999244165,0.997835845,0.996652847,0.990254036,0.988910712,0.988110044,0.983392488,0.973656368,0.95915057,0.419434071,0.259839264,0.99469524,0.997839302,0.999054252,0.99980392,0.999670015,0.9996343,0.999760378,0.999492882,0.999513907,0.999705363,0.999812568,0.999787513,0.999284896,0.999341417,0.999103685,0.999224624,0.99921744,0.998801734,0.998538439,0.997146358,0.998698311,0.99852446,0.995541864,0.994613435,0.97857214,0.981361788,0.98104391,0.973787435,0.941699319,0.930103798,-0.254123508,-0.153675613,0.00858290426,0.00318233281,0.00180210544,0,0.000370071792,0.00084669718,0.000252377448,0,0,0,0.0003099417,9.12866488e-05,0.000264552188,0.00128236674,0.00151720129,0,0,0.00060462983,0.00149497816,0.000473730672,0.00147117455,0,0.00662410598,0.00635706568,0.017417713,0.0171137278,0.0129647779,0.023546743,0.0369579099,0.0607080632,0.443268002,0.319723086,13.616389,11.6451311,17.0523695,19.339966,19.9921329,20.071045,16.5293899,16.5983924,15.3831232,14.8800727,15.3289126,14.1770902,12.9762923,12.9139771,11.9532554,12.3990293,10.3680007,10.0664707,8.91568626,7.39766469,7.28271662,5.61446679,4.98837993,3.96554634,3.79443191,3.73182816,3.8304756,3.90531909,4.00493834,4.1444745,4.15744549,0.955814304
evaluation/nocturnal-animals_05/i16_cbr_5ms_192k/master.wav,evaluation/nocturnal-animals_05/i16_cbr_5ms_192k/rust.wav,4.16533081,0.997616162,0.999054233,0.988822977,0.986036366,0.998945276,0.99969734,0.99879209,0.999183394,0.999494759,0.999618424,0.999645873,0.999538817,0.998819413,0.998776092,0.998538632,0.998104063,0.99658693,0.994659014,0.997274102,0.99526804,0.993631497,0.992332601,0.98062793,0.976057277,0.953761458,0.941291683,0.928749037,0.902499689,0.871242301,0.803824951,0.575711961,0.457120093,0.988851857,0.998436558,0.966648754,0.967840797,0.997563087,0.998679928,0.99689055,0.996985263,0.998217636,0.998955515,0.998734368,0.998881199,0.995625925,0.997429835,0.996216277,0.99587036,0.992789325,0.973619654,0.992852603,0.976345191,0.978167647,0.975970573,0.955445518,0.952449568,0.915707195,0.904626918,0.882602151,0.845204116,0.807430944,0.75536917,0.209773124,0.172447905,0.00518925785,0.00254377487,0.0237145597,0.0282218208,0.00376789314,0.000541513849,0.00469638916,0.00276912195,0,0.000974987083,0.00213792026,0.000790109263,0,0.00187714624,0.00370243168,0.00409125625,0.00601081946,0.0273620344,0.00749892673,0.0214856736,0.0203946261,0.0188316677,0.0290279453,0.0351806306,0.0783435939,0.0768857783,0.0841085548,0.134463405,0.120536206,0.185991214,0.389793751,0.361061379,13.7901478,9.74284817,10.0157631,10.1693856,12.3940167,18.8167694,18.7515251,17.8485703,17.8089181,15.2601684,11.9825243,14.7057923,14.9111855,14.0065383,12.5343972,10.4816473,11.0000618,10.4758381,9.45485858,10.2470264,9.03893704,7.18581842,6.63777057,6.08002896,5.74144452,5.59118176,5.55116317,5.56425587,5.58142216,5.61930219,5.58255891,2.18763184
evaluation/nocturnal-animals_05/i16_cbr_5ms_192k/master.wav,evaluation/nocturnal-animals_05/i16_cbr_5ms_192k/c.wav,4.14060128,0.996444394,0.998981414,0.991241533,0.990361527,0.999028018,0.999722479,0.998705918,0.999299984,0.99955503,0.999652628,0.999679313,0.999526993,0.998719773,0.998483837,0.99814698,0.997187677,0.995531899,0.996092747,0.997433822,0.995687514,0.994898608,0.994219992,0.981862209,0.975063393,0.959171532,0.931494943,0.914356583,0.905970521,0.852371081,0.787850664,0.569143019,0.465024584,0.982171299,0.99858006,0.97977269,0.981954682,0.998132125,0.998740638,0.9967558,0.998635889,0.998819162,0.998646633,0.998844347,0.998388725,0.996502804,0.995821334,0.995057367,0.991728301,0.988269331,0.989494886,0.994310765,0.980363443,0.982223694,0.983887017,0.946441339,0.94781385,0.920878595,0.862546674,0.871490872,0.860685412,0.671118781,0.614302431,0.191657142,0.183416607,0.0105411146,0.000992472971,0.0190954313,0.0149379179,0.00297770799,0,0.00221977309,0.00165707235,0,0,0.00198582599,0.00246375226,0.00369021184,0.00376393103,0.00468824344,0.00874212175,0.0162571607,0.010220458,0.00697024167,0.0119885977,0.0191631426,0.0140190868,0.034760091,0.0432124128,0.0697600798,0.102258012,0.123381544,0.102962088,0.162427079,0.231723014,0.388051705,0.358450606,13.9362141,9.89750522,10.1796732,10.2692305,12.4988587,18.9283109,18.8625854,17.9856446,17.9580242,15.4054073,12.1225398,14.8595714,15.0564393,14.1441631,12.6800693,10.6206906,11.1569868,10.6309928,9.60196304,10.3865069,9.17879718,7.30498941,6.77531902,6.23262551,5.88330678,5.72401227,5.68476898,5.70376136,5.72230078,5.78291961,5.70095445,2.34888355
evaluation/nocturnal-animals_05/i16_cbr_5ms_256k/master.wav,evaluation/nocturnal-animals_05/i16_cbr_5ms_256k/rust.wav,4.34347802,0.997954822,0.99927615,0.994069958,0.990175484,0.999172941,0.999729769,0.999084682,0.999387413,0.999625247,0.999769631,0.999860944,0.999847319,0.99961019,0.999627599,0.999410165,0.99908677,0.997881076,0.997268672,0.998362705,0.998323674,0.998549044,0.997917636,0.993237576,0.991555344,0.984171823,0.978498454,0.973250987,0.968103146,0.953416775,0.926963444,0.57243758,0.455599994,0.98860703,0.998639954,0.98802522,0.976815671,0.997417751,0.997944858,0.997648698,0.998306759,0.999032525,0.999203744,0.999697902,0.999613837,0.998589986,0.999040049,0.998745509,0.998052229,0.992353286,0.989633058,0.994553958,0.991853632,0.995050414,0.994896385,0.985955794,0.98194647,0.959991804,0.941551125,0.953800768,0.948869896,0.928850098,0.881224491,0.209862067,0.172627351,0.00589165869,0.00143183889,0.0093031322,0.0221821614,0.00362712325,0.00224868439,0.00315547001,0.00264515586,0,0.00100317803,0.000976611541,0.000281808851,0,0.000922981447,0.00195519846,0.00214329926,0.00976622399,0.0109603664,0.00586094257,0.00712044158,0.00498168998,0.00464347865,0.013233069,0.018803958,0.0346380606,0.0334422104,0.040659779,0.0394371879,0.0586999567,0.0943462033,0.386576035,0.35592483,13.8707923,9.84056131,10.1119189,10.2121006,12.4355096,18.8629508,18.7966633,17.925753,17.8982442,15.347044,12.0573075,14.8036017,14.9979158,14.0814713,12.6129042,10.5466234,11.0919281,10.5637876,9.52755901,10.3274623,9.11659282,7.23965118,6.70464091,6.17377902,5.80760752,5.63978703,5.62188599,5.62507903,5.65002647,5.70163518,5.63373336,2.22905796
evaluation/nocturnal-animals_05/i16_cbr_5ms_256k/master.wav,evaluation/nocturnal-animals_05/i16_cbr_5ms_256k/c.wav,4.34104099,0.997448975,0.999199831,0.992385338,0.990909999,0.999232456,0.999735342,0.99888258,0.999423213,0.999703846,0.999757654,0.999847291,0.999859272,0.999582631,0.999612538,0.999400882,0.998898162,0.997969723,0.997965798,0.998398757,0.998275323,0.998547742,0.997422074,0.993016728,0.992519551,0.985987389,0.979999252,0.969073661,0.968260684,0.946822528,0.933442007,0.576682554,0.445621748,0.987264889,0.998293339,0.983143964,0.973796157,0.99836992,0.998690002,0.997244407,0.997807679,0.999438691,0.999226504,0.999687015,0.999483064,0.998161713,0.999014576,0.998398915,0.996965862,0.995088056,0.996114813,0.995477385,0.991235415,0.99607513,0.991446291,0.972528333,0.982587571,0.97316077,0.951895945,0.949209546,0.94513991,0.916577002,0.903164988,0.213959693,0.177236731,0.00542876604,0.00192215088,0.0137478372,0.0189446897,0.00295251724,0.00123180117,0.00463897225,0.00305178997,0,0,0.000798444039,0,0.000914323853,0,0.00182237406,0.00404953389,0.0056239611,0.00493645997,0.00558850512,0.00737240548,0.00459985136,0.00747187088,0.0140451764,0.0134478021,0.0267962305,0.0285213861,0.0513054961,0.0357904797,0.0692170503,0.0778449138,0.384553791,0.346903775,13.7564661,9.7142664,10.0216928,10.1366941,12.3184066,18.7459949,18.6827792,17.8162051,17.7808779,15.2335159,11.9381065,14.6785606,14.8783901,13.9587345,12.4944218,10.4304205,10.9710574,10.438654,9.4086986,10.2078251,8.99217953,7.12138484,6.59508449,6.0446756,5.69334255,5.52236753,5.50153084,5.50955479,5.53306141,5.58225852,5.50042288,2.10546293
evaluation/nocturnal-animals_05/i16_cbr_5ms_320k/master.wav,evaluation/nocturnal-animals_05/i16_cbr_5ms_320k/rust.wav,4.40112245,0.998531719,0.999438614,0.993492976,0.992269134,0.999509229,0.999876836,0.999504158,0.999684441,0.999840297,0.99989463,0.999926002,0.9999221,0.999774784,0.999765634,0.999719949,0.999659546,0.999397853,0.999081616,0.999392312,0.999128488,0.999108923,0.998951155,0.997506605,0.9967397,0.992641598,0.987855551,0.985949525,0.985098037,0.980344011,0.972305809,0.577463494,0.454255002,0.993071386,0.999060448,0.984843365,0.980249875,0.999060624,0.999360641,0.998899876,0.999027781,0.999712793,0.999671758,0.999803626,0.999771324,0.999466173,0.999427895,0.999351089,0.999238124,0.998385877,0.996283376,0.997859701,0.99563887,0.997363534,0.9969892,0.99246076,0.991974352,0.987453571,0.975980995,0.973481272,0.977538521,0.966667763,0.963664716,0.205382488,0.172265762,0.00132288176,0.00100870685,0.0113772651,0.0133487583,0.00170066744,0.000823178359,0.00190707375,0.00202252735,0,0.000769335702,0.000925548825,0.000677907173,0.00083235041,0.000744144929,0.000957786764,0.00141019952,0.00199571811,0.00399565175,0.00317249334,0.00435208838,0.00361026201,0.00382213931,0.003372685,0.00659781137,0.0131845838,0.0207343742,0.020164706,0.0174714858,0.0248282091,0.0362519733,0.38669555,0.349834545,13.790665,9.73787329,10.0170144,10.0801261,12.3237936,18.7647902,18.7029895,17.8317125,17.8061354,15.2511413,11.9602608,14.7019751,14.9007427,13.9829888,12.5170622,10.4437044,10.9906671,10.4589497,9.4263542,10.2246201,9.01523407,7.13675836,6.60390314,6.06215478,5.70668689,5.54054076,5.52051287,5.53200281,5.54823572,5.60410122,5.52218996,2.13064013
evaluation/nocturnal-animals_05/i16_cbr_5ms_320k/master.wav,evaluation/nocturnal-animals_05/i16_cbr_5ms_320k/c.wav,4.39745621,0.998613589,0.999407663,0.993088332,0.993061018,0.999463524,0.999750036,0.999393087,0.99958636,0.999797852,0.999894248,0.999924009,0.999940468,0.999696962,0.999748504,0.999705454,0.999536076,0.999153053,0.999221001,0.999469687,0.999290916,0.999159638,0.998979577,0.997249412,0.996066981,0.993823541,0.989602122,0.98643049,0.986540123,0.978876581,0.968362738,0.575462818,0.444873241,0.994961115,0.998913188,0.982830941,0.980721373,0.998626044,0.998441401,0.998741986,0.998882455,0.999371205,0.999673737,0.999783752,0.999852002,0.998529185,0.99950036,0.999127356,0.998807418,0.997657419,0.997511629,0.997905209,0.997125936,0.996354624,0.996833868,0.990026775,0.991437998,0.989297326,0.976465518,0.970872587,0.977719232,0.962182754,0.939073263,0.210160808,0.17480385,0.0029845657,0.00191811405,0.0155414304,0.0130657446,0.00206073283,0.00115530902,0.0027368842,0.0025661663,0,0.000710252467,0.000900206386,0.000294207099,0.0014007642,0.000433128549,0.00128521239,0.0018681874,0.00360281221,0.00315305403,0.0029111785,0.00345766924,0.00355872159,0.00377422225,0.00602822164,0.00905299723,0.0116437949,0.0179048061,0.0243615444,0.0162911249,0.0254286273,0.0447068469,0.385477369,0.346921102,13.7208136,9.67875923,9.9637259,10.0672152,12.2798699,18.7163548,18.6533157,17.7801977,17.7510366,15.1974658,11.9042687,14.6482062,14.8465749,13.9309063,12.4631217,10.390179,10.9351292,10.4055541,9.36906002,10.1755915,8.95257372,7.08454258,6.54795534,6.01568986,5.65918527,5.4919757,5.47449372,5.47746397,5.49815976,5.53390487,5.45139552,2.07959724
evaluation/nocturnal-animals_05/i16_vbr_5ms_192k/master.wav,evaluation/nocturnal-animals_05/i16_vbr_5ms_192k/rust.wav,4.166395,0.995820313,0.998946924,0.990406508,0.988592907,0.998978112,0.999674643,0.998782091,0.999130847,0.999454272,0.999513314,0.999547565,0.999590844,0.998761631,0.998550316,0.998589021,0.998270027,0.99653906,0.996120103,0.997269415,0.996652686,0.994974663,0.993806482,0.98261029,0.97429761,0.953490055,0.941267969,0.920878445,0.900913516,0.878256401,0.802808192,0.572215983,0.47188138,0.97949431,0.998011853,0.977417706,0.979339521,0.997704707,0.998503085,0.996717543,0.997495663,0.998409759,0.998615488,0.998562534,0.998645767,0.995205376,0.996714653,0.9965396,0.996703501,0.99425128,0.987180226,0.990401707,0.986245629,0.982054426,0.9850445,0.964846334,0.947217918,0.91327259,0.893290895,0.839768442,0.850805375,0.795937149,0.725709252,0.209635019,0.188809997,0.014049127,0.00114408476,0.0149071745,0.0159202089,0.00303443508,0.000203717933,0.00350053593,0.00312968207,0,0.0015535419,0.00250647165,0.00136095741,0,0.00316262647,0.00220916051,0.00394167558,0.00639078647,0.0123149752,0.00817671837,0.0103321291,0.0141274684,0.0128894429,0.0219051092,0.0443227347,0.0770954845,0.0850938805,0.113029348,0.14623528,0.115631967,0.196421022,0.385918263,0.365503266,14.0030445,9.94942758,10.2259534,10.4000231,12.5547024,18.9831312,18.922864,18.0558423,18.023646,15.467114,12.1951544,14.9296393,15.125367,14.2159842,12.7485159,10.6977229,11.2093057,10.6861876,9.66671261,10.4576977,9.24417701,7.38426523,6.83449927,6.30048645,5.9564516,5.80105231,5.75926019,5.77832995,5.80704996,5.82975961,5.78135861,2.41075688
evaluation/nocturnal-animals_05/i16_vbr_5ms_192k/master.wav,evaluation/nocturnal-animals_05/i16_vbr_5ms_192k/c.wav,4.16651969,0.997390564,0.99910173,0.990511369,0.988677239,0.999071624,0.999613944,0.998860311,0.999266176,0.999572935,0.99956379,0.999675807,0.999632625,0.998815765,0.998590287,0.998609294,0.997930548,0.996784283,0.996499578,0.997313973,0.995589967,0.995580945,0.994299192,0.98138287,0.975906631,0.957872383,0.935808229,0.915631816,0.906595058,0.871067842,0.821081243,0.569131101,0.45997968,0.987913734,0.99861307,0.974445138,0.975202008,0.998466122,0.997967332,0.997452898,0.997925924,0.99909083,0.998585253,0.998964762,0.99902567,0.996441371,0.995988304,0.997162802,0.995726967,0.99342188,0.989828955,0.992234741,0.978427219,0.981093599,0.982952275,0.933961053,0.933211081,0.916150505,0.870278247,0.866748914,0.878294619,0.806873415,0.695157836,0.199191908,0.185284156,0.00549591546,0.00192562293,0.0196186074,0.0182293592,0.00240460564,0.00149517196,0.00300849315,0.00232354187,0,0.000827674953,0.00192733987,0.00108664366,0.00292368974,0.00348204242,0.00334159913,0.00492587757,0.00670353307,0.00769030492,0.00731260245,0.0161768635,0.0162368554,0.0125478911,0.0295696174,0.045733631,0.0683031988,0.0883310265,0.118398839,0.098776088,0.140306116,0.208617568,0.388315477,0.354254208,13.8546857,9.80519007,10.0927436,10.2261819,12.3975215,18.8390217,18.7747509,17.8943206,17.8705713,15.3194113,12.0327159,14.773279,14.970724,14.0553508,12.5887441,10.5415885,11.0657719,10.5303892,9.50459375,10.2928836,9.08768697,7.22021111,6.68151624,6.13541224,5.79152149,5.63224099,5.60125192,5.61511817,5.63556671,5.68313902,5.6088381,2.24349714
evaluation/nocturnal-animals_05/i16_vbr_5ms_256k/master.wav,evaluation/nocturnal-animals_05/i16_vbr_5ms_256k/rust.wav,4.34295087,0.99836385,0.999320758,0.994275787,0.99148971,0.999299434,0.9998002,0.998955629,0.99927441,0.999631772,0.999714649,0.999854845,0.999831508,0.999591377,0.999529275,0.999382441,0.99898476,0.997760877,0.997054574,0.99863587,0.998367059,0.99851011,0.997866618,0.993304173,0.991745822,0.983271409,0.975259112,0.973500786,0.969665747,0.954057243,0.927399524,0.575147709,0.449269126,0.993568306,0.998613771,0.987213126,0.978404698,0.998403439,0.999118754,0.9977869,0.998327533,0.999057316,0.99888223,0.999549601,0.999488604,0.998851251,0.998791043,0.99865271,0.997722144,0.99476492,0.988658538,0.995433622,0.992697525,0.994135545,0.993680936,0.981800887,0.979005169,0.958444068,0.942406146,0.95802559,0.956798105,0.931100028,0.874543946,0.207963982,0.174874692,0.00424770804,0.000775447552,0.00723365286,0.0175636232,0.00242503236,0.000830713647,0.00394669805,0.0031438901,0,0.00146452734,0.00127170199,0.000426646102,0,0.000497826036,0.00158444726,0.00250975366,0.0064708321,0.0111714225,0.00482859404,0.00675800256,0.00600081368,0.0061946178,0.0170372106,0.0160251154,0.0340585693,0.0392504377,0.0333004473,0.0356878866,0.0514528911,0.0954007248,0.384315007,0.350275031,13.7405753,9.69706555,9.96326767,10.0488368,12.3103595,18.7316861,18.6696708,17.7942891,17.7681308,15.2155988,11.9258384,14.6690683,14.8615385,13.9470184,12.4802993,10.4156885,10.9576706,10.4357801,9.40214239,10.1972659,8.98338201,7.10705503,6.56894779,6.03567162,5.67716428,5.51051757,5.48143996,5.49219639,5.5161125,5.57287135,5.49890156,2.10218936
evaluation/nocturnal-animals_05/i16_vbr_5ms_256k/master.wav,evaluation/nocturnal-animals_05/i16_vbr_5ms_256k/c.wav,4.34024756,0.997179728,0.99924513,0.992502964,0.993019472,0.999361749,0.999760895,0.998882323,0.999441545,0.999696899,0.999776275,0.999859633,0.999857298,0.999613105,0.99959008,0.999406523,0.998934071,0.99755495,0.997223187,0.998113969,0.998380554,0.99860913,0.997419246,0.992597737,0.993164242,0.984888309,0.97615344,0.967634892,0.966934885,0.950992862,0.929998434,0.576672538,0.451737427,0.987642455,0.998609752,0.981822562,0.978669936,0.998519075,0.998931607,0.996896028,0.997797668,0.999290823,0.999359096,0.999631585,0.999520407,0.998848117,0.9988558,0.998473324,0.997570713,0.993819398,0.990742495,0.993055752,0.993301616,0.993796709,0.991709869,0.975587962,0.986409937,0.96961264,0.937873655,0.938665716,0.956442548,0.924029456,0.895009749,0.215824913,0.183127479,0.00880509863,0.00151364369,0.0173409392,0.0133985028,0.00224422198,0.000563531925,0.004020026,0.002818674,0,0.000378303458,0.00112885969,0.00102697968,0,0.00108470602,0.00215940186,0.00317691095,0.00720856996,0.00853510994,0.00655074669,0.00651551941,0.00557406993,0.00675161209,0.0137821953,0.0126797285,0.027234093,0.0341744242,0.0452997712,0.0388024454,0.0586611784,0.0822718904,0.384855103,0.348624755,13.8120175,9.77310357,10.082785,10.1680259,12.3765521,18.8034438,18.7408722,17.8660512,17.8333315,15.2814815,11.9875894,14.7277464,14.927064,14.0172922,12.5474464,10.4869816,11.0243504,10.4922814,9.45403903,10.2595328,9.04652558,7.17558474,6.64379098,6.10426426,5.74725777,5.57689673,5.55903103,5.56444327,5.58554717,5.6388609,5.56102084,2.15756094
evaluation/nocturnal-animals_05/i16_vbr_5ms_320k/master.wav,evaluation/nocturnal-animals_05/i16_vbr_5ms_320k/rust.wav,4.40027228,0.998728065,0.999462601,0.99459911,0.992791485,0.999464604,0.999864053,0.999500787,0.999705354,0.999835764,0.999901272,0.9999335,0.99992003,0.999783395,0.999749217,0.999719563,0.999644122,0.999344953,0.999116734,0.999439116,0.999124327,0.999202781,0.998822067,0.997160986,0.996499452,0.993021152,0.988428105,0.985947493,0.985209483,0.981048245,0.972094554,0.576675047,0.449419469,0.994696643,0.999013185,0.987043537,0.98513051,0.998744207,0.999328491,0.998895007,0.999327345,0.999714871,0.999757178,0.999818641,0.999757704,0.999462829,0.999425813,0.999160941,0.999000433,0.998090837,0.996412761,0.998278397,0.996480927,0.99759279,0.99622881,0.994315185,0.991984865,0.987205688,0.971184259,0.976849186,0.974395238,0.965635749,0.954352815,0.207636069,0.172391321,0,0.00128857907,0.0117157802,0.0124783272,0.0020342013,0.000798358399,0.00160049208,0.00174518323,0,0.000744623698,0.000885839765,0.00070890463,0.000458324065,0,0.00088817885,0.00183185709,0.00261455852,0.0048061548,0.00311588757,0.00421338311,0.00357463053,0.00389801556,0,0.00622690157,0.0128738504,0.0213797141,0.0246943685,0.0197206724,0.0238648599,0.0381600792,0.387365425,0.34887982,13.747753,9.69066043,9.98382597,10.0467504,12.278501,18.7265207,18.6646147,17.7936725,17.7643118,15.2069654,11.9179336,14.6606593,14.8606786,13.9403069,12.4748573,10.4050422,10.9484917,10.4154263,9.38279076,10.1833161,8.97659173,7.09912706,6.56300168,6.02272146,5.66639416,5.50153485,5.48550111,5.49197498,5.51476413,5.56768411,5.48279683,2.0871489
evaluation/nocturnal-animals_05/i16_vbr_5ms_320k/master.wav,evaluation/nocturnal-animals_05/i16_vbr_5ms_320k/c.wav,4.3997121,0.998246429,0.999426725,0.993428724,0.993385121,0.999491398,0.999699678,0.999446423,0.999615086,0.999839815,0.999870093,0.999922059,0.999933853,0.999801805,0.99974387,0.999677741,0.999592562,0.99922258,0.999106437,0.999446539,0.999237692,0.999160732,0.998679233,0.996875394,0.996398449,0.993230914,0.988720153,0.984939759,0.986208711,0.97992741,0.970543625,0.575859913,0.452698589,0.993691234,0.998923521,0.984255578,0.984737164,0.998802422,0.99812075,0.998830869,0.998665626,0.999750922,0.99957736,0.999803315,0.999840711,0.99951076,0.999370305,0.998979504,0.999028969,0.997877646,0.996613891,0.998311225,0.996971805,0.996858112,0.996115846,0.986627919,0.99283614,0.98801249,0.97096751,0.965793145,0.977883667,0.970605961,0.949255998,0.205850724,0.171137483,0.00417262718,0.00172405239,0.0147983879,0.0139820138,0.00215220974,0.00157058833,0.00263438547,0.00247544622,0,0.000795479806,0.000974155756,0.000484122087,0,0.00120496297,0.0012311904,0.00152830446,0.00265665432,0.00441264303,0.00294553106,0.00344595615,0.00318225211,0.00582308658,0.00657149069,0.00768978708,0.0127721241,0.0213387346,0.0320875469,0.0164863356,0.0246316619,0.0370707535,0.385706298,0.353073599,13.8450925,9.79127768,10.0823239,10.2046373,12.4039337,18.8413278,18.7792991,17.905926,17.8783812,15.3237232,12.029755,14.7723965,14.9714277,14.0590936,12.592793,10.5188117,11.0577638,10.527746,9.49175911,10.2998102,9.08123354,7.20992928,6.67556242,6.13966994,5.78051694,5.61637017,5.59937549,5.60364605,5.6262614,5.66489947,5.58392042,2.21543301
evaluation/nocturnal-animals_05/i24_cbr_5ms_192k/master.wav,evaluation/nocturnal-animals_05/i24_cbr_5ms_192k/rust.wav,4.15356536,0.99652631,0.998988911,0.988399569,0.986040823,0.99886455,0.999689655,0.998808746,0.999028125,0.999413439,0.99952059,0.999699962,0.999629907,0.998733796,0.998760096,0.998585985,0.997917973,0.996570626,0.994685502,0.997102843,0.995045815,0.993034775,0.992594456,0.98008808,0.974040841,0.954485418,0.941206933,0.924478415,0.899774269,0.857380451,0.801595031,0.574865084,0.46002607,0.981165684,0.998198654,0.964198753,0.96549315,0.997350584,0.998994408,0.996865201,0.996663678,0.998538109,0.998699203,0.999178709,0.999099121,0.996128599,0.996775988,0.996906786,0.994784798,0.991260622,0.971916288,0.990865697,0.976779827,0.974854752,0.976802632,0.961285244,0.952928557,0.914606098,0.890639385,0.880090285,0.839369029,0.716331669,0.737066844,0.204537845,0.173189155,0.011142125,0.00249387743,0.0227865899,0.0258616391,0.00372247214,0.00106459532,0.00423180394,0.00419184354,0,0.00129685773,0.00180276773,0.000909825311,0.00200669968,0.00270178522,0.00317429566,0.00561532195,0.00631810517,0.0304889136,0.00895681501,0.0188680099,0.0219077515,0.0156928968,0.027410896,0.0363405913,0.0622998864,0.0742104961,0.0927195016,0.13870572,0.153392434,0.191932692,0.391425996,0.361800406,13.8606075,9.82114878,10.1169216,10.2390092,12.4486701,18.8814865,18.8209159,17.9210311,17.8620745,15.3272968,12.0529911,14.7726054,14.9667518,14.0848697,12.607356,10.5694288,11.0790968,10.5432545,9.52523387,10.3105363,9.10087464,7.25559618,6.71292023,6.16729803,5.82374028,5.66933112,5.62583992,5.634655,5.65626122,5.6895813,5.63704142,2.25012472
evaluation/nocturnal-animals_05/i24_cbr_5ms_192k/master.wav,evaluation/nocturnal-animals_05/i24_cbr_5ms_192k/c.wav,4.15592979,0.996531949,0.998913963,0.991210126,0.989990055,0.998979973,0.999754862,0.998826654,0.999312061,0.999558124,0.999653364,0.999740348,0.999590474,0.99877311,0.99859725,0.998113886,0.997562575,0.995752286,0.995425017,0.997401331,0.996210498,0.995753133,0.994742332,0.981718921,0.974002722,0.958982482,0.937229288,0.916017904,0.907161395,0.868878154,0.789628095,0.567572739,0.475278359,0.982565753,0.998423904,0.980940042,0.979853862,0.998021611,0.999110431,0.997096015,0.998771443,0.998947539,0.998785925,0.999393058,0.998385431,0.996567958,0.995885648,0.993999699,0.994629634,0.988186835,0.98001105,0.993208499,0.983119326,0.979920513,0.985252496,0.939978915,0.947937151,0.915539629,0.866203355,0.869183676,0.872888561,0.773185933,0.651625927,0.183950184,0.181050561,0.0121941052,0.00225386457,0.0164933702,0.0147943552,0.00293810129,0,0.00227330191,0.00194035402,0,0,0.00153308399,0.00194453031,0.00239228582,0.00236662255,0.00504417024,0.00588094872,0.0125417249,0.0159474726,0.00714389618,0.0105885831,0.0186196538,0.0104930765,0.0388033191,0.0473772554,0.0668167391,0.0963865385,0.123036382,0.108285511,0.14543521,0.237483876,0.387638121,0.364033136,14.098154,10.0622692,10.3558315,10.4610065,12.6597209,19.0922436,19.0287662,18.1521819,18.1226505,15.5724944,12.2866232,15.0189324,15.2267148,14.320534,12.8459695,10.7851754,11.3178014,10.7907505,9.76968388,10.5536483,9.34682592,7.47086656,6.94153509,6.39612185,6.04901298,5.88244957,5.85206232,5.86687373,5.8895966,5.94214353,5.86242618,2.50778014
evaluation/nocturnal-animals_05/i24_cbr_5ms_256k/master.wav,evaluation/nocturnal-animals_05/i24_cbr_5ms_256k/rust.wav,4.34617507,0.997605905,0.999218414,0.99392477,0.99053077,0.999239831,0.999818525,0.998982356,0.999482548,0.999663894,0.999746136,0.999834228,0.999853014,0.999622757,0.999627768,0.999454011,0.999143382,0.997951077,0.997827577,0.998404691,0.998104908,0.998429388,0.99817843,0.993939338,0.992237278,0.985455493,0.978653545,0.971287122,0.968150278,0.954281354,0.9295987,0.574986403,0.457614614,0.987789575,0.998830607,0.986880796,0.980164589,0.998449652,0.999133152,0.996713737,0.998840483,0.999018153,0.998880404,0.999333408,0.999672351,0.998749727,0.999010828,0.999000502,0.998424367,0.992967432,0.994374356,0.995555125,0.990150363,0.994814787,0.9957761,0.988466162,0.982145951,0.961484554,0.937589631,0.951701889,0.955725796,0.934961561,0.891710291,0.209009084,0.163106757,0.0073976931,0,0.00787882804,0.0184041904,0.00272979549,0.00095098339,0.00396973711,0.00238403091,0,0.00127290611,0.00133153409,0.00040775781,0,0,0.00185347176,0.00228188371,0.009036921,0.00611327143,0.00595925671,0.00898696989,0.00499031303,0.00380532529,0.00864886666,0.0183264241,0.031416306,0.0374412465,0.0445378617,0.0408094118,0.0596899982,0.0879131884,0.385763992,0.355797998,13.8779334,9.84401072,10.1218729,10.2022722,12.4407734,18.8713615,18.8077944,17.9337857,17.9046662,15.3508258,12.0618417,14.8091772,15.0051133,14.0883481,12.6221383,10.5514537,11.101503,10.5725752,9.53470494,10.3347614,9.12375942,7.25075627,6.71118664,6.18067263,5.81289533,5.64416982,5.633756,5.6338389,5.65788096,5.71308877,5.63874787,2.24061773
evaluation/nocturnal-animals_05/i24_cbr_5ms_256k/master.wav,evaluation/nocturnal-animals_05/i24_cbr_5ms_256k/c.wav,4.34455174,0.9973598,0.999054835,0.992329293,0.991614611,0.999323649,0.999759068,0.998922825,0.999406744,0.99973727,0.999774454,0.999851545,0.999861786,0.99955598,0.999598409,0.999405098,0.998815615,0.997844868,0.998167176,0.998398211,0.998351972,0.998449323,0.997542663,0.993741173,0.992371939,0.984264371,0.97798315,0.969789839,0.968570404,0.95279792,0.935031797,0.575900434,0.447978841,0.987544107,0.998056361,0.984768698,0.978738841,0.998584909,0.998614511,0.997030349,0.997627234,0.999557405,0.999338895,0.999682548,0.999432144,0.997794622,0.998994218,0.998640379,0.996562967,0.995624306,0.99668365,0.994924003,0.993079785,0.994961183,0.993044791,0.984908627,0.980213657,0.960340715,0.939365277,0.954690544,0.95266824,0.929853864,0.902780346,0.215414083,0.180224352,0.00598038985,0.00073829821,0.013211044,0.0173124251,0.00264779228,0.00154631172,0.00404661777,0.00309128795,0,0,0.00105965935,0.000752790299,0.00164051138,0.00122975009,0.00215838433,0.0040657889,0.00483346411,0.00347210457,0.0055948629,0.00664068538,0.00543443598,0.00761771667,0.0108451799,0.013412282,0.0318023956,0.0374013507,0.0431934334,0.0363581772,0.0562295685,0.0785419524,0.384616816,0.349207157,13.8189909,9.77447973,10.0955208,10.1850614,12.3652681,18.8016146,18.7378386,17.8705558,17.83694,15.2831422,11.9912923,14.7350386,14.9347675,14.0212888,12.5527075,10.4878726,11.0234807,10.4883792,9.45821395,10.2566816,9.04596541,7.17890221,6.64521851,6.10276276,5.74710975,5.57294156,5.55402238,5.56546803,5.59108317,5.63389265,5.54835389,2.16369339
evaluation/nocturnal-animals_05/i24_cbr_5ms_320k/master.wav,evaluation/nocturnal-animals_05/i24_cbr_5ms_320k/rust.wav,4.40223704,0.998472643,0.999437329,0.993548944,0.992615979,0.999516637,0.999771236,0.999431334,0.999710411,0.999844658,0.999873439,0.999921044,0.99991953,0.999793229,0.999779248,0.999739134,0.999665034,0.999408365,0.999210903,0.999387208,0.999167908,0.999106984,0.998649618,0.996735149,0.996177943,0.992243145,0.989463687,0.987671225,0.985355324,0.980915843,0.971855537,0.577980841,0.452199251,0.993908435,0.998930961,0.982974652,0.981387263,0.999141714,0.998233998,0.998818215,0.999206865,0.99966572,0.999670398,0.999754366,0.999714548,0.99959055,0.999479288,0.999357238,0.999216064,0.998917153,0.997900701,0.997595543,0.996450947,0.996733453,0.996308107,0.99072233,0.990802694,0.985173723,0.978816693,0.980485727,0.974871923,0.963114095,0.957415349,0.206358329,0.17739913,0.00374173631,0.00176584556,0.0103464558,0.0118981337,0.00077013532,0.00211381481,0.00243633646,0.00184679715,0,0.00107305209,0.00100439665,0.000647485874,0,0,0.000353122926,0.00131178171,0.00228149096,0.00330435992,0.00331476242,0.00410117632,0.0036231183,0.00496940236,0.00421959753,0.00632664649,0.0133581575,0.0170646402,0.0165842515,0.018171786,0.0251635655,0.0374661262,0.385727379,0.346483922,13.760772,9.70881607,9.98732939,10.0685043,12.2950064,18.7357001,18.6738059,17.8057326,17.7770567,15.2200488,11.9345262,14.6755532,14.8731875,13.9554673,12.4893749,10.414042,10.9627511,10.4304184,9.39872396,10.1944963,8.98302892,7.10300678,6.57840588,6.03586649,5.67958312,5.51446417,5.4928716,5.50357337,5.51968892,5.57212035,5.49234841,2.09252057
evaluation/nocturnal-animals_05/i24_cbr_5ms_320k/master.wav,evaluation/nocturnal-animals_05/i24_cbr_5ms_320k/c.wav,4.39805183,0.998179111,0.999395825,0.993581917,0.99370433,0.999505085,0.999738576,0.999354859,0.999580637,0.99979259,0.999870606,0.999908758,0.999938103,0.999753566,0.999742524,0.999721696,0.999604684,0.999302562,0.999203385,0.999459498,0.999275294,0.999103883,0.998742993,0.997036302,0.995800691,0.993874203,0.988465301,0.986050451,0.985209166,0.979868787,0.968771587,0.575354692,0.449965594,0.992996019,0.998821714,0.981275687,0.980849695,0.998982232,0.998288082,0.998176912,0.998442468,0.99938777,0.999631164,0.99969306,0.999836156,0.999194996,0.99948286,0.999181798,0.999232671,0.998601174,0.998040421,0.998206613,0.997136758,0.994888671,0.995488299,0.990568539,0.990755215,0.988443316,0.97532726,0.975520467,0.974606162,0.96905028,0.944725572,0.205392014,0.165957629,0.00591282432,0.00168935356,0.0169589189,0.0129383787,0.0018112211,0.00148979083,0.00302064532,0.00261128537,0,0.000736680838,0.00109322303,0.000496793975,0,0,0.000960121926,0.0011705246,0.00215948887,0.00291679719,0.00294182853,0.00381990434,0.00377771028,0.00422991053,0.00389984445,0.0108349845,0.0120022489,0.0240166078,0.0236373247,0.0196073038,0.0219464118,0.0393165061,0.387479447,0.351267246,13.7999167,9.75157369,10.0420086,10.12778,12.3549078,18.7959439,18.7349781,17.8612646,17.8360933,15.2809326,11.9857204,14.7314267,14.9304207,14.0158405,12.5470826,10.4738631,11.0175614,10.4879621,9.45210936,10.258003,9.03848034,7.16753173,6.63049477,6.10037008,5.737027,5.57664251,5.55788272,5.56240304,5.58420537,5.62182502,5.53839497,2.16843887
evaluation/nocturnal-animals_05/i24_vbr_5ms_192k/master.wav,evaluation/nocturnal-animals_05/i24_vbr_5ms_192k/rust.wav,4.16665163,0.997156833,0.998974105,0.989859418,0.988168234,0.999031095,0.999675433,0.998678893,0.999072137,0.999503468,0.999556183,0.999635867,0.999580841,0.998588537,0.998764357,0.99882364,0.99808969,0.996464055,0.995745161,0.99705652,0.996452886,0.994745758,0.993114595,0.982107858,0.975419455,0.956886318,0.941809355,0.921455815,0.903081665,0.872720984,0.810504223,0.572607056,0.459882802,0.985337735,0.998346067,0.978598362,0.977653776,0.997899797,0.998475792,0.997523028,0.997028979,0.998550742,0.998634322,0.999168491,0.998730112,0.995964771,0.996496449,0.997366462,0.994722467,0.99320709,0.984759644,0.990482729,0.98508772,0.976820553,0.981656313,0.963696748,0.955115743,0.925147736,0.888391035,0.840635605,0.856611995,0.814523518,0.746026112,0.207974169,0.18543816,0.00689860902,0.00128457367,0.0180149725,0.0198093242,0.0029315133,0,0.00380047546,0.00374309304,0,0,0.00168887908,0.00155161769,0.00247989001,0.00267017714,0.00234371753,0.0073185706,0.00864049891,0.0136717658,0.00813172274,0.0105580193,0.0159067268,0.0153456035,0.0227847716,0.0391127291,0.0671145452,0.078848415,0.114781163,0.130361375,0.125008256,0.198308985,0.387261569,0.358121105,13.848559,9.81352741,10.0874495,10.2422938,12.4173607,18.8404244,18.7781233,17.9066626,17.8759949,15.3201705,12.047384,14.7846442,14.9848372,14.0726405,12.6080822,10.5558755,11.0681602,10.5340603,9.51401114,10.3119898,9.09803323,7.23981583,6.68456954,6.14882906,5.81538974,5.65973752,5.60604888,5.62254659,5.65419595,5.68648091,5.63761624,2.26381606
evaluation/nocturnal-animals_05/i24_vbr_5ms_192k/master.wav,evaluation/nocturnal-animals_05/i24_vbr_5ms_192k/c.wav,4.17146193,0.996925087,0.999041709,0.987814498,0.986250224,0.998980524,0.999664829,0.998835851,0.999282031,0.999564019,0.999561271,0.999656682,0.999652437,0.998845253,0.998664758,0.998459505,0.997817457,0.996619542,0.995484541,0.997177365,0.99599246,0.995411128,0.99512682,0.982294738,0.97667817,0.961265071,0.942944092,0.92504151,0.909838727,0.873864025,0.808751095,0.565640907,0.460818536,0.982100022,0.998618931,0.970479069,0.968838034,0.99812444,0.998536407,0.997869657,0.998127813,0.999130639,0.998546068,0.998771016,0.999115141,0.996795453,0.996280392,0.996476691,0.994435211,0.992874063,0.9783333,0.991917817,0.982630275,0.976687438,0.987999361,0.934306821,0.937572289,0.92607401,0.894704007,0.878805984,0.884584027,0.791276144,0.695759986,0.185410605,0.175596102,0.00917058902,0.00191438555,0.0260602805,0.024257976,0.00307441614,0,0.00279512698,0.00188984133,0,0.000799445647,0.00193343803,0.001126942,0.00272574266,0.0031379782,0.00313802634,0.00588950328,0.00878713899,0.019715784,0.00838919688,0.0133918139,0.0231605573,0.00998678239,0.0340688925,0.0439150843,0.0629629707,0.0718231099,0.101468488,0.0951607383,0.137085365,0.229261345,0.391555614,0.354864663,13.8217638,9.80393884,10.0968718,10.2050661,12.3855655,18.8173835,18.7554364,17.881621,17.8532076,15.3029466,12.0169848,14.7486546,14.9471743,14.033072,12.5772427,10.5085923,11.0351803,10.5110462,9.4836228,10.2686863,9.07320255,7.20204493,6.66330097,6.11237778,5.77520905,5.60112325,5.58362021,5.59530501,5.61370306,5.67434678,5.59196543,2.22411087
evaluation/nocturnal-animals_05/i24_vbr_5ms_256k/master.wav,evaluation/nocturnal-animals_05/i24_vbr_5ms_256k/rust.wav,4.34440235,0.997706609,0.999262567,0.994176712,0.992126841,0.999327778,0.999794259,0.998839701,0.99927812,0.99964936,0.999736617,0.999841252,0.999852559,0.999615979,0.999542978,0.999350058,0.999038756,0.997627685,0.997186286,0.998643013,0.998281226,0.998441477,0.998045299,0.993866204,0.991753314,0.983724629,0.975756077,0.970020157,0.970108893,0.956472301,0.928541745,0.575640992,0.451279168,0.987925625,0.998280571,0.984758112,0.98280236,0.998217966,0.99911192,0.996512957,0.998477205,0.999132007,0.998994163,0.999592917,0.999579382,0.998689568,0.998685663,0.998816155,0.997896342,0.995113384,0.990259058,0.99572403,0.991367926,0.994733997,0.99465918,0.982855124,0.980493836,0.958237569,0.940384021,0.947475343,0.951897649,0.928021722,0.870171328,0.21027376,0.18002181,0.0113501198,0.00174486541,0.00793618962,0.0146058112,0.00251170258,0.000912012623,0.00383389431,0.0032406392,0,0.00146853313,0.00123030154,9.75667728e-05,0,0,0.00180569807,0.00217085321,0.00656947965,0.00992864488,0.00480347758,0.00747592285,0.00600879137,0.00511273652,0.01097779,0.0161183325,0.0297324809,0.0378248576,0.0429340474,0.0341991349,0.0510315053,0.100279355,0.385558516,0.350598876,13.7391619,9.69792438,9.98223713,10.0647307,12.3004055,18.7300681,18.6682687,17.793018,17.7652794,15.2128033,11.9194117,14.6678152,14.8589161,13.9424334,12.471545,10.4112234,10.9536934,10.4299433,9.39799508,10.1945049,8.98100394,7.10761105,6.57089869,6.03446647,5.67129336,5.50980889,5.48687053,5.49184971,5.51041667,5.57449596,5.49853725,2.10331586
evaluation/nocturnal-animals_05/i24_vbr_5ms_256k/master.wav,evaluation/nocturnal-animals_05/i24_vbr_5ms_256k/c.wav,4.34266689,0.996000662,0.999175912,0.991841257,0.99241993,0.999407356,0.999732864,0.99883935,0.999438568,0.999709429,0.999749973,0.999853468,0.999835829,0.999633631,0.999640543,0.99941806,0.998972129,0.998049615,0.997759006,0.998327566,0.9986237,0.998779939,0.997675635,0.993181284,0.992526091,0.985082476,0.978912771,0.971204003,0.966917915,0.951414387,0.930543565,0.577835956,0.447363802,0.972780524,0.998599336,0.979707322,0.978107937,0.999052987,0.998708831,0.995571095,0.997473446,0.999373031,0.99914233,0.999676925,0.999427098,0.998842185,0.999100137,0.998227603,0.997358514,0.996316286,0.993579927,0.993504721,0.995052884,0.995682415,0.993392706,0.97654857,0.980369509,0.966915242,0.932233062,0.953993147,0.950660246,0.92185681,0.89033675,0.215596421,0.185582325,0.0188661955,0.0010291949,0.020000057,0.0138631255,0.00185459625,0.000371045573,0.00456688346,0.0031310738,0,0,0.00100185898,0.000865109143,0,0.00118640905,0.00267551156,0.0033625265,0.00353931326,0.00621190117,0.0061829353,0.00568235956,0.00467422809,0.00613055386,0.0128574395,0.0131133285,0.027262467,0.0350025726,0.0384979748,0.0358862378,0.0642965447,0.0884559088,0.384676669,0.347955941,13.7656444,9.71861276,10.0299982,10.1260718,12.328298,18.7496611,18.6877834,17.8201997,17.7873119,15.2344845,11.9393207,14.6807043,14.8789586,13.9664361,12.4982115,10.4376246,10.9717672,10.442407,9.40537273,10.2070626,8.99444975,7.12602439,6.5935329,6.05200106,5.69507456,5.52107474,5.50743927,5.51121589,5.54003223,5.58431967,5.50861838,2.11199545
evaluation/nocturnal-animals_05/i24_vbr_5ms_320k/master.wav,evaluation/nocturnal-animals_05/i24_vbr_5ms_320k/rust.wav,4.39998789,0.998508444,0.99945722,0.994451048,0.993395072,0.999501288,0.999879024,0.999447598,0.999695184,0.999835775,0.99988997,0.999936865,0.999929231,0.999785652,0.999746773,0.99972602,0.999649488,0.999323679,0.998976408,0.99929134,0.999006837,0.99918466,0.998886641,0.997215789,0.996325815,0.992919789,0.987643865,0.986196283,0.985545085,0.97966038,0.971247689,0.576485691,0.453317563,0.991255022,0.999101225,0.983642998,0.988790234,0.998905951,0.999410562,0.998828982,0.999293924,0.999697153,0.999691073,0.999860005,0.999769354,0.999529626,0.999548054,0.999235935,0.9990384,0.998524945,0.995451554,0.997001737,0.995945299,0.997358971,0.997162322,0.993788702,0.992240408,0.987691909,0.963016018,0.97440002,0.978529335,0.970491769,0.955221145,0.206899399,0.168208177,0,0.000378999653,0.0106403947,0.0109308701,0.00173913028,0.000690545347,0.00228344844,0.00171465843,0,0.000994979663,0.000857555985,0.000690372444,0.000474173928,0.000767097934,0.00089071607,0.00164839994,0.00260151822,0.00602143402,0.00384779712,0.00481546914,0.00376033442,0.00349130941,0,0.00740422274,0.0127499556,0.0246167847,0.0196014306,0.0172965477,0.0242379033,0.035396184,0.386190691,0.350193814,13.7903601,9.73036868,10.0155031,10.0823445,12.3234383,18.7698913,18.7079613,17.8360901,17.8066121,15.2471894,11.9615413,14.7067352,14.9037636,13.9844691,12.5193197,10.4458847,10.99411,10.4580807,9.42599126,10.2235181,9.015729,7.13808315,6.60291366,6.06548558,5.70818292,5.54341335,5.53036458,5.53430428,5.55159326,5.60509918,5.52549534,2.12873404
evaluation/nocturnal-animals_05/i24_vbr_5ms_320k/master.wav,evaluation/nocturnal-animals_05/i24_vbr_5ms_320k/c.wav,4.39325495,0.99833419,0.999461981,0.994109213,0.994182663,0.999473554,0.999653618,0.999370137,0.99961726,0.999821218,0.999869694,0.999923584,0.999939304,0.999790349,0.999756642,0.999728102,0.999623715,0.999383271,0.999295112,0.999457281,0.999228438,0.999206725,0.999046122,0.997218914,0.995954934,0.992477615,0.986587914,0.983309106,0.985299919,0.977564467,0.968234976,0.575814791,0.445213108,0.992826159,0.998861878,0.986353799,0.982658167,0.998562331,0.997542664,0.998454017,0.998428894,0.999620087,0.999554588,0.999806576,0.999863949,0.99942957,0.999537993,0.999416585,0.999117285,0.99886898,0.998314578,0.998231524,0.997579368,0.99706538,0.997131158,0.990308501,0.990120767,0.983487824,0.965401264,0.961567967,0.971198217,0.967598154,0.951278117,0.207391574,0.170779813,0.00395852545,0.00169681987,0.0133218662,0.0122297269,0.00230118129,0.00237581897,0.00292921509,0.00257908607,0,0.000781647589,0.000947853683,0.000431586481,0,0.000892913929,0.000988557683,0.00121931325,0.00162983935,0.00259624252,0.00288834448,0.00370019022,0.00276700659,0.00317362541,0.00366810791,0.0107985801,0.015847319,0.0265790365,0.034167686,0.0202893135,0.028543189,0.0387551279,0.385490112,0.347364282,13.7146649,9.6620924,9.95890966,10.0449497,12.2716505,18.7101013,18.6488798,17.7756391,17.7475088,15.1924651,11.9006856,14.6446951,14.8433111,13.9294263,12.4621418,10.3873378,10.9297804,10.4024423,9.36661915,10.1715887,8.9520522,7.07869596,6.54308697,6.0098825,5.6518379,5.48799605,5.47397034,5.47624995,5.49352449,5.53081262,5.45288714,2.0826512
